{
"type": "FeatureCollection",
"name": "class_airspace_seattle",
"crs": { "type": "name", "properties": { "name": "urn:ogc:def:crs:OGC:1.3:CRS84" } },
"features": [
{ "type": "Feature", "properties": { "OBJECTID": 312, "GLOBAL_ID": "BD279483-3A64-4069-B2BE-9FC087965DDB", "IDENT": "SEA", "ICAO_ID": "KSEA", "NAME": "SEATTLE CLASS B", "UPPER_DESC": "TI", "UPPER_VAL": 10000, "UPPER_UOM": "FT", "UPPER_CODE": "MSL", "LOWER_DESC": null, "LOWER_VAL": 3000, "LOWER_UOM": "FT", "LOWER_CODE": "MSL", "TYPE_CODE": "CLASS", "LOCAL_TYPE": "CLASS_B", "CLASS": "B", "MIL_CODE": "CIV", "COMM_NAME": null, "LEVEL_": "L", "SECTOR": "AREA H", "ONSHORE": "1", "EXCLUSION": "0", "WKHR_CODE": "H24", "WKHR_RMK": null, "DST": null, "GMTOFFSET": null, "CONT_AGENT": null, "CITY": "SEATTLE", "STATE": "WA", "COUNTRY": "", "ADHP_ID": "5338FBAA-B183-4BC0-B3F1-27ABF6D1AD7C", "US_HIGH": 0, "AK_HIGH": 0, "AK_LOW": 1, "US_LOW": 1, "US_AREA": 0, "PACIFIC": 1, "Shape__Area": 0.23205141656490014, "Shape__Length": 1.900475216860904 }, "geometry": { "type": "Polygon", "coordinates": [ [ [ -122.410614274631996, 47.6369702439953, 0.0 ], [ -122.414337153885, 47.6397326596475, 0.0 ], [ -122.417091836777004, 47.641492363760001, 0.0 ], [ -122.418848915986999, 47.642614700882902, 0.0 ], [ -122.418850220799996, 47.643235854198899, 0.0 ], [ -122.418857434518003, 47.646690149047899, 0.0 ], [ -122.418924444078002, 47.648698051370403, 0.0 ], [ -122.420864258560997, 47.651371414274003, 0.0 ], [ -122.422651215775005, 47.653832690545897, 0.0 ], [ -122.422829743535999, 47.654078757080697, 0.0 ], [ -122.424946392066005, 47.656421610220697, 0.0 ], [ -122.428768718916004, 47.658522807862497, 0.0 ], [ -122.433124772433999, 47.660132560950302, 0.0 ], [ -122.436999545838006, 47.661764921180399, 0.0 ], [ -122.437008780015006, 47.662377975276698, 0.0 ], [ -122.430713519969004, 47.663880749125497, 0.0 ], [ -122.429708430945993, 47.665071519416102, 0.0 ], [ -122.426764560661994, 47.668558879438699, 0.0 ], [ -122.424588959077994, 47.669634792244899, 0.0 ], [ -122.417383812107005, 47.673197389085303, 0.0 ], [ -122.415457231448002, 47.6765170502103, 0.0 ], [ -122.415217578249994, 47.676930232022102, 0.0 ], [ -122.414041390077998, 47.679440420038397, 0.0 ], [ -122.411086727748994, 47.680835047924397, 0.0 ], [ -122.409573553035003, 47.6815490484694, 0.0 ], [ -122.408802634145005, 47.683107901676998, 0.0 ], [ -122.407011976684998, 47.686729840001597, 0.0 ], [ -122.405728796736, 47.686731569206898, 0.0 ], [ -122.406430429405006, 47.690390371655397, 0.0 ], [ -122.406502481101995, 47.690523480419102, 0.0 ], [ -122.408071101820994, 47.693437570755897, 0.0 ], [ -122.407755756209994, 47.695059698161401, 0.0 ], [ -122.406869137954004, 47.6973999469989, 0.0 ], [ -122.406576339634995, 47.697991687083103, 0.0 ], [ -122.402856168504002, 47.699567046044798, 0.0 ], [ -122.399759944869999, 47.700877963003798, 0.0 ], [ -122.397995385868995, 47.700569681091402, 0.0 ], [ -122.392645587863996, 47.702811349743101, 0.0 ], [ -122.391381398422993, 47.703340929884902, 0.0 ], [ -122.387721094303004, 47.704874298135501, 0.0 ], [ -122.386738153357001, 47.705353890028597, 0.0 ], [ -122.384689213111997, 47.707274266432698, 0.0 ], [ -122.383717269208006, 47.708805121715599, 0.0 ], [ -122.383318581289004, 47.709433158105902, 0.0 ], [ -122.381140313135006, 47.708915286666503, 0.0 ], [ -122.380831234504996, 47.711017737611598, 0.0 ], [ -122.380386622537998, 47.712424178844302, 0.0 ], [ -122.379318367460002, 47.713832309509897, 0.0 ], [ -122.377474953668994, 47.716091788470202, 0.0 ], [ -122.376648642635004, 47.719732651630302, 0.0 ], [ -122.376399567403993, 47.723349759560101, 0.0 ], [ -122.37423048011, 47.726940983138697, 0.0 ], [ -122.374229139782997, 47.7296514100995, 0.0 ], [ -122.374228250025993, 47.730545580004197, 0.0 ], [ -122.374484036262004, 47.731546477485097, 0.0 ], [ -122.375036863133005, 47.733071541473699, 0.0 ], [ -122.375508437872995, 47.734169346552299, 0.0 ], [ -122.374616647522998, 47.734164948729699, 0.0 ], [ -122.374367042751004, 47.734194282044903, 0.0 ], [ -122.362280318949004, 47.734148807735203, 0.0 ], [ -122.362153266372999, 47.734147684406302, 0.0 ], [ -122.362103974733003, 47.7341473157799, 0.0 ], [ -122.360933152761007, 47.734139180930299, 0.0 ], [ -122.359168081690996, 47.734137272552701, 0.0 ], [ -122.355571286108002, 47.734130319171797, 0.0 ], [ -122.353713417544995, 47.734134449843303, 0.0 ], [ -122.352679983605, 47.734133481252996, 0.0 ], [ -122.351772474322004, 47.734129717505603, 0.0 ], [ -122.350505860658998, 47.734129517306201, 0.0 ], [ -122.347801429195002, 47.734129044797598, 0.0 ], [ -122.346298564289, 47.734128682126901, 0.0 ], [ -122.345096988831997, 47.734128415485401, 0.0 ], [ -122.344004168808993, 47.734129273296602, 0.0 ], [ -122.343423978296002, 47.734129759530099, 0.0 ], [ -122.342392124612005, 47.734130562474903, 0.0 ], [ -122.341335377028003, 47.734131343520801, 0.0 ], [ -122.341032578476003, 47.734131575182502, 0.0 ], [ -122.340742480068997, 47.734131811152501, 0.0 ], [ -122.339686751296, 47.734132563460697, 0.0 ], [ -122.338630006076997, 47.734133403781797, 0.0 ], [ -122.338074705531, 47.734133960383403, 0.0 ], [ -122.336981373967006, 47.734134584705203, 0.0 ], [ -122.335924626223004, 47.734135315627398, 0.0 ], [ -122.335332241727002, 47.734135748387096, 0.0 ], [ -122.334276002680994, 47.734136541706597, 0.0 ], [ -122.333028431355004, 47.734126903111502, 0.0 ], [ -122.331577598191004, 47.7341157236771, 0.0 ], [ -122.330228901094998, 47.734105324182501, 0.0 ], [ -122.328879698354001, 47.734094919597602, 0.0 ], [ -122.326061875901004, 47.734073048013201, 0.0 ], [ -122.325595876025005, 47.7340692070808, 0.0 ], [ -122.324853445371005, 47.734063752730002, 0.0 ], [ -122.324443328624994, 47.734060543086997, 0.0 ], [ -122.323483400163994, 47.734052953660097, 0.0 ], [ -122.322996046176996, 47.734048436163199, 0.0 ], [ -122.322217489425995, 47.7340411205546, 0.0 ], [ -122.321104535892999, 47.734030623586399, 0.0 ], [ -122.320799812177995, 47.734027755633299, 0.0 ], [ -122.318116057669997, 47.734002484021197, 0.0 ], [ -122.315432336550003, 47.733977131996099, 0.0 ], [ -122.313580337226, 47.733959605145003, 0.0 ], [ -122.312748793794995, 47.733951739864203, 0.0 ], [ -122.312708085755006, 47.733951268095197, 0.0 ], [ -122.312640512689995, 47.733950503542403, 0.0 ], [ -122.310060567736002, 47.733921363303502, 0.0 ], [ -122.308695429831999, 47.733905919139403, 0.0 ], [ -122.307358302661001, 47.733890775827497, 0.0 ], [ -122.306150917574996, 47.7338770885464, 0.0 ], [ -122.305993210240999, 47.733875302976799, 0.0 ], [ -122.304912577243002, 47.733863041218001, 0.0 ], [ -122.303611737447994, 47.7338482632695, 0.0 ], [ -122.301940127489999, 47.733829255612903, 0.0 ], [ -122.300584856761006, 47.733818409058301, 0.0 ], [ -122.299231731660996, 47.733807556799199, 0.0 ], [ -122.299229136071006, 47.733807535318498, 0.0 ], [ -122.296518728715, 47.733785760006597, 0.0 ], [ -122.293808548661005, 47.733763917413199, 0.0 ], [ -122.292591065164004, 47.733754084284698, 0.0 ], [ -122.292433667508007, 47.733752811756403, 0.0 ], [ -122.292432641681003, 47.733752799568798, 0.0 ], [ -122.291092611501, 47.733741995453201, 0.0 ], [ -122.289754959416996, 47.733742146852897, 0.0 ], [ -122.288413242825001, 47.733742279579303, 0.0 ], [ -122.286708918778999, 47.733742427920902, 0.0 ], [ -122.286686326915003, 47.733742428938903, 0.0 ], [ -122.286556672401005, 47.733742439973803, 0.0 ], [ -122.285708799898998, 47.733742503677, 0.0 ], [ -122.284764495565, 47.733742598646103, 0.0 ], [ -122.284540284434001, 47.733742621014599, 0.0 ], [ -122.284210007050007, 47.733739596615798, 0.0 ], [ -122.283714424731997, 47.733742086092199, 0.0 ], [ -122.280878589818997, 47.731202954145402, 0.0 ], [ -122.281558485630001, 47.729530593253003, 0.0 ], [ -122.279522068374007, 47.725356470648798, 0.0 ], [ -122.280130291082997, 47.722973972136202, 0.0 ], [ -122.280089516241006, 47.720422477525197, 0.0 ], [ -122.278242336193998, 47.719187380521497, 0.0 ], [ -122.277212863480997, 47.7159421485416, 0.0 ], [ -122.276262781800995, 47.712946873199797, 0.0 ], [ -122.274581771978006, 47.7076242147077, 0.0 ], [ -122.274436072515002, 47.707162306665602, 0.0 ], [ -122.274415262990999, 47.704998230305797, 0.0 ], [ -122.274175163753, 47.704583900848597, 0.0 ], [ -122.273197029100999, 47.702942241760297, 0.0 ], [ -122.271425085535, 47.697441720957698, 0.0 ], [ -122.271401934186997, 47.697343517634302, 0.0 ], [ -122.271287614734007, 47.696677739817801, 0.0 ], [ -122.271107124287994, 47.695605459494203, 0.0 ], [ -122.270051109486005, 47.6943094186, 0.0 ], [ -122.269362067491002, 47.693470381474299, 0.0 ], [ -122.267575198583003, 47.692335100668899, 0.0 ], [ -122.266177463787997, 47.690527635140299, 0.0 ], [ -122.266020205664006, 47.690437347437999, 0.0 ], [ -122.264542789914003, 47.6901020298722, 0.0 ], [ -122.262440714350006, 47.688382155128501, 0.0 ], [ -122.262208319145003, 47.688248713911698, 0.0 ], [ -122.254772271891994, 47.688242242275898, 0.0 ], [ -122.250269394639005, 47.686410251432598, 0.0 ], [ -122.247626794059997, 47.685479795578601, 0.0 ], [ -122.245529996239995, 47.683640155460601, 0.0 ], [ -122.245420514027998, 47.681309285715699, 0.0 ], [ -122.246378749076001, 47.679951372752797, 0.0 ], [ -122.247546507978996, 47.678296437244398, 0.0 ], [ -122.249386182164002, 47.675689027898102, 0.0 ], [ -122.251049984049999, 47.673342172095502, 0.0 ], [ -122.251922194364994, 47.672158823264802, 0.0 ], [ -122.256058547189994, 47.668979454071298, 0.0 ], [ -122.258184090016002, 47.667346537100798, 0.0 ], [ -122.258735073623001, 47.666923233778498, 0.0 ], [ -122.262046094054995, 47.665446833286602, 0.0 ], [ -122.265689296597998, 47.663822103304803, 0.0 ], [ -122.266176726224998, 47.6636047111447, 0.0 ], [ -122.266815332361006, 47.662231204877301, 0.0 ], [ -122.267062990013002, 47.659967952282102, 0.0 ], [ -122.268103058921994, 47.657844223418799, 0.0 ], [ -122.269281281773999, 47.656859128784497, 0.0 ], [ -122.273332195552001, 47.654283475074699, 0.0 ], [ -122.276003714596996, 47.652401788510502, 0.0 ], [ -122.275792990859998, 47.6510325246119, 0.0 ], [ -122.274792167935004, 47.6504914760256, 0.0 ], [ -122.274699441118997, 47.649052640071098, 0.0 ], [ -122.275644354872995, 47.648097944883297, 0.0 ], [ -122.277793309361002, 47.647856490243903, 0.0 ], [ -122.279312251045994, 47.649279602705697, 0.0 ], [ -122.281872433076003, 47.652934190354102, 0.0 ], [ -122.288403037167996, 47.653985219687499, 0.0 ], [ -122.290311432699994, 47.654020667349897, 0.0 ], [ -122.290295266981005, 47.647701825688202, 0.0 ], [ -122.278292081622993, 47.643027179711197, 0.0 ], [ -122.277796315190997, 47.643026737643901, 0.0 ], [ -122.276429811089002, 47.641954035474598, 0.0 ], [ -122.275748878596005, 47.641427743773498, 0.0 ], [ -122.275162449703998, 47.6409697329279, 0.0 ], [ -122.275325617491006, 47.633608917519197, 0.0 ], [ -122.275355107324998, 47.633227659107803, 0.0 ], [ -122.275754916872003, 47.633229765222602, 0.0 ], [ -122.275937958731006, 47.630820755523303, 0.0 ], [ -122.279947654767, 47.6265428194816, 0.0 ], [ -122.281200654936001, 47.625201637076501, 0.0 ], [ -122.282000983478994, 47.624352873443698, 0.0 ], [ -122.282004075060996, 47.623373586384197, 0.0 ], [ -122.279336716852001, 47.621103712494403, 0.0 ], [ -122.279353491351003, 47.619978969824601, 0.0 ], [ -122.279566320659001, 47.616709794856298, 0.0 ], [ -122.280523887935999, 47.613840851699003, 0.0 ], [ -122.281116729814997, 47.612069001876201, 0.0 ], [ -122.281299227689999, 47.611524110460202, 0.0 ], [ -122.281614031497995, 47.610584230122797, 0.0 ], [ -122.281831552358, 47.6092534594044, 0.0 ], [ -122.282033737822005, 47.608033448237997, 0.0 ], [ -122.282070021006007, 47.607814463466703, 0.0 ], [ -122.282242411851996, 47.606774173208002, 0.0 ], [ -122.282506416043006, 47.605180962668904, 0.0 ], [ -122.282603496948994, 47.604595069295399, 0.0 ], [ -122.282677075221997, 47.604151011797697, 0.0 ], [ -122.283276059873003, 47.603138361098203, 0.0 ], [ -122.283766804297997, 47.601743593991401, 0.0 ], [ -122.284170763633, 47.600595426749599, 0.0 ], [ -122.284309146045999, 47.600202094862198, 0.0 ], [ -122.285179071277, 47.598530952257903, 0.0 ], [ -122.286031343969, 47.596166998818802, 0.0 ], [ -122.286899503458002, 47.5934084369879, 0.0 ], [ -122.285164923059, 47.590651049611097, 0.0 ], [ -122.284103537939998, 47.590353352263399, 0.0 ], [ -122.283320694671005, 47.589186853186902, 0.0 ], [ -122.283502900713998, 47.586234120176996, 0.0 ], [ -122.285432957366993, 47.584376697042501, 0.0 ], [ -122.285145439269996, 47.583530995403599, 0.0 ], [ -122.283812645530006, 47.582604887450302, 0.0 ], [ -122.283124052530994, 47.5821262832605, 0.0 ], [ -122.281388189737001, 47.579108576247798, 0.0 ], [ -122.280613716654003, 47.577396773933302, 0.0 ], [ -122.280262368712002, 47.5766195667847, 0.0 ], [ -122.279739255514997, 47.574435767216102, 0.0 ], [ -122.279234798589997, 47.572922272237101, 0.0 ], [ -122.277082028801004, 47.572877736304299, 0.0 ], [ -122.275625057767996, 47.572847554222598, 0.0 ], [ -122.273880747853994, 47.572811401474802, 0.0 ], [ -122.273635819171005, 47.571115810652998, 0.0 ], [ -122.270265264147, 47.568655080543401, 0.0 ], [ -122.266815294227996, 47.568117505558803, 0.0 ], [ -122.266368979397996, 47.566290295718296, 0.0 ], [ -122.265895148831007, 47.563479967944303, 0.0 ], [ -122.264486532375003, 47.562693073060402, 0.0 ], [ -122.261999954215, 47.561115026946503, 0.0 ], [ -122.261589634646, 47.560407360817798, 0.0 ], [ -122.259712389328996, 47.557165211144202, 0.0 ], [ -122.259519585079005, 47.557520440741897, 0.0 ], [ -122.257665841667006, 47.560943289253899, 0.0 ], [ -122.256128582759999, 47.563781443325503, 0.0 ], [ -122.250470298612001, 47.564567382737998, 0.0 ], [ -122.245684818623999, 47.563464644529098, 0.0 ], [ -122.242676664526002, 47.5572435981314, 0.0 ], [ -122.242785591596004, 47.551520309301502, 0.0 ], [ -122.245904894323004, 47.547587285647403, 0.0 ], [ -122.246616605529994, 47.546689572000098, 0.0 ], [ -122.253231666754999, 47.544729560152497, 0.0 ], [ -122.254866016552, 47.543127148748901, 0.0 ], [ -122.256511124404994, 47.541514677264097, 0.0 ], [ -122.258015479155006, 47.538590119749003, 0.0 ], [ -122.259924391842006, 47.535973429267699, 0.0 ], [ -122.260431043482996, 47.535253599787403, 0.0 ], [ -122.261385385908, 47.533898734765003, 0.0 ], [ -122.260002311568002, 47.5315915660779, 0.0 ], [ -122.257526951795995, 47.527956961240903, 0.0 ], [ -122.257636811647998, 47.524736993803103, 0.0 ], [ -122.258490308381994, 47.523325231555397, 0.0 ], [ -122.259025723205994, 47.522439714324904, 0.0 ], [ -122.255486849462997, 47.520919486051902, 0.0 ], [ -122.253455291907002, 47.519022705000403, 0.0 ], [ -122.250959694648998, 47.517042222475801, 0.0 ], [ -122.247339410273995, 47.514941642639798, 0.0 ], [ -122.244070916292003, 47.513641214238, 0.0 ], [ -122.236920698705006, 47.512746340380602, 0.0 ], [ -122.234856831358996, 47.512056567269802, 0.0 ], [ -122.231633311313999, 47.509489387228598, 0.0 ], [ -122.236006585005995, 47.509547902920097, 0.0 ], [ -122.236605153, 47.5095563010902, 0.0 ], [ -122.237345004103005, 47.509566650141998, 0.0 ], [ -122.238023618103995, 47.509576123515998, 0.0 ], [ -122.238818628101996, 47.5095872402851, 0.0 ], [ -122.241113643397, 47.509621664632398, 0.0 ], [ -122.243549782542004, 47.509655661339202, 0.0 ], [ -122.243808377582994, 47.5096592627036, 0.0 ], [ -122.244911552766993, 47.5096737901141, 0.0 ], [ -122.245095275240999, 47.509677205479903, 0.0 ], [ -122.245933805985999, 47.5096888830968, 0.0 ], [ -122.246289562924005, 47.509693797068302, 0.0 ], [ -122.246780432886993, 47.509700626719798, 0.0 ], [ -122.247144288054002, 47.509705694549801, 0.0 ], [ -122.246983330237995, 47.509291823894401, 0.0 ], [ -122.247003031823994, 47.509253575172004, 0.0 ], [ -122.247014928606006, 47.509207155553, 0.0 ], [ -122.247014660676001, 47.509160077426898, 0.0 ], [ -122.247003285709994, 47.509113690168597, 0.0 ], [ -122.246979825384003, 47.509069338964402, 0.0 ], [ -122.246945330228002, 47.5090283395241, 0.0 ], [ -122.246901338898994, 47.508991870709302, 0.0 ], [ -122.246848909663996, 47.508961075176401, 0.0 ], [ -122.246789572009007, 47.508936794429601, 0.0 ], [ -122.246752351995994, 47.508925948156502, 0.0 ], [ -122.246935913696007, 47.508326731636203, 0.0 ], [ -122.246971656783003, 47.5082105045487, 0.0 ], [ -122.246386853659999, 47.507566421924999, 0.0 ], [ -122.246187355320998, 47.507345808168097, 0.0 ], [ -122.246076564518006, 47.507232565428602, 0.0 ], [ -122.246072737586999, 47.507149288234402, 0.0 ], [ -122.246068559327995, 47.507057639797701, 0.0 ], [ -122.246048475180999, 47.506614473591704, 0.0 ], [ -122.246034692238993, 47.506321712677, 0.0 ], [ -122.246027777246994, 47.506171273894402, 0.0 ], [ -122.246080694555005, 47.505971543450201, 0.0 ], [ -122.246105309751997, 47.505878637238503, 0.0 ], [ -122.246147704446997, 47.505718621980897, 0.0 ], [ -122.246200818801995, 47.505518156073499, 0.0 ], [ -122.246277531635997, 47.505236982404703, 0.0 ], [ -122.246195813308006, 47.505097545738003, 0.0 ], [ -122.246039776038003, 47.504833058762898, 0.0 ], [ -122.245648013644001, 47.5041689974774, 0.0 ], [ -122.245572151706, 47.504040407924101, 0.0 ], [ -122.245513041048, 47.5039402096331, 0.0 ], [ -122.245483569754001, 47.5038902507481, 0.0 ], [ -122.245495890403006, 47.5038143099518, 0.0 ], [ -122.245545428838, 47.503508973272503, 0.0 ], [ -122.245572486681993, 47.5033422086588, 0.0 ], [ -122.245598897532005, 47.503179431079197, 0.0 ], [ -122.245622639266998, 47.503033090949003, 0.0 ], [ -122.248020742807995, 47.503066602566903, 0.0 ], [ -122.248010725759997, 47.5037657675974, 0.0 ], [ -122.247977220118997, 47.5061552711676, 0.0 ], [ -122.247974145769007, 47.506374441208898, 0.0 ], [ -122.248086874904999, 47.506374908798399, 0.0 ], [ -122.248782980369995, 47.506377885792901, 0.0 ], [ -122.248783671712999, 47.506328821488196, 0.0 ], [ -122.248838269087003, 47.503048420869099, 0.0 ], [ -122.248838862683996, 47.502995759494098, 0.0 ], [ -122.246244653963998, 47.502959518897597, 0.0 ], [ -122.245637466478001, 47.502951050805599, 0.0 ], [ -122.245082901491998, 47.502943292018799, 0.0 ], [ -122.244952352515995, 47.502941447458099, 0.0 ], [ -122.244817762351005, 47.502939564393301, 0.0 ], [ -122.244448386477998, 47.502934385351097, 0.0 ], [ -122.244243462640995, 47.502931532168297, 0.0 ], [ -122.244146312583993, 47.502930170213403, 0.0 ], [ -122.244106337437998, 47.502929595391002, 0.0 ], [ -122.243830575988, 47.502925782293097, 0.0 ], [ -122.243574036846994, 47.502922155861903, 0.0 ], [ -122.243527485431002, 47.502921489553003, 0.0 ], [ -122.243490045501005, 47.5029209716159, 0.0 ], [ -122.243325594745997, 47.502918685633702, 0.0 ], [ -122.243135853471003, 47.502916030024501, 0.0 ], [ -122.242941553362996, 47.502913299919697, 0.0 ], [ -122.242511963729996, 47.5029072759176, 0.0 ], [ -122.242383445949002, 47.502905487567197, 0.0 ], [ -122.242255432248996, 47.502903692817199, 0.0 ], [ -122.241864808586996, 47.502898212180199, 0.0 ], [ -122.241797002807004, 47.502897256191197, 0.0 ], [ -122.241362868289002, 47.502891199849998, 0.0 ], [ -122.241239406031994, 47.502889431887098, 0.0 ], [ -122.241096209987006, 47.5028874359773, 0.0 ], [ -122.240818928150006, 47.502883545834699, 0.0 ], [ -122.240822549384006, 47.502624260133302, 0.0 ], [ -122.240824552568995, 47.502417344638701, 0.0 ], [ -122.240825369793001, 47.502316397006297, 0.0 ], [ -122.240826487622002, 47.502170545163999, 0.0 ], [ -122.240826853447999, 47.502109146262498, 0.0 ], [ -122.240827514572004, 47.502021096166402, 0.0 ], [ -122.240828231896003, 47.501972719279202, 0.0 ], [ -122.240828941120995, 47.501868001749997, 0.0 ], [ -122.240829678471002, 47.501801456033, 0.0 ], [ -122.240829966920003, 47.501718510583103, 0.0 ], [ -122.240831216502997, 47.501596221003602, 0.0 ], [ -122.240831382292995, 47.501546091886603, 0.0 ], [ -122.240840603099997, 47.501381717921497, 0.0 ], [ -122.240842123159993, 47.501232089858199, 0.0 ], [ -122.240843625303, 47.501081567719702, 0.0 ], [ -122.240845276437, 47.500936565599602, 0.0 ], [ -122.240846713680995, 47.500783639786697, 0.0 ], [ -122.240848089259998, 47.500628660385097, 0.0 ], [ -122.24084964555, 47.5004801455269, 0.0 ], [ -122.240851147534997, 47.500329619172497, 0.0 ], [ -122.240852707336003, 47.500181235040898, 0.0 ], [ -122.240854625588995, 47.500027451152498, 0.0 ], [ -122.240855943301, 47.4998703295296, 0.0 ], [ -122.240857871778005, 47.499716925169302, 0.0 ], [ -122.240862035917999, 47.499552487331201, 0.0 ], [ -122.240876097192995, 47.4992489816632, 0.0 ], [ -122.241107820926004, 47.499252238253398, 0.0 ], [ -122.241357766025004, 47.499255778844699, 0.0 ], [ -122.241458956296995, 47.499257181581399, 0.0 ], [ -122.241734700454003, 47.499261084777302, 0.0 ], [ -122.241877376305993, 47.499263086211698, 0.0 ], [ -122.242092411764006, 47.499266117535498, 0.0 ], [ -122.242316041495002, 47.499269299129303, 0.0 ], [ -122.242532590254001, 47.499272353025702, 0.0 ], [ -122.242764320302996, 47.499275601941498, 0.0 ], [ -122.242991997136997, 47.499278816336897, 0.0 ], [ -122.243139231507996, 47.499280886145598, 0.0 ], [ -122.243209050012993, 47.499281862685898, 0.0 ], [ -122.243440781285997, 47.499285152391003, 0.0 ], [ -122.243545004398001, 47.4992865999739, 0.0 ], [ -122.243650243066, 47.499288081249603, 0.0 ], [ -122.243849089269006, 47.499290922237002, 0.0 ], [ -122.244071198482999, 47.499294030679202, 0.0 ], [ -122.244291794586005, 47.499297119524201, 0.0 ], [ -122.244517454318, 47.499300313744698, 0.0 ], [ -122.244736532025996, 47.499303416378901, 0.0 ], [ -122.245132696707003, 47.499308986647897, 0.0 ], [ -122.245176205853994, 47.499309601500599, 0.0 ], [ -122.245404393244002, 47.499312804714798, 0.0 ], [ -122.245631566366001, 47.499316020086297, 0.0 ], [ -122.245849129809997, 47.499319055042498, 0.0 ], [ -122.246086421811, 47.499322400947698, 0.0 ], [ -122.246309546846007, 47.499325538778699, 0.0 ], [ -122.246533687348006, 47.499328705717097, 0.0 ], [ -122.246763898419999, 47.499331923198802, 0.0 ], [ -122.246986015348, 47.499335068032202, 0.0 ], [ -122.247223811531995, 47.499338405285499, 0.0 ], [ -122.247453518651, 47.4993416276454, 0.0 ], [ -122.247674620336994, 47.499344745811399, 0.0 ], [ -122.247908368319997, 47.499348001286599, 0.0 ], [ -122.248093047973001, 47.499350627462, 0.0 ], [ -122.248458345570995, 47.499355760797499, 0.0 ], [ -122.248814034548005, 47.499360751200797, 0.0 ], [ -122.248899539760004, 47.4993619547501, 0.0 ], [ -122.249042064278996, 47.499358123476199, 0.0 ], [ -122.249508036101005, 47.4993456265953, 0.0 ], [ -122.249573045565, 47.499560531735, 0.0 ], [ -122.249640285412994, 47.499782820741501, 0.0 ], [ -122.249694142815002, 47.499959519733103, 0.0 ], [ -122.249871957352994, 47.500547336721098, 0.0 ], [ -122.250001974561997, 47.5009768429316, 0.0 ], [ -122.250020841639994, 47.5010382171807, 0.0 ], [ -122.250049704863997, 47.5011325389167, 0.0 ], [ -122.250057498201002, 47.501158874137403, 0.0 ], [ -122.250227844118001, 47.501713454329703, 0.0 ], [ -122.250235626437998, 47.501739148482201, 0.0 ], [ -122.250244515776004, 47.501768469294703, 0.0 ], [ -122.250356608754004, 47.502133762869398, 0.0 ], [ -122.250431552471994, 47.502378835930003, 0.0 ], [ -122.250553349458997, 47.502635658787803, 0.0 ], [ -122.250637078976993, 47.502776081834298, 0.0 ], [ -122.250732351427999, 47.502913104144803, 0.0 ], [ -122.250818741830997, 47.502909326004598, 0.0 ], [ -122.250997075241997, 47.502901531469703, 0.0 ], [ -122.251390122854005, 47.5028843693688, 0.0 ], [ -122.251522477389003, 47.50287843057, 0.0 ], [ -122.251654841673002, 47.502872622265002, 0.0 ], [ -122.252601572271004, 47.502831019974202, 0.0 ], [ -122.253719058718005, 47.502781870242302, 0.0 ], [ -122.253824138954997, 47.502777257015602, 0.0 ], [ -122.254172724737998, 47.502761928053701, 0.0 ], [ -122.256848247639994, 47.502645388379797, 0.0 ], [ -122.258187012798004, 47.502587084364301, 0.0 ], [ -122.259502538136005, 47.5025297397925, 0.0 ], [ -122.259503361095, 47.5024858580623, 0.0 ], [ -122.259504891093002, 47.5023938565623, 0.0 ], [ -122.259511763963005, 47.502053378843399, 0.0 ], [ -122.259526778761, 47.501307764653603, 0.0 ], [ -122.259537239389005, 47.500802597591701, 0.0 ], [ -122.259549909534002, 47.500156318280297, 0.0 ], [ -122.259571429242001, 47.499075503992202, 0.0 ], [ -122.259582141813993, 47.4985424838654, 0.0 ], [ -122.259604901418996, 47.497414652551797, 0.0 ], [ -122.259606107115999, 47.497347674474497, 0.0 ], [ -122.259608212190003, 47.497258276941999, 0.0 ], [ -122.259633348807, 47.496106337121098, 0.0 ], [ -122.259635714756996, 47.495989385920403, 0.0 ], [ -122.259637555362005, 47.495871888708301, 0.0 ], [ -122.259640813953993, 47.495621215570502, 0.0 ], [ -122.264329654142998, 47.495573997915201, 0.0 ], [ -122.264969198578001, 47.495566665299499, 0.0 ], [ -122.266855032462999, 47.495547283055998, 0.0 ], [ -122.266912168166002, 47.495546688203703, 0.0 ], [ -122.267772672462996, 47.495537832039801, 0.0 ], [ -122.267846996287005, 47.495537108147502, 0.0 ], [ -122.268054283058007, 47.495534961424099, 0.0 ], [ -122.268395051504996, 47.495531468952898, 0.0 ], [ -122.268485041635003, 47.4955305044436, 0.0 ], [ -122.268872828398003, 47.495526542755897, 0.0 ], [ -122.269414815595994, 47.495520933174603, 0.0 ], [ -122.269481553244006, 47.4955202577625, 0.0 ], [ -122.270149469762998, 47.495514806575798, 0.0 ], [ -122.270297110149002, 47.495513625700802, 0.0 ], [ -122.270296344496998, 47.495595848060901, 0.0 ], [ -122.270295684277002, 47.495627005185497, 0.0 ], [ -122.270295231646003, 47.495683993250097, 0.0 ], [ -122.270294544234005, 47.495714163610003, 0.0 ], [ -122.270294328115995, 47.495742914836498, 0.0 ], [ -122.270293553214998, 47.4958065045792, 0.0 ], [ -122.270293154897999, 47.495847166694197, 0.0 ], [ -122.270292613774998, 47.495882646185898, 0.0 ], [ -122.270291960465997, 47.495932351589403, 0.0 ], [ -122.270291177309005, 47.495995641929298, 0.0 ], [ -122.270290289108004, 47.496055120152398, 0.0 ], [ -122.270289523312996, 47.496119266610599, 0.0 ], [ -122.270288733062003, 47.496182299717098, 0.0 ], [ -122.270287875530997, 47.496242891213399, 0.0 ], [ -122.270287525545001, 47.496285307577097, 0.0 ], [ -122.270286390180999, 47.496390934159102, 0.0 ], [ -122.270284594868997, 47.496490907981801, 0.0 ], [ -122.270281762124995, 47.496700063270303, 0.0 ], [ -122.270280905443002, 47.496760912079203, 0.0 ], [ -122.270276500246993, 47.497096428768401, 0.0 ], [ -122.270272996019003, 47.497354859412901, 0.0 ], [ -122.270272253440993, 47.497382803148497, 0.0 ], [ -122.270270064063993, 47.497560417650597, 0.0 ], [ -122.270269126195004, 47.497618095239801, 0.0 ], [ -122.270267968401996, 47.497704612690697, 0.0 ], [ -122.270260190303006, 47.498266515291398, 0.0 ], [ -122.270259737676994, 47.498305208094997, 0.0 ], [ -122.270251245527007, 47.4989148468702, 0.0 ], [ -122.270249010363997, 47.499072281059803, 0.0 ], [ -122.270246961831006, 47.499199892918298, 0.0 ], [ -122.270233678840995, 47.500149381361197, 0.0 ], [ -122.270233247367997, 47.500207141129202, 0.0 ], [ -122.270231931382, 47.500269624059001, 0.0 ], [ -122.270289969274998, 47.500283282832001, 0.0 ], [ -122.270426445948004, 47.500316986096699, 0.0 ], [ -122.270489590059, 47.500332512177302, 0.0 ], [ -122.270502669950005, 47.500384958692102, 0.0 ], [ -122.270593221924997, 47.500771071441299, 0.0 ], [ -122.270655124046996, 47.501035103088697, 0.0 ], [ -122.270771520509996, 47.501532841094601, 0.0 ], [ -122.270591800516002, 47.501490084445301, 0.0 ], [ -122.270217596329005, 47.501401209447003, 0.0 ], [ -122.270217169475998, 47.501459137893498, 0.0 ], [ -122.270199385593997, 47.502630955758796, 0.0 ], [ -122.270178965488, 47.503707137565598, 0.0 ], [ -122.270164272515004, 47.504477002685199, 0.0 ], [ -122.270156189073006, 47.504899583370303, 0.0 ], [ -122.270133912112996, 47.506091892081301, 0.0 ], [ -122.270132900549001, 47.5061471323598, 0.0 ], [ -122.270107067726002, 47.507026770783497, 0.0 ], [ -122.270079624523007, 47.508784462983598, 0.0 ], [ -122.270065907051006, 47.509663484094503, 0.0 ], [ -122.270187389472994, 47.509666186689401, 0.0 ], [ -122.271416898843995, 47.509693555287299, 0.0 ], [ -122.271560654227997, 47.509696788532203, 0.0 ], [ -122.271702889840995, 47.5096999986594, 0.0 ], [ -122.272738540942996, 47.509723552142603, 0.0 ], [ -122.273993882249002, 47.509752147381498, 0.0 ], [ -122.274074872084, 47.509753992711403, 0.0 ], [ -122.274155860643006, 47.5097557915972, 0.0 ], [ -122.275411713976993, 47.509784368908001, 0.0 ], [ -122.275416809494999, 47.509456507673498, 0.0 ], [ -122.275426284581997, 47.508811597668597, 0.0 ], [ -122.275428991083004, 47.508653296625901, 0.0 ], [ -122.275431529212995, 47.508489134117703, 0.0 ], [ -122.275441514166005, 47.507844213419403, 0.0 ], [ -122.275446254493005, 47.507521756272098, 0.0 ], [ -122.275451498986996, 47.507199296940897, 0.0 ], [ -122.27556693759, 47.507203141940401, 0.0 ], [ -122.275681964217995, 47.507210548183302, 0.0 ], [ -122.275805939185005, 47.5072303988862, 0.0 ], [ -122.275927065730002, 47.507256879029299, 0.0 ], [ -122.276044316226006, 47.507289748572099, 0.0 ], [ -122.276158202597998, 47.507328832286198, 0.0 ], [ -122.276808096981995, 47.507744765298199, 0.0 ], [ -122.276917127727003, 47.507809444093503, 0.0 ], [ -122.277032579121993, 47.507868557217002, 0.0 ], [ -122.277154440407998, 47.507921716690802, 0.0 ], [ -122.277281701377007, 47.507968640049199, 0.0 ], [ -122.277413329137005, 47.508009125268103, 0.0 ], [ -122.277543358228002, 47.508064711526004, 0.0 ], [ -122.277695915704001, 47.508093658633904, 0.0 ], [ -122.277851276570999, 47.508114348175603, 0.0 ], [ -122.278008939122998, 47.508126651531597, 0.0 ], [ -122.278167376263994, 47.508130507969703, 0.0 ], [ -122.278197767961998, 47.509847668975397, 0.0 ], [ -122.278415425587994, 47.509852610927602, 0.0 ], [ -122.279507277559006, 47.509877382955999, 0.0 ], [ -122.280759061642996, 47.509905784297104, 0.0 ], [ -122.282454688767999, 47.509944539392897, 0.0 ], [ -122.283902611114002, 47.509977616786003, 0.0 ], [ -122.284883286172004, 47.510000011195899, 0.0 ], [ -122.286523473014995, 47.510037486384803, 0.0 ], [ -122.28984428039, 47.510113492438499, 0.0 ], [ -122.291338069450006, 47.510147654447898, 0.0 ], [ -122.291315694893001, 47.512207551039602, 0.0 ], [ -122.291304237760002, 47.513306242222399, 0.0 ], [ -122.291298570978, 47.513841216917697, 0.0 ], [ -122.291285590987997, 47.515018399004703, 0.0 ], [ -122.291264961617998, 47.516889034145699, 0.0 ], [ -122.291265818347, 47.518309623810801, 0.0 ], [ -122.291267031863995, 47.519144727887898, 0.0 ], [ -122.291267785168998, 47.519660805959496, 0.0 ], [ -122.291268550555998, 47.520184662674602, 0.0 ], [ -122.291269136336993, 47.520917169786102, 0.0 ], [ -122.291270375235996, 47.521847800046302, 0.0 ], [ -122.291271016828006, 47.522328043941002, 0.0 ], [ -122.291274988590999, 47.524274822545401, 0.0 ], [ -122.291276451220995, 47.524280300396903, 0.0 ], [ -122.291276674949003, 47.524280951383297, 0.0 ], [ -122.292283094035, 47.524299052944102, 0.0 ], [ -122.293463993475996, 47.5243202816051, 0.0 ], [ -122.295528969290004, 47.524357347950598, 0.0 ], [ -122.296678049437006, 47.5243779614595, 0.0 ], [ -122.297417430459006, 47.524391214291803, 0.0 ], [ -122.298897209589001, 47.5244177345987, 0.0 ], [ -122.300757000000999, 47.524451029492297, 0.0 ], [ -122.301369725624994, 47.524461994775301, 0.0 ], [ -122.300960099728002, 47.524582510207402, 0.0 ], [ -122.300725857591999, 47.524670799420498, 0.0 ], [ -122.300575291499001, 47.524736037764697, 0.0 ], [ -122.300358739301998, 47.524843055420497, 0.0 ], [ -122.299927274281004, 47.525113894976599, 0.0 ], [ -122.299702816959993, 47.525353544298497, 0.0 ], [ -122.299618385713003, 47.5255590262109, 0.0 ], [ -122.299612221969994, 47.525772280682503, 0.0 ], [ -122.299730656730006, 47.526162632908502, 0.0 ], [ -122.299971704376006, 47.526612017016603, 0.0 ], [ -122.300044179150007, 47.526767311485997, 0.0 ], [ -122.300213014483006, 47.527229903102899, 0.0 ], [ -122.300270772030004, 47.527452853082202, 0.0 ], [ -122.300386539512004, 47.5279220481913, 0.0 ], [ -122.300579435230006, 47.528384189445497, 0.0 ], [ -122.300704859944005, 47.528608889185598, 0.0 ], [ -122.300901247479004, 47.528900226359497, 0.0 ], [ -122.301129889720997, 47.529180566646801, 0.0 ], [ -122.301220832517998, 47.529270843385703, 0.0 ], [ -122.301369621700005, 47.529400123031103, 0.0 ], [ -122.301648403382998, 47.529597398638799, 0.0 ], [ -122.301961760680996, 47.5297692239062, 0.0 ], [ -122.302164305141005, 47.5298589431018, 0.0 ], [ -122.302563420702995, 47.530011345715899, 0.0 ], [ -122.302825726270001, 47.530092980344598, 0.0 ], [ -122.303365690915996, 47.530270075504099, 0.0 ], [ -122.303622720430994, 47.530375003375902, 0.0 ], [ -122.303869823821998, 47.530490347956203, 0.0 ], [ -122.304106098309006, 47.530615678060599, 0.0 ], [ -122.304465314500007, 47.530829931134903, 0.0 ], [ -122.304690748992996, 47.531009569548203, 0.0 ], [ -122.304872541188999, 47.531210620381302, 0.0 ], [ -122.304983589052, 47.531383652952897, 0.0 ], [ -122.305062193149993, 47.531564656719802, 0.0 ], [ -122.305099108765006, 47.531703973777098, 0.0 ], [ -122.305527263726006, 47.531706547235103, 0.0 ], [ -122.306686962775004, 47.531716964303399, 0.0 ], [ -122.307785991483001, 47.5317268280942, 0.0 ], [ -122.308489551215004, 47.531732713169298, 0.0 ], [ -122.309396603753001, 47.531740556914102, 0.0 ], [ -122.310406260486005, 47.531749632814901, 0.0 ], [ -122.313136145241998, 47.531774125996002, 0.0 ], [ -122.316921432441006, 47.531809649245098, 0.0 ], [ -122.317564450326998, 47.531815683380799, 0.0 ], [ -122.318465582789003, 47.531824134292101, 0.0 ], [ -122.318482752026995, 47.5308497133244, 0.0 ], [ -122.318495325577999, 47.530136912031999, 0.0 ], [ -122.318500163180005, 47.529862658045701, 0.0 ], [ -122.318507703437007, 47.529435013807401, 0.0 ], [ -122.317563639027995, 47.529427662501803, 0.0 ], [ -122.317569856291001, 47.529059638390798, 0.0 ], [ -122.317571150261998, 47.528998567653097, 0.0 ], [ -122.317571430851999, 47.528972772297003, 0.0 ], [ -122.317583677242993, 47.5282301288509, 0.0 ], [ -122.317481334297, 47.528172428471898, 0.0 ], [ -122.317406801900006, 47.528149753409998, 0.0 ], [ -122.314894873588997, 47.527388173363804, 0.0 ], [ -122.314707040829006, 47.527331581183901, 0.0 ], [ -122.314549780201006, 47.527282347848498, 0.0 ], [ -122.313166187527003, 47.526941265669301, 0.0 ], [ -122.312893547596005, 47.526874081640401, 0.0 ], [ -122.312088392294001, 47.526676215204503, 0.0 ], [ -122.311780871690999, 47.526574351247, 0.0 ], [ -122.311702201219006, 47.526548338936202, 0.0 ], [ -122.311326375274007, 47.526161296359, 0.0 ], [ -122.310880254851, 47.525579240657699, 0.0 ], [ -122.310816689605005, 47.525496778170499, 0.0 ], [ -122.310734698841003, 47.525389151728298, 0.0 ], [ -122.309840870177993, 47.524614418533403, 0.0 ], [ -122.309785882963993, 47.524566890946303, 0.0 ], [ -122.309732453850003, 47.5245204989412, 0.0 ], [ -122.309695912242006, 47.524427404276103, 0.0 ], [ -122.309690331352002, 47.5243376743176, 0.0 ], [ -122.309805427477997, 47.523952687062199, 0.0 ], [ -122.309805325472993, 47.523895663300202, 0.0 ], [ -122.309575058834994, 47.523251203091299, 0.0 ], [ -122.309712810476995, 47.522344511910397, 0.0 ], [ -122.309675156108995, 47.522176237747402, 0.0 ], [ -122.309798123245002, 47.522176567371702, 0.0 ], [ -122.312853056972003, 47.522185576438503, 0.0 ], [ -122.312898603354995, 47.522185713004397, 0.0 ], [ -122.313478516725993, 47.5221874092977, 0.0 ], [ -122.313529624707002, 47.522187557512197, 0.0 ], [ -122.314698570450005, 47.522190998955502, 0.0 ], [ -122.314982411306005, 47.522190296432399, 0.0 ], [ -122.315103847426997, 47.522190214219698, 0.0 ], [ -122.315265331418999, 47.522192693126001, 0.0 ], [ -122.315712164236004, 47.522194059683599, 0.0 ], [ -122.317555629408005, 47.522198779135699, 0.0 ], [ -122.317553566420997, 47.521184392028097, 0.0 ], [ -122.317552888856, 47.520645340229699, 0.0 ], [ -122.317551944330006, 47.5203101449789, 0.0 ], [ -122.317546074210995, 47.5186647211912, 0.0 ], [ -122.317748512012002, 47.518666614885198, 0.0 ], [ -122.318376996772997, 47.51866941, 0.0 ], [ -122.318803024049004, 47.5186698379731, 0.0 ], [ -122.320219835860001, 47.518674181367601, 0.0 ], [ -122.320341275931, 47.5186745194626, 0.0 ], [ -122.320462713477994, 47.518674768873097, 0.0 ], [ -122.321792453458997, 47.518677448412703, 0.0 ], [ -122.322255547468004, 47.518682304879398, 0.0 ], [ -122.323106170404003, 47.518685975292399, 0.0 ], [ -122.323227607990006, 47.518686221747302, 0.0 ], [ -122.323287822086996, 47.518686334672402, 0.0 ], [ -122.324068570964997, 47.518688083821203, 0.0 ], [ -122.324132323206001, 47.518688234232997, 0.0 ], [ -122.324790118083001, 47.518689837205798, 0.0 ], [ -122.324914591131005, 47.518689961849503, 0.0 ], [ -122.324976826991005, 47.5186900009274, 0.0 ], [ -122.325036025114002, 47.518690079864598, 0.0 ], [ -122.325878976819993, 47.518690915298301, 0.0 ], [ -122.325880425942003, 47.519359819499897, 0.0 ], [ -122.325881742327994, 47.5199360076329, 0.0 ], [ -122.325883073661998, 47.520512499301603, 0.0 ], [ -122.325883834170995, 47.520910295523002, 0.0 ], [ -122.326648847019001, 47.520909150436196, 0.0 ], [ -122.32942809635, 47.5209050112516, 0.0 ], [ -122.329479701300997, 47.5209049348055, 0.0 ], [ -122.329649199605996, 47.5209046722088, 0.0 ], [ -122.330843769238001, 47.520902766813698, 0.0 ], [ -122.330919659930998, 47.520902639528998, 0.0 ], [ -122.329911276984006, 47.519547999650101, 0.0 ], [ -122.329687988269995, 47.518458528773699, 0.0 ], [ -122.329594765164998, 47.518277311922198, 0.0 ], [ -122.329606363196007, 47.518085644512901, 0.0 ], [ -122.329612572615005, 47.517983066384502, 0.0 ], [ -122.329617492571998, 47.517749660746198, 0.0 ], [ -122.329613865740995, 47.517561049803298, 0.0 ], [ -122.329607540061005, 47.517417472905301, 0.0 ], [ -122.329597270283998, 47.517377292208302, 0.0 ], [ -122.329579571083002, 47.517339044415898, 0.0 ], [ -122.329552581997007, 47.517305382143398, 0.0 ], [ -122.329524475891006, 47.5172779273028, 0.0 ], [ -122.329492298120996, 47.5172515849262, 0.0 ], [ -122.329459349740006, 47.517233322637303, 0.0 ], [ -122.329417577043998, 47.517212869063201, 0.0 ], [ -122.329362705478999, 47.517192946572202, 0.0 ], [ -122.329294898780006, 47.517178826084603, 0.0 ], [ -122.329249596211, 47.51717467273, 0.0 ], [ -122.329197455601005, 47.517171794804298, 0.0 ], [ -122.329166563022, 47.517118403416703, 0.0 ], [ -122.328636840317998, 47.516509434456403, 0.0 ], [ -122.328589904454006, 47.516419663074203, 0.0 ], [ -122.328512201056, 47.516271043990002, 0.0 ], [ -122.328099275141, 47.515481254189801, 0.0 ], [ -122.327827318570996, 47.514961079748197, 0.0 ], [ -122.327589236036999, 47.514505693570797, 0.0 ], [ -122.327330202303003, 47.5140102370571, 0.0 ], [ -122.328040184366003, 47.514005244960501, 0.0 ], [ -122.328960031041007, 47.5139985649705, 0.0 ], [ -122.330077131240003, 47.513998799351803, 0.0 ], [ -122.330247349697999, 47.5143247282777, 0.0 ], [ -122.330309931629003, 47.5144347903518, 0.0 ], [ -122.330367556217993, 47.514522479654097, 0.0 ], [ -122.330435736241, 47.514614754491603, 0.0 ], [ -122.330562350787005, 47.514761533717902, 0.0 ], [ -122.330647605646007, 47.514846234762103, 0.0 ], [ -122.330766602009007, 47.514962960525999, 0.0 ], [ -122.330868164253005, 47.515063008380999, 0.0 ], [ -122.330934161683999, 47.515128022382697, 0.0 ], [ -122.330974398373002, 47.515167655966202, 0.0 ], [ -122.331382527642006, 47.515134284104001, 0.0 ], [ -122.331402914354996, 47.515099621956601, 0.0 ], [ -122.333495087269995, 47.514726855822403, 0.0 ], [ -122.333632554505996, 47.514767937786303, 0.0 ], [ -122.333590325255003, 47.514530176734702, 0.0 ], [ -122.334357396296994, 47.5145252179572, 0.0 ], [ -122.334267983678998, 47.514021864951502, 0.0 ], [ -122.337041997672998, 47.513992988965001, 0.0 ], [ -122.337087779314999, 47.514567931787703, 0.0 ], [ -122.337123498379995, 47.515016562974097, 0.0 ], [ -122.337186075692003, 47.515371129124098, 0.0 ], [ -122.337257176253004, 47.515770728621298, 0.0 ], [ -122.337364637627005, 47.516373869422303, 0.0 ], [ -122.337422118353999, 47.516696497329399, 0.0 ], [ -122.337484354102003, 47.517257693519802, 0.0 ], [ -122.337928140892004, 47.517260168350099, 0.0 ], [ -122.340130897907002, 47.517272528620197, 0.0 ], [ -122.341601433989993, 47.517281203229999, 0.0 ], [ -122.342875635927996, 47.517288739133903, 0.0 ], [ -122.344149326587996, 47.517296225366103, 0.0 ], [ -122.345423514350003, 47.517303433376398, 0.0 ], [ -122.346697214407001, 47.517310975295501, 0.0 ], [ -122.347969899009996, 47.5173186894379, 0.0 ], [ -122.349244101674998, 47.517326115956799, 0.0 ], [ -122.350652906874004, 47.517334295017299, 0.0 ], [ -122.351735320518998, 47.517340568500202, 0.0 ], [ -122.352875923816001, 47.517347162683997, 0.0 ], [ -122.354016533747995, 47.517353749548903, 0.0 ], [ -122.355164730534995, 47.517360392054599, 0.0 ], [ -122.356510588872993, 47.5173612887316, 0.0 ], [ -122.357856952811005, 47.517362209081597, 0.0 ], [ -122.358531398897, 47.517362663172499, 0.0 ], [ -122.358510165322997, 47.515530247074999, 0.0 ], [ -122.359178498820995, 47.515529880544499, 0.0 ], [ -122.360518192224006, 47.5155291413976, 0.0 ], [ -122.360540008233002, 47.517361811784603, 0.0 ], [ -122.361124433369994, 47.517363460834197, 0.0 ], [ -122.361821134, 47.517363642454598, 0.0 ], [ -122.362617485238999, 47.5173631193706, 0.0 ], [ -122.363224147376002, 47.517363905594102, 0.0 ], [ -122.364567444786005, 47.517363585441501, 0.0 ], [ -122.365912763826003, 47.517363175722799, 0.0 ], [ -122.367283850190006, 47.517378816337597, 0.0 ], [ -122.368671132760994, 47.517394605373497, 0.0 ], [ -122.370026534437002, 47.517409994631002, 0.0 ], [ -122.371278177207003, 47.517424203610098, 0.0 ], [ -122.371254070602006, 47.5171043948326, 0.0 ], [ -122.371252261256998, 47.517077471413998, 0.0 ], [ -122.371234624414001, 47.516839751839903, 0.0 ], [ -122.371217085018003, 47.516605329830199, 0.0 ], [ -122.371198511128, 47.516353144976598, 0.0 ], [ -122.371180036945006, 47.516104122663997, 0.0 ], [ -122.371175833357, 47.516047541707003, 0.0 ], [ -122.371160868296002, 47.515848862123498, 0.0 ], [ -122.371150686931003, 47.515709539866897, 0.0 ], [ -122.371142358018005, 47.515598815198402, 0.0 ], [ -122.371123845309, 47.515348468790997, 0.0 ], [ -122.371105342974005, 47.515098679087899, 0.0 ], [ -122.371087560936999, 47.514855992059601, 0.0 ], [ -122.371069081594996, 47.514606758889599, 0.0 ], [ -122.371049905082998, 47.514351194720597, 0.0 ], [ -122.371042325814003, 47.514248559463503, 0.0 ], [ -122.371031467888002, 47.514103589328897, 0.0 ], [ -122.371014661985996, 47.513876873062202, 0.0 ], [ -122.371011229228003, 47.513829102596901, 0.0 ], [ -122.371002054331996, 47.5137065648657, 0.0 ], [ -122.370996295780003, 47.513631451903102, 0.0 ], [ -122.370981821079994, 47.513432251019502, 0.0 ], [ -122.370977559712998, 47.513373696576203, 0.0 ], [ -122.370959210275998, 47.513128832034603, 0.0 ], [ -122.370940742353, 47.512880155553603, 0.0 ], [ -122.370937218809999, 47.512829302578297, 0.0 ], [ -122.370922921417005, 47.512636098031301, 0.0 ], [ -122.370903556930003, 47.512374111597701, 0.0 ], [ -122.370891123, 47.512209669011703, 0.0 ], [ -122.370879481572999, 47.5120552051551, 0.0 ], [ -122.370872703857003, 47.511962624437601, 0.0 ], [ -122.370865044320993, 47.5118572440092, 0.0 ], [ -122.370854831692995, 47.511716808484998, 0.0 ], [ -122.37083644946, 47.511471003656098, 0.0 ], [ -122.370818579003, 47.511225234084101, 0.0 ], [ -122.370800707347001, 47.5109794181244, 0.0 ], [ -122.370782326872003, 47.510733655456598, 0.0 ], [ -122.370764455680003, 47.510487843709001, 0.0 ], [ -122.370746080404004, 47.5102420345669, 0.0 ], [ -122.370728305669004, 47.5099996933562, 0.0 ], [ -122.370734389608003, 47.5095884317535, 0.0 ], [ -122.370738853022004, 47.509259457466399, 0.0 ], [ -122.370741217204994, 47.509099357900404, 0.0 ], [ -122.370743825348995, 47.508930429886, 0.0 ], [ -122.370748288523004, 47.508601451383498, 0.0 ], [ -122.370754793670997, 47.508118764517903, 0.0 ], [ -122.370841796690002, 47.5081185737723, 0.0 ], [ -122.370807025389993, 47.508088839916702, 0.0 ], [ -122.370775239357997, 47.508057306512598, 0.0 ], [ -122.370747452025, 47.508024137020698, 0.0 ], [ -122.370723664623995, 47.5079895845384, 0.0 ], [ -122.370704400041006, 47.507953857133998, 0.0 ], [ -122.370687530683, 47.507913423180398, 0.0 ], [ -122.370617346049997, 47.507712019273796, 0.0 ], [ -122.370610580169, 47.507671326203599, 0.0 ], [ -122.370588176466001, 47.507529127845103, 0.0 ], [ -122.370582690993999, 47.507343085182903, 0.0 ], [ -122.370584936957002, 47.507178962759802, 0.0 ], [ -122.370574962313995, 47.507132483129404, 0.0 ], [ -122.370558792181001, 47.507081544017197, 0.0 ], [ -122.370409537731007, 47.506685968745899, 0.0 ], [ -122.370367673394995, 47.506552863126799, 0.0 ], [ -122.370339966255003, 47.506402210888503, 0.0 ], [ -122.370314909428004, 47.506204393464898, 0.0 ], [ -122.370285306737003, 47.505972319901197, 0.0 ], [ -122.370276046827001, 47.505898325825498, 0.0 ], [ -122.370270591869996, 47.505833447096798, 0.0 ], [ -122.370271203358001, 47.505768444077702, 0.0 ], [ -122.370279919275006, 47.505686495255297, 0.0 ], [ -122.370298262730003, 47.505605268268397, 0.0 ], [ -122.370315233952994, 47.505546131149302, 0.0 ], [ -122.370327582235007, 47.5055016611159, 0.0 ], [ -122.370361449799006, 47.505380852546999, 0.0 ], [ -122.370382986574, 47.505304897656799, 0.0 ], [ -122.370403702331998, 47.505218200865897, 0.0 ], [ -122.370416298913995, 47.5051308419809, 0.0 ], [ -122.370421805785995, 47.505043106585298, 0.0 ], [ -122.370427476583004, 47.504600663112903, 0.0 ], [ -122.370437205825993, 47.503866778841299, 0.0 ], [ -122.370442273996005, 47.503798589568603, 0.0 ], [ -122.370455457190005, 47.503730931661899, 0.0 ], [ -122.370476250178001, 47.503664195842703, 0.0 ], [ -122.370505173536998, 47.503598725196298, 0.0 ], [ -122.370541234032999, 47.503535039384403, 0.0 ], [ -122.370584434495001, 47.503473446313699, 0.0 ], [ -122.370610758515994, 47.503439755194002, 0.0 ], [ -122.370645835852002, 47.503394251824297, 0.0 ], [ -122.370721371765995, 47.503297000497803, 0.0 ], [ -122.370814057385005, 47.503198234484799, 0.0 ], [ -122.370862816491993, 47.503153528709703, 0.0 ], [ -122.370977540149994, 47.503047393912297, 0.0 ], [ -122.371243450554999, 47.5028022782733, 0.0 ], [ -122.371586976084004, 47.502479291291799, 0.0 ], [ -122.371951139328999, 47.5021357999792, 0.0 ], [ -122.372018146065002, 47.502075381321099, 0.0 ], [ -122.372089263174999, 47.502017134300303, 0.0 ], [ -122.372167963229003, 47.501958700098101, 0.0 ], [ -122.372255155600996, 47.501896721085998, 0.0 ], [ -122.372423103892004, 47.501777439846897, 0.0 ], [ -122.372521193181996, 47.5017077702027, 0.0 ], [ -122.372589507666007, 47.5016573187078, 0.0 ], [ -122.372752315526, 47.501535402571101, 0.0 ], [ -122.372914089266999, 47.501412643851999, 0.0 ], [ -122.373026855131997, 47.501326069404001, 0.0 ], [ -122.373086146977002, 47.501278524167198, 0.0 ], [ -122.373230427997996, 47.501162988056898, 0.0 ], [ -122.373611379626993, 47.500857652040402, 0.0 ], [ -122.373705749139006, 47.500782079450403, 0.0 ], [ -122.373736323293002, 47.500755400150702, 0.0 ], [ -122.373763815291994, 47.500727222894803, 0.0 ], [ -122.373788228752005, 47.500697669973299, 0.0 ], [ -122.373809071097995, 47.500666925249, 0.0 ], [ -122.373826343586998, 47.500635241818102, 0.0 ], [ -122.373840048963999, 47.500602712452803, 0.0 ], [ -122.373849696652002, 47.500569588484403, 0.0 ], [ -122.373856293987004, 47.500536252788699, 0.0 ], [ -122.373865702274998, 47.500460891985398, 0.0 ], [ -122.373925333895997, 47.499996977566198, 0.0 ], [ -122.373935972992996, 47.499911872138597, 0.0 ], [ -122.373965721372002, 47.499754657525102, 0.0 ], [ -122.374013233433004, 47.499599471435303, 0.0 ], [ -122.374084369301002, 47.499405107932702, 0.0 ], [ -122.374140510681997, 47.499251049148803, 0.0 ], [ -122.374158299605, 47.499202737665001, 0.0 ], [ -122.374323488319007, 47.498751012101899, 0.0 ], [ -122.374479797277999, 47.498323920637098, 0.0 ], [ -122.374488680517999, 47.498299290433302, 0.0 ], [ -122.374717543689002, 47.497674896274198, 0.0 ], [ -122.374729676271997, 47.497640586826002, 0.0 ], [ -122.374781154966996, 47.497516968574402, 0.0 ], [ -122.374851974533001, 47.497380533379001, 0.0 ], [ -122.374898282296996, 47.497304582890401, 0.0 ], [ -122.374920515585998, 47.497269790359198, 0.0 ], [ -122.375117312488001, 47.4969637387142, 0.0 ], [ -122.375158892624, 47.4968990778031, 0.0 ], [ -122.375200478878, 47.496834416792403, 0.0 ], [ -122.375476060224997, 47.496405100735998, 0.0 ], [ -122.375530509469002, 47.496330882878901, 0.0 ], [ -122.375563251794006, 47.496309231602297, 0.0 ], [ -122.375605632732004, 47.496288731819099, 0.0 ], [ -122.377164557173003, 47.494604369463303, 0.0 ], [ -122.378774731787004, 47.4929290526307, 0.0 ], [ -122.385022817926, 47.496309262475002, 0.0 ], [ -122.387156606290006, 47.4982960018936, 0.0 ], [ -122.391751920602005, 47.502573304327399, 0.0 ], [ -122.396036109557002, 47.5083605790402, 0.0 ], [ -122.400621642306007, 47.514496670068198, 0.0 ], [ -122.402634973448002, 47.517882394652901, 0.0 ], [ -122.398626722507998, 47.523273791502398, 0.0 ], [ -122.400750523959005, 47.524285076508001, 0.0 ], [ -122.408558491096997, 47.5280017419432, 0.0 ], [ -122.409738194024001, 47.530614206560799, 0.0 ], [ -122.406682421503007, 47.533010712473803, 0.0 ], [ -122.398263860168996, 47.536265822290602, 0.0 ], [ -122.398851208872003, 47.536913382961899, 0.0 ], [ -122.400900220324004, 47.539172185041402, 0.0 ], [ -122.404658150098996, 47.554265380407699, 0.0 ], [ -122.408224603516999, 47.559120504717797, 0.0 ], [ -122.409372268935996, 47.560484073289899, 0.0 ], [ -122.415440381207006, 47.5676914630846, 0.0 ], [ -122.424026645384998, 47.573574791653897, 0.0 ], [ -122.423972288822, 47.577499164660303, 0.0 ], [ -122.416742246642002, 47.5799934673528, 0.0 ], [ -122.413329342561994, 47.581791148802502, 0.0 ], [ -122.409550696069005, 47.583781537102503, 0.0 ], [ -122.405521145435003, 47.586917768261301, 0.0 ], [ -122.389941892506002, 47.599039715117001, 0.0 ], [ -122.386229275732006, 47.599051205292, 0.0 ], [ -122.380440153500004, 47.593885365030097, 0.0 ], [ -122.375298532247001, 47.589330773565301, 0.0 ], [ -122.370199305889003, 47.585543488290597, 0.0 ], [ -122.360211604582005, 47.5856780132859, 0.0 ], [ -122.360269982446994, 47.587312454238898, 0.0 ], [ -122.344942365174006, 47.592288239850603, 0.0 ], [ -122.341760987442996, 47.601753676429503, 0.0 ], [ -122.362377163073006, 47.618649363483499, 0.0 ], [ -122.361344978768997, 47.618654992341298, 0.0 ], [ -122.361481990239994, 47.618767288595897, 0.0 ], [ -122.379041528328997, 47.626011109129102, 0.0 ], [ -122.384492248129007, 47.626022647725897, 0.0 ], [ -122.384505873354996, 47.6272787323283, 0.0 ], [ -122.384521818549999, 47.631166385259, 0.0 ], [ -122.387098638710995, 47.630391182198302, 0.0 ], [ -122.389935154138001, 47.629537759665297, 0.0 ], [ -122.393319509896997, 47.629672327729601, 0.0 ], [ -122.395577206363001, 47.630279271322003, 0.0 ], [ -122.396286712847996, 47.6309535221178, 0.0 ], [ -122.397727252812999, 47.631469442659302, 0.0 ], [ -122.398447536693993, 47.631727398157402, 0.0 ], [ -122.398894181420999, 47.6318880449559, 0.0 ], [ -122.399477890425004, 47.632097772857598, 0.0 ], [ -122.408478452937004, 47.635605312053301, 0.0 ], [ -122.410614274631996, 47.6369702439953, 0.0 ] ], [ [ -122.408111629391001, 47.636234882071903, 0.0 ], [ -122.407438543083003, 47.6374190776679, 0.0 ], [ -122.408478452937004, 47.635605312053301, 0.0 ], [ -122.408111629391001, 47.636234882071903, 0.0 ] ] ] } },
{ "type": "Feature", "properties": { "OBJECTID": 34, "GLOBAL_ID": "509A95FD-CAD1-4F63-8B98-51EAFCC192C9", "IDENT": "SEA", "ICAO_ID": "KSEA", "NAME": "SEATTLE-TACOMA INTERNATIONAL MODE C", "UPPER_DESC": "TNI", "UPPER_VAL": 10000, "UPPER_UOM": "FT", "UPPER_CODE": "MSL", "LOWER_DESC": null, "LOWER_VAL": 0, "LOWER_UOM": "FT", "LOWER_CODE": "SFC", "TYPE_CODE": "MODE-C", "LOCAL_TYPE": "MODE C", "CLASS": null, "MIL_CODE": "CIV", "COMM_NAME": null, "LEVEL_": "L", "SECTOR": null, "ONSHORE": "1", "EXCLUSION": "0", "WKHR_CODE": "H24", "WKHR_RMK": null, "DST": null, "GMTOFFSET": null, "CONT_AGENT": null, "CITY": "SEATTLE", "STATE": "WA", "COUNTRY": "", "ADHP_ID": "5338FBAA-B183-4BC0-B3F1-27ABF6D1AD7C", "US_HIGH": 0, "AK_HIGH": 0, "AK_LOW": 0, "US_LOW": 1, "US_AREA": 1, "PACIFIC": 0, "Shape__Area": 1.1566325176572718, "Shape__Length": 3.9202334166404569 }, "geometry": { "type": "Polygon", "coordinates": [ [ [ -122.410614274631996, 47.6369702439953, 0.0 ], [ -122.414337153885, 47.6397326596475, 0.0 ], [ -122.417091836777004, 47.641492363760001, 0.0 ], [ -122.418848915986999, 47.642614700882902, 0.0 ], [ -122.418850220799996, 47.643235854198899, 0.0 ], [ -122.418857434518003, 47.646690149047899, 0.0 ], [ -122.418924444078002, 47.648698051370403, 0.0 ], [ -122.420864258560997, 47.651371414274003, 0.0 ], [ -122.422651215775005, 47.653832690545897, 0.0 ], [ -122.422829743535999, 47.654078757080697, 0.0 ], [ -122.424946392066005, 47.656421610220697, 0.0 ], [ -122.428768718916004, 47.658522807862497, 0.0 ], [ -122.433124772433999, 47.660132560950302, 0.0 ], [ -122.436999545838006, 47.661764921180399, 0.0 ], [ -122.437008780015006, 47.662377975276698, 0.0 ], [ -122.430713519969004, 47.663880749125497, 0.0 ], [ -122.429708430945993, 47.665071519416102, 0.0 ], [ -122.426764560661994, 47.668558879438699, 0.0 ], [ -122.424588959077994, 47.669634792244899, 0.0 ], [ -122.417383812107005, 47.673197389085303, 0.0 ], [ -122.415457231448002, 47.6765170502103, 0.0 ], [ -122.415217578249994, 47.676930232022102, 0.0 ], [ -122.414041390077998, 47.679440420038397, 0.0 ], [ -122.411086727748994, 47.680835047924397, 0.0 ], [ -122.409573553035003, 47.6815490484694, 0.0 ], [ -122.408802634145005, 47.683107901676998, 0.0 ], [ -122.407011976684998, 47.686729840001597, 0.0 ], [ -122.405728796736, 47.686731569206898, 0.0 ], [ -122.406430429405006, 47.690390371655397, 0.0 ], [ -122.406502481101995, 47.690523480419102, 0.0 ], [ -122.408071101820994, 47.693437570755897, 0.0 ], [ -122.407755756209994, 47.695059698161401, 0.0 ], [ -122.406869137954004, 47.6973999469989, 0.0 ], [ -122.406576339634995, 47.697991687083103, 0.0 ], [ -122.402856168504002, 47.699567046044798, 0.0 ], [ -122.399759944869999, 47.700877963003798, 0.0 ], [ -122.397995385868995, 47.700569681091402, 0.0 ], [ -122.392645587863996, 47.702811349743101, 0.0 ], [ -122.391381398422993, 47.703340929884902, 0.0 ], [ -122.387721094303004, 47.704874298135501, 0.0 ], [ -122.386738153357001, 47.705353890028597, 0.0 ], [ -122.384689213111997, 47.707274266432698, 0.0 ], [ -122.383717269208006, 47.708805121715599, 0.0 ], [ -122.383318581289004, 47.709433158105902, 0.0 ], [ -122.381140313135006, 47.708915286666503, 0.0 ], [ -122.380831234504996, 47.711017737611598, 0.0 ], [ -122.380386622537998, 47.712424178844302, 0.0 ], [ -122.379318367460002, 47.713832309509897, 0.0 ], [ -122.377474953668994, 47.716091788470202, 0.0 ], [ -122.376648642635004, 47.719732651630302, 0.0 ], [ -122.376399567403993, 47.723349759560101, 0.0 ], [ -122.37423048011, 47.726940983138697, 0.0 ], [ -122.374229139782997, 47.7296514100995, 0.0 ], [ -122.374228250025993, 47.730545580004197, 0.0 ], [ -122.374484036262004, 47.731546477485097, 0.0 ], [ -122.375036863133005, 47.733071541473699, 0.0 ], [ -122.375508437872995, 47.734169346552299, 0.0 ], [ -122.374616647522998, 47.734164948729699, 0.0 ], [ -122.374367042751004, 47.734194282044903, 0.0 ], [ -122.362280318949004, 47.734148807735203, 0.0 ], [ -122.362153266372999, 47.734147684406302, 0.0 ], [ -122.362103974733003, 47.7341473157799, 0.0 ], [ -122.360933152761007, 47.734139180930299, 0.0 ], [ -122.359168081690996, 47.734137272552701, 0.0 ], [ -122.355571286108002, 47.734130319171797, 0.0 ], [ -122.353713417544995, 47.734134449843303, 0.0 ], [ -122.352679983605, 47.734133481252996, 0.0 ], [ -122.351772474322004, 47.734129717505603, 0.0 ], [ -122.350505860658998, 47.734129517306201, 0.0 ], [ -122.347801429195002, 47.734129044797598, 0.0 ], [ -122.346298564289, 47.734128682126901, 0.0 ], [ -122.345096988831997, 47.734128415485401, 0.0 ], [ -122.344004168808993, 47.734129273296602, 0.0 ], [ -122.343423978296002, 47.734129759530099, 0.0 ], [ -122.342392124612005, 47.734130562474903, 0.0 ], [ -122.341335377028003, 47.734131343520801, 0.0 ], [ -122.341032578476003, 47.734131575182502, 0.0 ], [ -122.340742480068997, 47.734131811152501, 0.0 ], [ -122.339686751296, 47.734132563460697, 0.0 ], [ -122.338630006076997, 47.734133403781797, 0.0 ], [ -122.338074705531, 47.734133960383403, 0.0 ], [ -122.336981373967006, 47.734134584705203, 0.0 ], [ -122.335924626223004, 47.734135315627398, 0.0 ], [ -122.335332241727002, 47.734135748387096, 0.0 ], [ -122.334276002680994, 47.734136541706597, 0.0 ], [ -122.333028431355004, 47.734126903111502, 0.0 ], [ -122.331577598191004, 47.7341157236771, 0.0 ], [ -122.330228901094998, 47.734105324182501, 0.0 ], [ -122.328879698354001, 47.734094919597602, 0.0 ], [ -122.326061875901004, 47.734073048013201, 0.0 ], [ -122.325595876025005, 47.7340692070808, 0.0 ], [ -122.324853445371005, 47.734063752730002, 0.0 ], [ -122.324443328624994, 47.734060543086997, 0.0 ], [ -122.323483400163994, 47.734052953660097, 0.0 ], [ -122.322996046176996, 47.734048436163199, 0.0 ], [ -122.322217489425995, 47.7340411205546, 0.0 ], [ -122.321104535892999, 47.734030623586399, 0.0 ], [ -122.320799812177995, 47.734027755633299, 0.0 ], [ -122.318116057669997, 47.734002484021197, 0.0 ], [ -122.315432336550003, 47.733977131996099, 0.0 ], [ -122.313580337226, 47.733959605145003, 0.0 ], [ -122.312748793794995, 47.733951739864203, 0.0 ], [ -122.312708085755006, 47.733951268095197, 0.0 ], [ -122.312640512689995, 47.733950503542403, 0.0 ], [ -122.310060567736002, 47.733921363303502, 0.0 ], [ -122.308695429831999, 47.733905919139403, 0.0 ], [ -122.307358302661001, 47.733890775827497, 0.0 ], [ -122.306150917574996, 47.7338770885464, 0.0 ], [ -122.305993210240999, 47.733875302976799, 0.0 ], [ -122.304912577243002, 47.733863041218001, 0.0 ], [ -122.303611737447994, 47.7338482632695, 0.0 ], [ -122.301940127489999, 47.733829255612903, 0.0 ], [ -122.300584856761006, 47.733818409058301, 0.0 ], [ -122.299231731660996, 47.733807556799199, 0.0 ], [ -122.299229136071006, 47.733807535318498, 0.0 ], [ -122.296518728715, 47.733785760006597, 0.0 ], [ -122.293808548661005, 47.733763917413199, 0.0 ], [ -122.292591065164004, 47.733754084284698, 0.0 ], [ -122.292433667508007, 47.733752811756403, 0.0 ], [ -122.292432641681003, 47.733752799568798, 0.0 ], [ -122.291092611501, 47.733741995453201, 0.0 ], [ -122.289754959416996, 47.733742146852897, 0.0 ], [ -122.288413242825001, 47.733742279579303, 0.0 ], [ -122.286708918778999, 47.733742427920902, 0.0 ], [ -122.286686326915003, 47.733742428938903, 0.0 ], [ -122.286556672401005, 47.733742439973803, 0.0 ], [ -122.285708799898998, 47.733742503677, 0.0 ], [ -122.284764495565, 47.733742598646103, 0.0 ], [ -122.284540284434001, 47.733742621014599, 0.0 ], [ -122.284210007050007, 47.733739596615798, 0.0 ], [ -122.283714424731997, 47.733742086092199, 0.0 ], [ -122.280878589818997, 47.731202954145402, 0.0 ], [ -122.281558485630001, 47.729530593253003, 0.0 ], [ -122.279522068374007, 47.725356470648798, 0.0 ], [ -122.280130291082997, 47.722973972136202, 0.0 ], [ -122.280089516241006, 47.720422477525197, 0.0 ], [ -122.278242336193998, 47.719187380521497, 0.0 ], [ -122.277212863480997, 47.7159421485416, 0.0 ], [ -122.276262781800995, 47.712946873199797, 0.0 ], [ -122.274581771978006, 47.7076242147077, 0.0 ], [ -122.274436072515002, 47.707162306665602, 0.0 ], [ -122.274415262990999, 47.704998230305797, 0.0 ], [ -122.274175163753, 47.704583900848597, 0.0 ], [ -122.273197029100999, 47.702942241760297, 0.0 ], [ -122.271425085535, 47.697441720957698, 0.0 ], [ -122.271401934186997, 47.697343517634302, 0.0 ], [ -122.271287614734007, 47.696677739817801, 0.0 ], [ -122.271107124287994, 47.695605459494203, 0.0 ], [ -122.270051109486005, 47.6943094186, 0.0 ], [ -122.269362067491002, 47.693470381474299, 0.0 ], [ -122.267575198583003, 47.692335100668899, 0.0 ], [ -122.266177463787997, 47.690527635140299, 0.0 ], [ -122.266020205664006, 47.690437347437999, 0.0 ], [ -122.264542789914003, 47.6901020298722, 0.0 ], [ -122.262440714350006, 47.688382155128501, 0.0 ], [ -122.262208319145003, 47.688248713911698, 0.0 ], [ -122.254772271891994, 47.688242242275898, 0.0 ], [ -122.250269394639005, 47.686410251432598, 0.0 ], [ -122.247626794059997, 47.685479795578601, 0.0 ], [ -122.245529996239995, 47.683640155460601, 0.0 ], [ -122.245420514027998, 47.681309285715699, 0.0 ], [ -122.246378749076001, 47.679951372752797, 0.0 ], [ -122.247546507978996, 47.678296437244398, 0.0 ], [ -122.249386182164002, 47.675689027898102, 0.0 ], [ -122.251049984049999, 47.673342172095502, 0.0 ], [ -122.251922194364994, 47.672158823264802, 0.0 ], [ -122.256058547189994, 47.668979454071298, 0.0 ], [ -122.258184090016002, 47.667346537100798, 0.0 ], [ -122.258735073623001, 47.666923233778498, 0.0 ], [ -122.262046094054995, 47.665446833286602, 0.0 ], [ -122.265689296597998, 47.663822103304803, 0.0 ], [ -122.266176726224998, 47.6636047111447, 0.0 ], [ -122.266815332361006, 47.662231204877301, 0.0 ], [ -122.267062990013002, 47.659967952282102, 0.0 ], [ -122.268103058921994, 47.657844223418799, 0.0 ], [ -122.269281281773999, 47.656859128784497, 0.0 ], [ -122.273332195552001, 47.654283475074699, 0.0 ], [ -122.276003714596996, 47.652401788510502, 0.0 ], [ -122.275792990859998, 47.6510325246119, 0.0 ], [ -122.274792167935004, 47.6504914760256, 0.0 ], [ -122.274699441118997, 47.649052640071098, 0.0 ], [ -122.275644354872995, 47.648097944883297, 0.0 ], [ -122.277793309361002, 47.647856490243903, 0.0 ], [ -122.279312251045994, 47.649279602705697, 0.0 ], [ -122.281872433076003, 47.652934190354102, 0.0 ], [ -122.288403037167996, 47.653985219687499, 0.0 ], [ -122.290311432699994, 47.654020667349897, 0.0 ], [ -122.290295266981005, 47.647701825688202, 0.0 ], [ -122.278292081622993, 47.643027179711197, 0.0 ], [ -122.277796315190997, 47.643026737643901, 0.0 ], [ -122.276429811089002, 47.641954035474598, 0.0 ], [ -122.275748878596005, 47.641427743773498, 0.0 ], [ -122.275162449703998, 47.6409697329279, 0.0 ], [ -122.275325617491006, 47.633608917519197, 0.0 ], [ -122.275355107324998, 47.633227659107803, 0.0 ], [ -122.275754916872003, 47.633229765222602, 0.0 ], [ -122.275937958731006, 47.630820755523303, 0.0 ], [ -122.279947654767, 47.6265428194816, 0.0 ], [ -122.281200654936001, 47.625201637076501, 0.0 ], [ -122.282000983478994, 47.624352873443698, 0.0 ], [ -122.282004075060996, 47.623373586384197, 0.0 ], [ -122.279336716852001, 47.621103712494403, 0.0 ], [ -122.279353491351003, 47.619978969824601, 0.0 ], [ -122.279566320659001, 47.616709794856298, 0.0 ], [ -122.280523887935999, 47.613840851699003, 0.0 ], [ -122.281116729814997, 47.612069001876201, 0.0 ], [ -122.281299227689999, 47.611524110460202, 0.0 ], [ -122.281614031497995, 47.610584230122797, 0.0 ], [ -122.281831552358, 47.6092534594044, 0.0 ], [ -122.282033737822005, 47.608033448237997, 0.0 ], [ -122.282070021006007, 47.607814463466703, 0.0 ], [ -122.282242411851996, 47.606774173208002, 0.0 ], [ -122.282506416043006, 47.605180962668904, 0.0 ], [ -122.282603496948994, 47.604595069295399, 0.0 ], [ -122.282677075221997, 47.604151011797697, 0.0 ], [ -122.283276059873003, 47.603138361098203, 0.0 ], [ -122.283766804297997, 47.601743593991401, 0.0 ], [ -122.284170763633, 47.600595426749599, 0.0 ], [ -122.284309146045999, 47.600202094862198, 0.0 ], [ -122.285179071277, 47.598530952257903, 0.0 ], [ -122.286031343969, 47.596166998818802, 0.0 ], [ -122.286899503458002, 47.5934084369879, 0.0 ], [ -122.285164923059, 47.590651049611097, 0.0 ], [ -122.284103537939998, 47.590353352263399, 0.0 ], [ -122.283320694671005, 47.589186853186902, 0.0 ], [ -122.283502900713998, 47.586234120176996, 0.0 ], [ -122.285432957366993, 47.584376697042501, 0.0 ], [ -122.285145439269996, 47.583530995403599, 0.0 ], [ -122.283812645530006, 47.582604887450302, 0.0 ], [ -122.283124052530994, 47.5821262832605, 0.0 ], [ -122.281388189737001, 47.579108576247798, 0.0 ], [ -122.280613716654003, 47.577396773933302, 0.0 ], [ -122.280262368712002, 47.5766195667847, 0.0 ], [ -122.279739255514997, 47.574435767216102, 0.0 ], [ -122.279234798589997, 47.572922272237101, 0.0 ], [ -122.277082028801004, 47.572877736304299, 0.0 ], [ -122.275625057767996, 47.572847554222598, 0.0 ], [ -122.273880747853994, 47.572811401474802, 0.0 ], [ -122.273635819171005, 47.571115810652998, 0.0 ], [ -122.270265264147, 47.568655080543401, 0.0 ], [ -122.266815294227996, 47.568117505558803, 0.0 ], [ -122.266368979397996, 47.566290295718296, 0.0 ], [ -122.265895148831007, 47.563479967944303, 0.0 ], [ -122.264486532375003, 47.562693073060402, 0.0 ], [ -122.261999954215, 47.561115026946503, 0.0 ], [ -122.261589634646, 47.560407360817798, 0.0 ], [ -122.259712389328996, 47.557165211144202, 0.0 ], [ -122.259519585079005, 47.557520440741897, 0.0 ], [ -122.257665841667006, 47.560943289253899, 0.0 ], [ -122.256128582759999, 47.563781443325503, 0.0 ], [ -122.250470298612001, 47.564567382737998, 0.0 ], [ -122.245684818623999, 47.563464644529098, 0.0 ], [ -122.242676664526002, 47.5572435981314, 0.0 ], [ -122.242785591596004, 47.551520309301502, 0.0 ], [ -122.245904894323004, 47.547587285647403, 0.0 ], [ -122.246616605529994, 47.546689572000098, 0.0 ], [ -122.253231666754999, 47.544729560152497, 0.0 ], [ -122.254866016552, 47.543127148748901, 0.0 ], [ -122.256511124404994, 47.541514677264097, 0.0 ], [ -122.258015479155006, 47.538590119749003, 0.0 ], [ -122.259924391842006, 47.535973429267699, 0.0 ], [ -122.260431043482996, 47.535253599787403, 0.0 ], [ -122.261385385908, 47.533898734765003, 0.0 ], [ -122.260002311568002, 47.5315915660779, 0.0 ], [ -122.257526951795995, 47.527956961240903, 0.0 ], [ -122.257636811647998, 47.524736993803103, 0.0 ], [ -122.258490308381994, 47.523325231555397, 0.0 ], [ -122.259025723205994, 47.522439714324904, 0.0 ], [ -122.255486849462997, 47.520919486051902, 0.0 ], [ -122.253455291907002, 47.519022705000403, 0.0 ], [ -122.250959694648998, 47.517042222475801, 0.0 ], [ -122.247339410273995, 47.514941642639798, 0.0 ], [ -122.244070916292003, 47.513641214238, 0.0 ], [ -122.236920698705006, 47.512746340380602, 0.0 ], [ -122.234856831358996, 47.512056567269802, 0.0 ], [ -122.231633311313999, 47.509489387228598, 0.0 ], [ -122.236006585005995, 47.509547902920097, 0.0 ], [ -122.236605153, 47.5095563010902, 0.0 ], [ -122.237345004103005, 47.509566650141998, 0.0 ], [ -122.238023618103995, 47.509576123515998, 0.0 ], [ -122.238818628101996, 47.5095872402851, 0.0 ], [ -122.241113643397, 47.509621664632398, 0.0 ], [ -122.243549782542004, 47.509655661339202, 0.0 ], [ -122.243808377582994, 47.5096592627036, 0.0 ], [ -122.244911552766993, 47.5096737901141, 0.0 ], [ -122.245095275240999, 47.509677205479903, 0.0 ], [ -122.245933805985999, 47.5096888830968, 0.0 ], [ -122.246289562924005, 47.509693797068302, 0.0 ], [ -122.246780432886993, 47.509700626719798, 0.0 ], [ -122.247144288054002, 47.509705694549801, 0.0 ], [ -122.246983330237995, 47.509291823894401, 0.0 ], [ -122.247003031823994, 47.509253575172004, 0.0 ], [ -122.247014928606006, 47.509207155553, 0.0 ], [ -122.247014660676001, 47.509160077426898, 0.0 ], [ -122.247003285709994, 47.509113690168597, 0.0 ], [ -122.246979825384003, 47.509069338964402, 0.0 ], [ -122.246945330228002, 47.5090283395241, 0.0 ], [ -122.246901338898994, 47.508991870709302, 0.0 ], [ -122.246848909663996, 47.508961075176401, 0.0 ], [ -122.246789572009007, 47.508936794429601, 0.0 ], [ -122.246752351995994, 47.508925948156502, 0.0 ], [ -122.246935913696007, 47.508326731636203, 0.0 ], [ -122.246971656783003, 47.5082105045487, 0.0 ], [ -122.246386853659999, 47.507566421924999, 0.0 ], [ -122.246187355320998, 47.507345808168097, 0.0 ], [ -122.246076564518006, 47.507232565428602, 0.0 ], [ -122.246072737586999, 47.507149288234402, 0.0 ], [ -122.246068559327995, 47.507057639797701, 0.0 ], [ -122.246048475180999, 47.506614473591704, 0.0 ], [ -122.246034692238993, 47.506321712677, 0.0 ], [ -122.246027777246994, 47.506171273894402, 0.0 ], [ -122.246080694555005, 47.505971543450201, 0.0 ], [ -122.246105309751997, 47.505878637238503, 0.0 ], [ -122.246147704446997, 47.505718621980897, 0.0 ], [ -122.246200818801995, 47.505518156073499, 0.0 ], [ -122.246277531635997, 47.505236982404703, 0.0 ], [ -122.246195813308006, 47.505097545738003, 0.0 ], [ -122.246039776038003, 47.504833058762898, 0.0 ], [ -122.245648013644001, 47.5041689974774, 0.0 ], [ -122.245572151706, 47.504040407924101, 0.0 ], [ -122.245513041048, 47.5039402096331, 0.0 ], [ -122.245483569754001, 47.5038902507481, 0.0 ], [ -122.245495890403006, 47.5038143099518, 0.0 ], [ -122.245545428838, 47.503508973272503, 0.0 ], [ -122.245572486681993, 47.5033422086588, 0.0 ], [ -122.245598897532005, 47.503179431079197, 0.0 ], [ -122.245622639266998, 47.503033090949003, 0.0 ], [ -122.248020742807995, 47.503066602566903, 0.0 ], [ -122.248010725759997, 47.5037657675974, 0.0 ], [ -122.247977220118997, 47.5061552711676, 0.0 ], [ -122.247974145769007, 47.506374441208898, 0.0 ], [ -122.248086874904999, 47.506374908798399, 0.0 ], [ -122.248782980369995, 47.506377885792901, 0.0 ], [ -122.248783671712999, 47.506328821488196, 0.0 ], [ -122.248838269087003, 47.503048420869099, 0.0 ], [ -122.248838862683996, 47.502995759494098, 0.0 ], [ -122.246244653963998, 47.502959518897597, 0.0 ], [ -122.245637466478001, 47.502951050805599, 0.0 ], [ -122.245082901491998, 47.502943292018799, 0.0 ], [ -122.244952352515995, 47.502941447458099, 0.0 ], [ -122.244817762351005, 47.502939564393301, 0.0 ], [ -122.244448386477998, 47.502934385351097, 0.0 ], [ -122.244243462640995, 47.502931532168297, 0.0 ], [ -122.244146312583993, 47.502930170213403, 0.0 ], [ -122.244106337437998, 47.502929595391002, 0.0 ], [ -122.243830575988, 47.502925782293097, 0.0 ], [ -122.243574036846994, 47.502922155861903, 0.0 ], [ -122.243527485431002, 47.502921489553003, 0.0 ], [ -122.243490045501005, 47.5029209716159, 0.0 ], [ -122.243325594745997, 47.502918685633702, 0.0 ], [ -122.243135853471003, 47.502916030024501, 0.0 ], [ -122.242941553362996, 47.502913299919697, 0.0 ], [ -122.242511963729996, 47.5029072759176, 0.0 ], [ -122.242383445949002, 47.502905487567197, 0.0 ], [ -122.242255432248996, 47.502903692817199, 0.0 ], [ -122.241864808586996, 47.502898212180199, 0.0 ], [ -122.241797002807004, 47.502897256191197, 0.0 ], [ -122.241362868289002, 47.502891199849998, 0.0 ], [ -122.241239406031994, 47.502889431887098, 0.0 ], [ -122.241096209987006, 47.5028874359773, 0.0 ], [ -122.240818928150006, 47.502883545834699, 0.0 ], [ -122.240822549384006, 47.502624260133302, 0.0 ], [ -122.240824552568995, 47.502417344638701, 0.0 ], [ -122.240825369793001, 47.502316397006297, 0.0 ], [ -122.240826487622002, 47.502170545163999, 0.0 ], [ -122.240826853447999, 47.502109146262498, 0.0 ], [ -122.240827514572004, 47.502021096166402, 0.0 ], [ -122.240828231896003, 47.501972719279202, 0.0 ], [ -122.240828941120995, 47.501868001749997, 0.0 ], [ -122.240829678471002, 47.501801456033, 0.0 ], [ -122.240829966920003, 47.501718510583103, 0.0 ], [ -122.240831216502997, 47.501596221003602, 0.0 ], [ -122.240831382292995, 47.501546091886603, 0.0 ], [ -122.240840603099997, 47.501381717921497, 0.0 ], [ -122.240842123159993, 47.501232089858199, 0.0 ], [ -122.240843625303, 47.501081567719702, 0.0 ], [ -122.240845276437, 47.500936565599602, 0.0 ], [ -122.240846713680995, 47.500783639786697, 0.0 ], [ -122.240848089259998, 47.500628660385097, 0.0 ], [ -122.24084964555, 47.5004801455269, 0.0 ], [ -122.240851147534997, 47.500329619172497, 0.0 ], [ -122.240852707336003, 47.500181235040898, 0.0 ], [ -122.240854625588995, 47.500027451152498, 0.0 ], [ -122.240855943301, 47.4998703295296, 0.0 ], [ -122.240857871778005, 47.499716925169302, 0.0 ], [ -122.240862035917999, 47.499552487331201, 0.0 ], [ -122.240876097192995, 47.4992489816632, 0.0 ], [ -122.241107820926004, 47.499252238253398, 0.0 ], [ -122.241357766025004, 47.499255778844699, 0.0 ], [ -122.241458956296995, 47.499257181581399, 0.0 ], [ -122.241734700454003, 47.499261084777302, 0.0 ], [ -122.241877376305993, 47.499263086211698, 0.0 ], [ -122.242092411764006, 47.499266117535498, 0.0 ], [ -122.242316041495002, 47.499269299129303, 0.0 ], [ -122.242532590254001, 47.499272353025702, 0.0 ], [ -122.242764320302996, 47.499275601941498, 0.0 ], [ -122.242991997136997, 47.499278816336897, 0.0 ], [ -122.243139231507996, 47.499280886145598, 0.0 ], [ -122.243209050012993, 47.499281862685898, 0.0 ], [ -122.243440781285997, 47.499285152391003, 0.0 ], [ -122.243545004398001, 47.4992865999739, 0.0 ], [ -122.243650243066, 47.499288081249603, 0.0 ], [ -122.243849089269006, 47.499290922237002, 0.0 ], [ -122.244071198482999, 47.499294030679202, 0.0 ], [ -122.244291794586005, 47.499297119524201, 0.0 ], [ -122.244517454318, 47.499300313744698, 0.0 ], [ -122.244736532025996, 47.499303416378901, 0.0 ], [ -122.245132696707003, 47.499308986647897, 0.0 ], [ -122.245176205853994, 47.499309601500599, 0.0 ], [ -122.245404393244002, 47.499312804714798, 0.0 ], [ -122.245631566366001, 47.499316020086297, 0.0 ], [ -122.245849129809997, 47.499319055042498, 0.0 ], [ -122.246086421811, 47.499322400947698, 0.0 ], [ -122.246309546846007, 47.499325538778699, 0.0 ], [ -122.246533687348006, 47.499328705717097, 0.0 ], [ -122.246763898419999, 47.499331923198802, 0.0 ], [ -122.246986015348, 47.499335068032202, 0.0 ], [ -122.247223811531995, 47.499338405285499, 0.0 ], [ -122.247453518651, 47.4993416276454, 0.0 ], [ -122.247674620336994, 47.499344745811399, 0.0 ], [ -122.247908368319997, 47.499348001286599, 0.0 ], [ -122.248093047973001, 47.499350627462, 0.0 ], [ -122.248458345570995, 47.499355760797499, 0.0 ], [ -122.248814034548005, 47.499360751200797, 0.0 ], [ -122.248899539760004, 47.4993619547501, 0.0 ], [ -122.249042064278996, 47.499358123476199, 0.0 ], [ -122.249508036101005, 47.4993456265953, 0.0 ], [ -122.249573045565, 47.499560531735, 0.0 ], [ -122.249640285412994, 47.499782820741501, 0.0 ], [ -122.249694142815002, 47.499959519733103, 0.0 ], [ -122.249871957352994, 47.500547336721098, 0.0 ], [ -122.250001974561997, 47.5009768429316, 0.0 ], [ -122.250020841639994, 47.5010382171807, 0.0 ], [ -122.250049704863997, 47.5011325389167, 0.0 ], [ -122.250057498201002, 47.501158874137403, 0.0 ], [ -122.250227844118001, 47.501713454329703, 0.0 ], [ -122.250235626437998, 47.501739148482201, 0.0 ], [ -122.250244515776004, 47.501768469294703, 0.0 ], [ -122.250356608754004, 47.502133762869398, 0.0 ], [ -122.250431552471994, 47.502378835930003, 0.0 ], [ -122.250553349458997, 47.502635658787803, 0.0 ], [ -122.250637078976993, 47.502776081834298, 0.0 ], [ -122.250732351427999, 47.502913104144803, 0.0 ], [ -122.250818741830997, 47.502909326004598, 0.0 ], [ -122.250997075241997, 47.502901531469703, 0.0 ], [ -122.251390122854005, 47.5028843693688, 0.0 ], [ -122.251522477389003, 47.50287843057, 0.0 ], [ -122.251654841673002, 47.502872622265002, 0.0 ], [ -122.252601572271004, 47.502831019974202, 0.0 ], [ -122.253719058718005, 47.502781870242302, 0.0 ], [ -122.253824138954997, 47.502777257015602, 0.0 ], [ -122.254172724737998, 47.502761928053701, 0.0 ], [ -122.256848247639994, 47.502645388379797, 0.0 ], [ -122.258187012798004, 47.502587084364301, 0.0 ], [ -122.259502538136005, 47.5025297397925, 0.0 ], [ -122.259503361095, 47.5024858580623, 0.0 ], [ -122.259504891093002, 47.5023938565623, 0.0 ], [ -122.259511763963005, 47.502053378843399, 0.0 ], [ -122.259526778761, 47.501307764653603, 0.0 ], [ -122.259537239389005, 47.500802597591701, 0.0 ], [ -122.259549909534002, 47.500156318280297, 0.0 ], [ -122.259571429242001, 47.499075503992202, 0.0 ], [ -122.259582141813993, 47.4985424838654, 0.0 ], [ -122.259604901418996, 47.497414652551797, 0.0 ], [ -122.259606107115999, 47.497347674474497, 0.0 ], [ -122.259608212190003, 47.497258276941999, 0.0 ], [ -122.259633348807, 47.496106337121098, 0.0 ], [ -122.259635714756996, 47.495989385920403, 0.0 ], [ -122.259637555362005, 47.495871888708301, 0.0 ], [ -122.259640813953993, 47.495621215570502, 0.0 ], [ -122.264329654142998, 47.495573997915201, 0.0 ], [ -122.264969198578001, 47.495566665299499, 0.0 ], [ -122.266855032462999, 47.495547283055998, 0.0 ], [ -122.266912168166002, 47.495546688203703, 0.0 ], [ -122.267772672462996, 47.495537832039801, 0.0 ], [ -122.267846996287005, 47.495537108147502, 0.0 ], [ -122.268054283058007, 47.495534961424099, 0.0 ], [ -122.268395051504996, 47.495531468952898, 0.0 ], [ -122.268485041635003, 47.4955305044436, 0.0 ], [ -122.268872828398003, 47.495526542755897, 0.0 ], [ -122.269414815595994, 47.495520933174603, 0.0 ], [ -122.269481553244006, 47.4955202577625, 0.0 ], [ -122.270149469762998, 47.495514806575798, 0.0 ], [ -122.270297110149002, 47.495513625700802, 0.0 ], [ -122.270296344496998, 47.495595848060901, 0.0 ], [ -122.270295684277002, 47.495627005185497, 0.0 ], [ -122.270295231646003, 47.495683993250097, 0.0 ], [ -122.270294544234005, 47.495714163610003, 0.0 ], [ -122.270294328115995, 47.495742914836498, 0.0 ], [ -122.270293553214998, 47.4958065045792, 0.0 ], [ -122.270293154897999, 47.495847166694197, 0.0 ], [ -122.270292613774998, 47.495882646185898, 0.0 ], [ -122.270291960465997, 47.495932351589403, 0.0 ], [ -122.270291177309005, 47.495995641929298, 0.0 ], [ -122.270290289108004, 47.496055120152398, 0.0 ], [ -122.270289523312996, 47.496119266610599, 0.0 ], [ -122.270288733062003, 47.496182299717098, 0.0 ], [ -122.270287875530997, 47.496242891213399, 0.0 ], [ -122.270287525545001, 47.496285307577097, 0.0 ], [ -122.270286390180999, 47.496390934159102, 0.0 ], [ -122.270284594868997, 47.496490907981801, 0.0 ], [ -122.270281762124995, 47.496700063270303, 0.0 ], [ -122.270280905443002, 47.496760912079203, 0.0 ], [ -122.270276500246993, 47.497096428768401, 0.0 ], [ -122.270272996019003, 47.497354859412901, 0.0 ], [ -122.270272253440993, 47.497382803148497, 0.0 ], [ -122.270270064063993, 47.497560417650597, 0.0 ], [ -122.270269126195004, 47.497618095239801, 0.0 ], [ -122.270267968401996, 47.497704612690697, 0.0 ], [ -122.270260190303006, 47.498266515291398, 0.0 ], [ -122.270259737676994, 47.498305208094997, 0.0 ], [ -122.270251245527007, 47.4989148468702, 0.0 ], [ -122.270249010363997, 47.499072281059803, 0.0 ], [ -122.270246961831006, 47.499199892918298, 0.0 ], [ -122.270233678840995, 47.500149381361197, 0.0 ], [ -122.270233247367997, 47.500207141129202, 0.0 ], [ -122.270231931382, 47.500269624059001, 0.0 ], [ -122.270289969274998, 47.500283282832001, 0.0 ], [ -122.270426445948004, 47.500316986096699, 0.0 ], [ -122.270489590059, 47.500332512177302, 0.0 ], [ -122.270502669950005, 47.500384958692102, 0.0 ], [ -122.270593221924997, 47.500771071441299, 0.0 ], [ -122.270655124046996, 47.501035103088697, 0.0 ], [ -122.270771520509996, 47.501532841094601, 0.0 ], [ -122.270591800516002, 47.501490084445301, 0.0 ], [ -122.270217596329005, 47.501401209447003, 0.0 ], [ -122.270217169475998, 47.501459137893498, 0.0 ], [ -122.270199385593997, 47.502630955758796, 0.0 ], [ -122.270178965488, 47.503707137565598, 0.0 ], [ -122.270164272515004, 47.504477002685199, 0.0 ], [ -122.270156189073006, 47.504899583370303, 0.0 ], [ -122.270133912112996, 47.506091892081301, 0.0 ], [ -122.270132900549001, 47.5061471323598, 0.0 ], [ -122.270107067726002, 47.507026770783497, 0.0 ], [ -122.270079624523007, 47.508784462983598, 0.0 ], [ -122.270065907051006, 47.509663484094503, 0.0 ], [ -122.270187389472994, 47.509666186689401, 0.0 ], [ -122.271416898843995, 47.509693555287299, 0.0 ], [ -122.271560654227997, 47.509696788532203, 0.0 ], [ -122.271702889840995, 47.5096999986594, 0.0 ], [ -122.272738540942996, 47.509723552142603, 0.0 ], [ -122.273993882249002, 47.509752147381498, 0.0 ], [ -122.274074872084, 47.509753992711403, 0.0 ], [ -122.274155860643006, 47.5097557915972, 0.0 ], [ -122.275411713976993, 47.509784368908001, 0.0 ], [ -122.275416809494999, 47.509456507673498, 0.0 ], [ -122.275426284581997, 47.508811597668597, 0.0 ], [ -122.275428991083004, 47.508653296625901, 0.0 ], [ -122.275431529212995, 47.508489134117703, 0.0 ], [ -122.275441514166005, 47.507844213419403, 0.0 ], [ -122.275446254493005, 47.507521756272098, 0.0 ], [ -122.275451498986996, 47.507199296940897, 0.0 ], [ -122.27556693759, 47.507203141940401, 0.0 ], [ -122.275681964217995, 47.507210548183302, 0.0 ], [ -122.275805939185005, 47.5072303988862, 0.0 ], [ -122.275927065730002, 47.507256879029299, 0.0 ], [ -122.276044316226006, 47.507289748572099, 0.0 ], [ -122.276158202597998, 47.507328832286198, 0.0 ], [ -122.276808096981995, 47.507744765298199, 0.0 ], [ -122.276917127727003, 47.507809444093503, 0.0 ], [ -122.277032579121993, 47.507868557217002, 0.0 ], [ -122.277154440407998, 47.507921716690802, 0.0 ], [ -122.277281701377007, 47.507968640049199, 0.0 ], [ -122.277413329137005, 47.508009125268103, 0.0 ], [ -122.277543358228002, 47.508064711526004, 0.0 ], [ -122.277695915704001, 47.508093658633904, 0.0 ], [ -122.277851276570999, 47.508114348175603, 0.0 ], [ -122.278008939122998, 47.508126651531597, 0.0 ], [ -122.278167376263994, 47.508130507969703, 0.0 ], [ -122.278197767961998, 47.509847668975397, 0.0 ], [ -122.278415425587994, 47.509852610927602, 0.0 ], [ -122.279507277559006, 47.509877382955999, 0.0 ], [ -122.280759061642996, 47.509905784297104, 0.0 ], [ -122.282454688767999, 47.509944539392897, 0.0 ], [ -122.283902611114002, 47.509977616786003, 0.0 ], [ -122.284883286172004, 47.510000011195899, 0.0 ], [ -122.286523473014995, 47.510037486384803, 0.0 ], [ -122.28984428039, 47.510113492438499, 0.0 ], [ -122.291338069450006, 47.510147654447898, 0.0 ], [ -122.291315694893001, 47.512207551039602, 0.0 ], [ -122.291304237760002, 47.513306242222399, 0.0 ], [ -122.291298570978, 47.513841216917697, 0.0 ], [ -122.291285590987997, 47.515018399004703, 0.0 ], [ -122.291264961617998, 47.516889034145699, 0.0 ], [ -122.291265818347, 47.518309623810801, 0.0 ], [ -122.291267031863995, 47.519144727887898, 0.0 ], [ -122.291267785168998, 47.519660805959496, 0.0 ], [ -122.291268550555998, 47.520184662674602, 0.0 ], [ -122.291269136336993, 47.520917169786102, 0.0 ], [ -122.291270375235996, 47.521847800046302, 0.0 ], [ -122.291271016828006, 47.522328043941002, 0.0 ], [ -122.291274988590999, 47.524274822545401, 0.0 ], [ -122.291276451220995, 47.524280300396903, 0.0 ], [ -122.291276674949003, 47.524280951383297, 0.0 ], [ -122.292283094035, 47.524299052944102, 0.0 ], [ -122.293463993475996, 47.5243202816051, 0.0 ], [ -122.295528969290004, 47.524357347950598, 0.0 ], [ -122.296678049437006, 47.5243779614595, 0.0 ], [ -122.297417430459006, 47.524391214291803, 0.0 ], [ -122.298897209589001, 47.5244177345987, 0.0 ], [ -122.300757000000999, 47.524451029492297, 0.0 ], [ -122.301369725624994, 47.524461994775301, 0.0 ], [ -122.300960099728002, 47.524582510207402, 0.0 ], [ -122.300725857591999, 47.524670799420498, 0.0 ], [ -122.300575291499001, 47.524736037764697, 0.0 ], [ -122.300358739301998, 47.524843055420497, 0.0 ], [ -122.299927274281004, 47.525113894976599, 0.0 ], [ -122.299702816959993, 47.525353544298497, 0.0 ], [ -122.299618385713003, 47.5255590262109, 0.0 ], [ -122.299612221969994, 47.525772280682503, 0.0 ], [ -122.299730656730006, 47.526162632908502, 0.0 ], [ -122.299971704376006, 47.526612017016603, 0.0 ], [ -122.300044179150007, 47.526767311485997, 0.0 ], [ -122.300213014483006, 47.527229903102899, 0.0 ], [ -122.300270772030004, 47.527452853082202, 0.0 ], [ -122.300386539512004, 47.5279220481913, 0.0 ], [ -122.300579435230006, 47.528384189445497, 0.0 ], [ -122.300704859944005, 47.528608889185598, 0.0 ], [ -122.300901247479004, 47.528900226359497, 0.0 ], [ -122.301129889720997, 47.529180566646801, 0.0 ], [ -122.301220832517998, 47.529270843385703, 0.0 ], [ -122.301369621700005, 47.529400123031103, 0.0 ], [ -122.301648403382998, 47.529597398638799, 0.0 ], [ -122.301961760680996, 47.5297692239062, 0.0 ], [ -122.302164305141005, 47.5298589431018, 0.0 ], [ -122.302563420702995, 47.530011345715899, 0.0 ], [ -122.302825726270001, 47.530092980344598, 0.0 ], [ -122.303365690915996, 47.530270075504099, 0.0 ], [ -122.303622720430994, 47.530375003375902, 0.0 ], [ -122.303869823821998, 47.530490347956203, 0.0 ], [ -122.304106098309006, 47.530615678060599, 0.0 ], [ -122.304465314500007, 47.530829931134903, 0.0 ], [ -122.304690748992996, 47.531009569548203, 0.0 ], [ -122.304872541188999, 47.531210620381302, 0.0 ], [ -122.304983589052, 47.531383652952897, 0.0 ], [ -122.305062193149993, 47.531564656719802, 0.0 ], [ -122.305099108765006, 47.531703973777098, 0.0 ], [ -122.305527263726006, 47.531706547235103, 0.0 ], [ -122.306686962775004, 47.531716964303399, 0.0 ], [ -122.307785991483001, 47.5317268280942, 0.0 ], [ -122.308489551215004, 47.531732713169298, 0.0 ], [ -122.309396603753001, 47.531740556914102, 0.0 ], [ -122.310406260486005, 47.531749632814901, 0.0 ], [ -122.313136145241998, 47.531774125996002, 0.0 ], [ -122.316921432441006, 47.531809649245098, 0.0 ], [ -122.317564450326998, 47.531815683380799, 0.0 ], [ -122.318465582789003, 47.531824134292101, 0.0 ], [ -122.318482752026995, 47.5308497133244, 0.0 ], [ -122.318495325577999, 47.530136912031999, 0.0 ], [ -122.318500163180005, 47.529862658045701, 0.0 ], [ -122.318507703437007, 47.529435013807401, 0.0 ], [ -122.317563639027995, 47.529427662501803, 0.0 ], [ -122.317569856291001, 47.529059638390798, 0.0 ], [ -122.317571150261998, 47.528998567653097, 0.0 ], [ -122.317571430851999, 47.528972772297003, 0.0 ], [ -122.317583677242993, 47.5282301288509, 0.0 ], [ -122.317481334297, 47.528172428471898, 0.0 ], [ -122.317406801900006, 47.528149753409998, 0.0 ], [ -122.314894873588997, 47.527388173363804, 0.0 ], [ -122.314707040829006, 47.527331581183901, 0.0 ], [ -122.314549780201006, 47.527282347848498, 0.0 ], [ -122.313166187527003, 47.526941265669301, 0.0 ], [ -122.312893547596005, 47.526874081640401, 0.0 ], [ -122.312088392294001, 47.526676215204503, 0.0 ], [ -122.311780871690999, 47.526574351247, 0.0 ], [ -122.311702201219006, 47.526548338936202, 0.0 ], [ -122.311326375274007, 47.526161296359, 0.0 ], [ -122.310880254851, 47.525579240657699, 0.0 ], [ -122.310816689605005, 47.525496778170499, 0.0 ], [ -122.310734698841003, 47.525389151728298, 0.0 ], [ -122.309840870177993, 47.524614418533403, 0.0 ], [ -122.309785882963993, 47.524566890946303, 0.0 ], [ -122.309732453850003, 47.5245204989412, 0.0 ], [ -122.309695912242006, 47.524427404276103, 0.0 ], [ -122.309690331352002, 47.5243376743176, 0.0 ], [ -122.309805427477997, 47.523952687062199, 0.0 ], [ -122.309805325472993, 47.523895663300202, 0.0 ], [ -122.309575058834994, 47.523251203091299, 0.0 ], [ -122.309712810476995, 47.522344511910397, 0.0 ], [ -122.309675156108995, 47.522176237747402, 0.0 ], [ -122.309798123245002, 47.522176567371702, 0.0 ], [ -122.312853056972003, 47.522185576438503, 0.0 ], [ -122.312898603354995, 47.522185713004397, 0.0 ], [ -122.313478516725993, 47.5221874092977, 0.0 ], [ -122.313529624707002, 47.522187557512197, 0.0 ], [ -122.314698570450005, 47.522190998955502, 0.0 ], [ -122.314982411306005, 47.522190296432399, 0.0 ], [ -122.315103847426997, 47.522190214219698, 0.0 ], [ -122.315265331418999, 47.522192693126001, 0.0 ], [ -122.315712164236004, 47.522194059683599, 0.0 ], [ -122.317555629408005, 47.522198779135699, 0.0 ], [ -122.317553566420997, 47.521184392028097, 0.0 ], [ -122.317552888856, 47.520645340229699, 0.0 ], [ -122.317551944330006, 47.5203101449789, 0.0 ], [ -122.317546074210995, 47.5186647211912, 0.0 ], [ -122.317748512012002, 47.518666614885198, 0.0 ], [ -122.318376996772997, 47.51866941, 0.0 ], [ -122.318803024049004, 47.5186698379731, 0.0 ], [ -122.320219835860001, 47.518674181367601, 0.0 ], [ -122.320341275931, 47.5186745194626, 0.0 ], [ -122.320462713477994, 47.518674768873097, 0.0 ], [ -122.321792453458997, 47.518677448412703, 0.0 ], [ -122.322255547468004, 47.518682304879398, 0.0 ], [ -122.323106170404003, 47.518685975292399, 0.0 ], [ -122.323227607990006, 47.518686221747302, 0.0 ], [ -122.323287822086996, 47.518686334672402, 0.0 ], [ -122.324068570964997, 47.518688083821203, 0.0 ], [ -122.324132323206001, 47.518688234232997, 0.0 ], [ -122.324790118083001, 47.518689837205798, 0.0 ], [ -122.324914591131005, 47.518689961849503, 0.0 ], [ -122.324976826991005, 47.5186900009274, 0.0 ], [ -122.325036025114002, 47.518690079864598, 0.0 ], [ -122.325878976819993, 47.518690915298301, 0.0 ], [ -122.325880425942003, 47.519359819499897, 0.0 ], [ -122.325881742327994, 47.5199360076329, 0.0 ], [ -122.325883073661998, 47.520512499301603, 0.0 ], [ -122.325883834170995, 47.520910295523002, 0.0 ], [ -122.326648847019001, 47.520909150436196, 0.0 ], [ -122.32942809635, 47.5209050112516, 0.0 ], [ -122.329479701300997, 47.5209049348055, 0.0 ], [ -122.329649199605996, 47.5209046722088, 0.0 ], [ -122.330843769238001, 47.520902766813698, 0.0 ], [ -122.330919659930998, 47.520902639528998, 0.0 ], [ -122.329911276984006, 47.519547999650101, 0.0 ], [ -122.329687988269995, 47.518458528773699, 0.0 ], [ -122.329594765164998, 47.518277311922198, 0.0 ], [ -122.329606363196007, 47.518085644512901, 0.0 ], [ -122.329612572615005, 47.517983066384502, 0.0 ], [ -122.329617492571998, 47.517749660746198, 0.0 ], [ -122.329613865740995, 47.517561049803298, 0.0 ], [ -122.329607540061005, 47.517417472905301, 0.0 ], [ -122.329597270283998, 47.517377292208302, 0.0 ], [ -122.329579571083002, 47.517339044415898, 0.0 ], [ -122.329552581997007, 47.517305382143398, 0.0 ], [ -122.329524475891006, 47.5172779273028, 0.0 ], [ -122.329492298120996, 47.5172515849262, 0.0 ], [ -122.329459349740006, 47.517233322637303, 0.0 ], [ -122.329417577043998, 47.517212869063201, 0.0 ], [ -122.329362705478999, 47.517192946572202, 0.0 ], [ -122.329294898780006, 47.517178826084603, 0.0 ], [ -122.329249596211, 47.51717467273, 0.0 ], [ -122.329197455601005, 47.517171794804298, 0.0 ], [ -122.329166563022, 47.517118403416703, 0.0 ], [ -122.328636840317998, 47.516509434456403, 0.0 ], [ -122.328589904454006, 47.516419663074203, 0.0 ], [ -122.328512201056, 47.516271043990002, 0.0 ], [ -122.328099275141, 47.515481254189801, 0.0 ], [ -122.327827318570996, 47.514961079748197, 0.0 ], [ -122.327589236036999, 47.514505693570797, 0.0 ], [ -122.327330202303003, 47.5140102370571, 0.0 ], [ -122.328040184366003, 47.514005244960501, 0.0 ], [ -122.328960031041007, 47.5139985649705, 0.0 ], [ -122.330077131240003, 47.513998799351803, 0.0 ], [ -122.330247349697999, 47.5143247282777, 0.0 ], [ -122.330309931629003, 47.5144347903518, 0.0 ], [ -122.330367556217993, 47.514522479654097, 0.0 ], [ -122.330435736241, 47.514614754491603, 0.0 ], [ -122.330562350787005, 47.514761533717902, 0.0 ], [ -122.330647605646007, 47.514846234762103, 0.0 ], [ -122.330766602009007, 47.514962960525999, 0.0 ], [ -122.330868164253005, 47.515063008380999, 0.0 ], [ -122.330934161683999, 47.515128022382697, 0.0 ], [ -122.330974398373002, 47.515167655966202, 0.0 ], [ -122.331382527642006, 47.515134284104001, 0.0 ], [ -122.331402914354996, 47.515099621956601, 0.0 ], [ -122.333495087269995, 47.514726855822403, 0.0 ], [ -122.333632554505996, 47.514767937786303, 0.0 ], [ -122.333590325255003, 47.514530176734702, 0.0 ], [ -122.334357396296994, 47.5145252179572, 0.0 ], [ -122.334267983678998, 47.514021864951502, 0.0 ], [ -122.337041997672998, 47.513992988965001, 0.0 ], [ -122.337087779314999, 47.514567931787703, 0.0 ], [ -122.337123498379995, 47.515016562974097, 0.0 ], [ -122.337186075692003, 47.515371129124098, 0.0 ], [ -122.337257176253004, 47.515770728621298, 0.0 ], [ -122.337364637627005, 47.516373869422303, 0.0 ], [ -122.337422118353999, 47.516696497329399, 0.0 ], [ -122.337484354102003, 47.517257693519802, 0.0 ], [ -122.337928140892004, 47.517260168350099, 0.0 ], [ -122.340130897907002, 47.517272528620197, 0.0 ], [ -122.341601433989993, 47.517281203229999, 0.0 ], [ -122.342875635927996, 47.517288739133903, 0.0 ], [ -122.344149326587996, 47.517296225366103, 0.0 ], [ -122.345423514350003, 47.517303433376398, 0.0 ], [ -122.346697214407001, 47.517310975295501, 0.0 ], [ -122.347969899009996, 47.5173186894379, 0.0 ], [ -122.349244101674998, 47.517326115956799, 0.0 ], [ -122.350652906874004, 47.517334295017299, 0.0 ], [ -122.351735320518998, 47.517340568500202, 0.0 ], [ -122.352875923816001, 47.517347162683997, 0.0 ], [ -122.354016533747995, 47.517353749548903, 0.0 ], [ -122.355164730534995, 47.517360392054599, 0.0 ], [ -122.356510588872993, 47.5173612887316, 0.0 ], [ -122.357856952811005, 47.517362209081597, 0.0 ], [ -122.358531398897, 47.517362663172499, 0.0 ], [ -122.358510165322997, 47.515530247074999, 0.0 ], [ -122.359178498820995, 47.515529880544499, 0.0 ], [ -122.360518192224006, 47.5155291413976, 0.0 ], [ -122.360540008233002, 47.517361811784603, 0.0 ], [ -122.361124433369994, 47.517363460834197, 0.0 ], [ -122.361821134, 47.517363642454598, 0.0 ], [ -122.362617485238999, 47.5173631193706, 0.0 ], [ -122.363224147376002, 47.517363905594102, 0.0 ], [ -122.364567444786005, 47.517363585441501, 0.0 ], [ -122.365912763826003, 47.517363175722799, 0.0 ], [ -122.367283850190006, 47.517378816337597, 0.0 ], [ -122.368671132760994, 47.517394605373497, 0.0 ], [ -122.370026534437002, 47.517409994631002, 0.0 ], [ -122.371278177207003, 47.517424203610098, 0.0 ], [ -122.371254070602006, 47.5171043948326, 0.0 ], [ -122.371252261256998, 47.517077471413998, 0.0 ], [ -122.371234624414001, 47.516839751839903, 0.0 ], [ -122.371217085018003, 47.516605329830199, 0.0 ], [ -122.371198511128, 47.516353144976598, 0.0 ], [ -122.371180036945006, 47.516104122663997, 0.0 ], [ -122.371175833357, 47.516047541707003, 0.0 ], [ -122.371160868296002, 47.515848862123498, 0.0 ], [ -122.371150686931003, 47.515709539866897, 0.0 ], [ -122.371142358018005, 47.515598815198402, 0.0 ], [ -122.371123845309, 47.515348468790997, 0.0 ], [ -122.371105342974005, 47.515098679087899, 0.0 ], [ -122.371087560936999, 47.514855992059601, 0.0 ], [ -122.371069081594996, 47.514606758889599, 0.0 ], [ -122.371049905082998, 47.514351194720597, 0.0 ], [ -122.371042325814003, 47.514248559463503, 0.0 ], [ -122.371031467888002, 47.514103589328897, 0.0 ], [ -122.371014661985996, 47.513876873062202, 0.0 ], [ -122.371011229228003, 47.513829102596901, 0.0 ], [ -122.371002054331996, 47.5137065648657, 0.0 ], [ -122.370996295780003, 47.513631451903102, 0.0 ], [ -122.370981821079994, 47.513432251019502, 0.0 ], [ -122.370977559712998, 47.513373696576203, 0.0 ], [ -122.370959210275998, 47.513128832034603, 0.0 ], [ -122.370940742353, 47.512880155553603, 0.0 ], [ -122.370937218809999, 47.512829302578297, 0.0 ], [ -122.370922921417005, 47.512636098031301, 0.0 ], [ -122.370903556930003, 47.512374111597701, 0.0 ], [ -122.370891123, 47.512209669011703, 0.0 ], [ -122.370879481572999, 47.5120552051551, 0.0 ], [ -122.370872703857003, 47.511962624437601, 0.0 ], [ -122.370865044320993, 47.5118572440092, 0.0 ], [ -122.370854831692995, 47.511716808484998, 0.0 ], [ -122.37083644946, 47.511471003656098, 0.0 ], [ -122.370818579003, 47.511225234084101, 0.0 ], [ -122.370800707347001, 47.5109794181244, 0.0 ], [ -122.370782326872003, 47.510733655456598, 0.0 ], [ -122.370764455680003, 47.510487843709001, 0.0 ], [ -122.370746080404004, 47.5102420345669, 0.0 ], [ -122.370728305669004, 47.5099996933562, 0.0 ], [ -122.370734389608003, 47.5095884317535, 0.0 ], [ -122.370738853022004, 47.509259457466399, 0.0 ], [ -122.370741217204994, 47.509099357900404, 0.0 ], [ -122.370743825348995, 47.508930429886, 0.0 ], [ -122.370748288523004, 47.508601451383498, 0.0 ], [ -122.370754793670997, 47.508118764517903, 0.0 ], [ -122.370841796690002, 47.5081185737723, 0.0 ], [ -122.370807025389993, 47.508088839916702, 0.0 ], [ -122.370775239357997, 47.508057306512598, 0.0 ], [ -122.370747452025, 47.508024137020698, 0.0 ], [ -122.370723664623995, 47.5079895845384, 0.0 ], [ -122.370704400041006, 47.507953857133998, 0.0 ], [ -122.370687530683, 47.507913423180398, 0.0 ], [ -122.370617346049997, 47.507712019273796, 0.0 ], [ -122.370610580169, 47.507671326203599, 0.0 ], [ -122.370588176466001, 47.507529127845103, 0.0 ], [ -122.370582690993999, 47.507343085182903, 0.0 ], [ -122.370584936957002, 47.507178962759802, 0.0 ], [ -122.370574962313995, 47.507132483129404, 0.0 ], [ -122.370558792181001, 47.507081544017197, 0.0 ], [ -122.370409537731007, 47.506685968745899, 0.0 ], [ -122.370367673394995, 47.506552863126799, 0.0 ], [ -122.370339966255003, 47.506402210888503, 0.0 ], [ -122.370314909428004, 47.506204393464898, 0.0 ], [ -122.370285306737003, 47.505972319901197, 0.0 ], [ -122.370276046827001, 47.505898325825498, 0.0 ], [ -122.370270591869996, 47.505833447096798, 0.0 ], [ -122.370271203358001, 47.505768444077702, 0.0 ], [ -122.370279919275006, 47.505686495255297, 0.0 ], [ -122.370298262730003, 47.505605268268397, 0.0 ], [ -122.370315233952994, 47.505546131149302, 0.0 ], [ -122.370327582235007, 47.5055016611159, 0.0 ], [ -122.370361449799006, 47.505380852546999, 0.0 ], [ -122.370382986574, 47.505304897656799, 0.0 ], [ -122.370403702331998, 47.505218200865897, 0.0 ], [ -122.370416298913995, 47.5051308419809, 0.0 ], [ -122.370421805785995, 47.505043106585298, 0.0 ], [ -122.370427476583004, 47.504600663112903, 0.0 ], [ -122.370437205825993, 47.503866778841299, 0.0 ], [ -122.370442273996005, 47.503798589568603, 0.0 ], [ -122.370455457190005, 47.503730931661899, 0.0 ], [ -122.370476250178001, 47.503664195842703, 0.0 ], [ -122.370505173536998, 47.503598725196298, 0.0 ], [ -122.370541234032999, 47.503535039384403, 0.0 ], [ -122.370584434495001, 47.503473446313699, 0.0 ], [ -122.370610758515994, 47.503439755194002, 0.0 ], [ -122.370645835852002, 47.503394251824297, 0.0 ], [ -122.370721371765995, 47.503297000497803, 0.0 ], [ -122.370814057385005, 47.503198234484799, 0.0 ], [ -122.370862816491993, 47.503153528709703, 0.0 ], [ -122.370977540149994, 47.503047393912297, 0.0 ], [ -122.371243450554999, 47.5028022782733, 0.0 ], [ -122.371586976084004, 47.502479291291799, 0.0 ], [ -122.371951139328999, 47.5021357999792, 0.0 ], [ -122.372018146065002, 47.502075381321099, 0.0 ], [ -122.372089263174999, 47.502017134300303, 0.0 ], [ -122.372167963229003, 47.501958700098101, 0.0 ], [ -122.372255155600996, 47.501896721085998, 0.0 ], [ -122.372423103892004, 47.501777439846897, 0.0 ], [ -122.372521193181996, 47.5017077702027, 0.0 ], [ -122.372589507666007, 47.5016573187078, 0.0 ], [ -122.372752315526, 47.501535402571101, 0.0 ], [ -122.372914089266999, 47.501412643851999, 0.0 ], [ -122.373026855131997, 47.501326069404001, 0.0 ], [ -122.373086146977002, 47.501278524167198, 0.0 ], [ -122.373230427997996, 47.501162988056898, 0.0 ], [ -122.373611379626993, 47.500857652040402, 0.0 ], [ -122.373705749139006, 47.500782079450403, 0.0 ], [ -122.373736323293002, 47.500755400150702, 0.0 ], [ -122.373763815291994, 47.500727222894803, 0.0 ], [ -122.373788228752005, 47.500697669973299, 0.0 ], [ -122.373809071097995, 47.500666925249, 0.0 ], [ -122.373826343586998, 47.500635241818102, 0.0 ], [ -122.373840048963999, 47.500602712452803, 0.0 ], [ -122.373849696652002, 47.500569588484403, 0.0 ], [ -122.373856293987004, 47.500536252788699, 0.0 ], [ -122.373865702274998, 47.500460891985398, 0.0 ], [ -122.373925333895997, 47.499996977566198, 0.0 ], [ -122.373935972992996, 47.499911872138597, 0.0 ], [ -122.373965721372002, 47.499754657525102, 0.0 ], [ -122.374013233433004, 47.499599471435303, 0.0 ], [ -122.374084369301002, 47.499405107932702, 0.0 ], [ -122.374140510681997, 47.499251049148803, 0.0 ], [ -122.374158299605, 47.499202737665001, 0.0 ], [ -122.374323488319007, 47.498751012101899, 0.0 ], [ -122.374479797277999, 47.498323920637098, 0.0 ], [ -122.374488680517999, 47.498299290433302, 0.0 ], [ -122.374717543689002, 47.497674896274198, 0.0 ], [ -122.374729676271997, 47.497640586826002, 0.0 ], [ -122.374781154966996, 47.497516968574402, 0.0 ], [ -122.374851974533001, 47.497380533379001, 0.0 ], [ -122.374898282296996, 47.497304582890401, 0.0 ], [ -122.374920515585998, 47.497269790359198, 0.0 ], [ -122.375117312488001, 47.4969637387142, 0.0 ], [ -122.375158892624, 47.4968990778031, 0.0 ], [ -122.375200478878, 47.496834416792403, 0.0 ], [ -122.375476060224997, 47.496405100735998, 0.0 ], [ -122.375530509469002, 47.496330882878901, 0.0 ], [ -122.375563251794006, 47.496309231602297, 0.0 ], [ -122.375605632732004, 47.496288731819099, 0.0 ], [ -122.377164557173003, 47.494604369463303, 0.0 ], [ -122.378774731787004, 47.4929290526307, 0.0 ], [ -122.385022817926, 47.496309262475002, 0.0 ], [ -122.387156606290006, 47.4982960018936, 0.0 ], [ -122.391751920602005, 47.502573304327399, 0.0 ], [ -122.396036109557002, 47.5083605790402, 0.0 ], [ -122.400621642306007, 47.514496670068198, 0.0 ], [ -122.402634973448002, 47.517882394652901, 0.0 ], [ -122.398626722507998, 47.523273791502398, 0.0 ], [ -122.400750523959005, 47.524285076508001, 0.0 ], [ -122.408558491096997, 47.5280017419432, 0.0 ], [ -122.409738194024001, 47.530614206560799, 0.0 ], [ -122.406682421503007, 47.533010712473803, 0.0 ], [ -122.398263860168996, 47.536265822290602, 0.0 ], [ -122.398851208872003, 47.536913382961899, 0.0 ], [ -122.400900220324004, 47.539172185041402, 0.0 ], [ -122.404658150098996, 47.554265380407699, 0.0 ], [ -122.408224603516999, 47.559120504717797, 0.0 ], [ -122.409372268935996, 47.560484073289899, 0.0 ], [ -122.415440381207006, 47.5676914630846, 0.0 ], [ -122.424026645384998, 47.573574791653897, 0.0 ], [ -122.423972288822, 47.577499164660303, 0.0 ], [ -122.416742246642002, 47.5799934673528, 0.0 ], [ -122.413329342561994, 47.581791148802502, 0.0 ], [ -122.409550696069005, 47.583781537102503, 0.0 ], [ -122.405521145435003, 47.586917768261301, 0.0 ], [ -122.389941892506002, 47.599039715117001, 0.0 ], [ -122.386229275732006, 47.599051205292, 0.0 ], [ -122.380440153500004, 47.593885365030097, 0.0 ], [ -122.375298532247001, 47.589330773565301, 0.0 ], [ -122.370199305889003, 47.585543488290597, 0.0 ], [ -122.360211604582005, 47.5856780132859, 0.0 ], [ -122.360269982446994, 47.587312454238898, 0.0 ], [ -122.344942365174006, 47.592288239850603, 0.0 ], [ -122.341760987442996, 47.601753676429503, 0.0 ], [ -122.362377163073006, 47.618649363483499, 0.0 ], [ -122.361344978768997, 47.618654992341298, 0.0 ], [ -122.361481990239994, 47.618767288595897, 0.0 ], [ -122.379041528328997, 47.626011109129102, 0.0 ], [ -122.384492248129007, 47.626022647725897, 0.0 ], [ -122.384505873354996, 47.6272787323283, 0.0 ], [ -122.384521818549999, 47.631166385259, 0.0 ], [ -122.387098638710995, 47.630391182198302, 0.0 ], [ -122.389935154138001, 47.629537759665297, 0.0 ], [ -122.393319509896997, 47.629672327729601, 0.0 ], [ -122.395577206363001, 47.630279271322003, 0.0 ], [ -122.396286712847996, 47.6309535221178, 0.0 ], [ -122.397727252812999, 47.631469442659302, 0.0 ], [ -122.398447536693993, 47.631727398157402, 0.0 ], [ -122.398894181420999, 47.6318880449559, 0.0 ], [ -122.399477890425004, 47.632097772857598, 0.0 ], [ -122.408478452937004, 47.635605312053301, 0.0 ], [ -122.410614274631996, 47.6369702439953, 0.0 ] ], [ [ -122.408111629391001, 47.636234882071903, 0.0 ], [ -122.407438543083003, 47.6374190776679, 0.0 ], [ -122.408478452937004, 47.635605312053301, 0.0 ], [ -122.408111629391001, 47.636234882071903, 0.0 ] ] ] } },
{ "type": "Feature", "properties": { "OBJECTID": 1004, "GLOBAL_ID": "81B7979F-B642-4F03-BA9B-EFDA1E563EA6", "IDENT": "RNT", "ICAO_ID": "KRNT", "NAME": "RENTON CLASS D", "UPPER_DESC": "TI", "UPPER_VAL": 2500, "UPPER_UOM": "FT", "UPPER_CODE": "MSL", "LOWER_DESC": null, "LOWER_VAL": 0, "LOWER_UOM": "FT", "LOWER_CODE": "SFC", "TYPE_CODE": "CLASS", "LOCAL_TYPE": "CLASS_D", "CLASS": "D", "MIL_CODE": "CIV", "COMM_NAME": null, "LEVEL_": "L", "SECTOR": null, "ONSHORE": "1", "EXCLUSION": "0", "WKHR_CODE": "NOTAM", "WKHR_RMK": "Legal description references NOTAM", "DST": null, "GMTOFFSET": null, "CONT_AGENT": null, "CITY": "RENTON", "STATE": "WA", "COUNTRY": "", "ADHP_ID": "9FCCAE40-1465-438A-904A-F19B80EDEF94", "US_HIGH": 0, "AK_HIGH": 0, "AK_LOW": 1, "US_LOW": 1, "US_AREA": 0, "PACIFIC": 1, "Shape__Area": 0.017320467616173119, "Shape__Length": 0.50266521272961739 }, "geometry": { "type": "Polygon", "coordinates": [ [ [ -122.258903750296994, 47.520283398071001, 0.0 ], [ -122.257898293892808, 47.52195539359402, 0.0 ], [ -122.255486849462997, 47.520919486051902, 0.0 ], [ -122.253455291907002, 47.519022705000403, 0.0 ], [ -122.250959694648998, 47.517042222475801, 0.0 ], [ -122.247339410273995, 47.514941642639798, 0.0 ], [ -122.244070916292003, 47.513641214238, 0.0 ], [ -122.236920698705006, 47.512746340380602, 0.0 ], [ -122.234856831358996, 47.512056567269802, 0.0 ], [ -122.231633311313999, 47.509489387228598, 0.0 ], [ -122.236006585005995, 47.509547902920097, 0.0 ], [ -122.236605153, 47.5095563010902, 0.0 ], [ -122.237345004103005, 47.509566650141998, 0.0 ], [ -122.238023618103995, 47.509576123515998, 0.0 ], [ -122.238818628101996, 47.5095872402851, 0.0 ], [ -122.241113643397, 47.509621664632398, 0.0 ], [ -122.241533201181511, 47.509627519627593, 0.0 ], [ -122.258903750296994, 47.520283398071001, 0.0 ] ] ] } },
{ "type": "Feature", "properties": { "OBJECTID": 311, "GLOBAL_ID": "23AA2352-501C-48EF-955D-F985EA4F3373", "IDENT": "SEA", "ICAO_ID": "KSEA", "NAME": "SEATTLE CLASS B", "UPPER_DESC": "TI", "UPPER_VAL": 10000, "UPPER_UOM": "FT", "UPPER_CODE": "MSL", "LOWER_DESC": null, "LOWER_VAL": 2000, "LOWER_UOM": "FT", "LOWER_CODE": "MSL", "TYPE_CODE": "CLASS", "LOCAL_TYPE": "CLASS_B", "CLASS": "B", "MIL_CODE": "CIV", "COMM_NAME": null, "LEVEL_": "L", "SECTOR": "AREA G", "ONSHORE": "1", "EXCLUSION": "0", "WKHR_CODE": "H24", "WKHR_RMK": null, "DST": null, "GMTOFFSET": null, "CONT_AGENT": null, "CITY": "SEATTLE", "STATE": "WA", "COUNTRY": "", "ADHP_ID": "5338FBAA-B183-4BC0-B3F1-27ABF6D1AD7C", "US_HIGH": 0, "AK_HIGH": 0, "AK_LOW": 1, "US_LOW": 1, "US_AREA": 0, "PACIFIC": 1, "Shape__Area": 0.012787541307261563, "Shape__Length": 0.69375269499610315 }, "geometry": { "type": "MultiPolygon", "coordinates": [ [ [ [ -122.283018473719423, 47.581942739998226, 0.0 ], [ -122.281388189737001, 47.579108576247798, 0.0 ], [ -122.280613716654003, 47.577396773933302, 0.0 ], [ -122.280262368712002, 47.5766195667847, 0.0 ], [ -122.279739255514997, 47.574435767216102, 0.0 ], [ -122.279234798589997, 47.572922272237101, 0.0 ], [ -122.277082028801004, 47.572877736304299, 0.0 ], [ -122.275625057767996, 47.572847554222598, 0.0 ], [ -122.273880747853994, 47.572811401474802, 0.0 ], [ -122.273635819171005, 47.571115810652998, 0.0 ], [ -122.270265264147, 47.568655080543401, 0.0 ], [ -122.266815294227996, 47.568117505558803, 0.0 ], [ -122.266368979397996, 47.566290295718296, 0.0 ], [ -122.265895148831007, 47.563479967944303, 0.0 ], [ -122.264486532375003, 47.562693073060402, 0.0 ], [ -122.261999954215, 47.561115026946503, 0.0 ], [ -122.261589634646, 47.560407360817798, 0.0 ], [ -122.259712389328996, 47.557165211144202, 0.0 ], [ -122.259519585079005, 47.557520440741897, 0.0 ], [ -122.257665841667006, 47.560943289253899, 0.0 ], [ -122.256128582759999, 47.563781443325503, 0.0 ], [ -122.250470298612001, 47.564567382737998, 0.0 ], [ -122.245684818623999, 47.563464644529098, 0.0 ], [ -122.242676664526002, 47.5572435981314, 0.0 ], [ -122.242785591596004, 47.551520309301502, 0.0 ], [ -122.245904894323004, 47.547587285647403, 0.0 ], [ -122.246616605529994, 47.546689572000098, 0.0 ], [ -122.253231666754999, 47.544729560152497, 0.0 ], [ -122.254866016552, 47.543127148748901, 0.0 ], [ -122.256511124404994, 47.541514677264097, 0.0 ], [ -122.258015479155006, 47.538590119749003, 0.0 ], [ -122.259924391842006, 47.535973429267699, 0.0 ], [ -122.260431043482996, 47.535253599787403, 0.0 ], [ -122.261385385908, 47.533898734765003, 0.0 ], [ -122.260002311568002, 47.5315915660779, 0.0 ], [ -122.257526951795995, 47.527956961240903, 0.0 ], [ -122.257636811647998, 47.524736993803103, 0.0 ], [ -122.258490308381994, 47.523325231555397, 0.0 ], [ -122.259025723205994, 47.522439714324904, 0.0 ], [ -122.257944758348714, 47.521975353780419, 0.0 ], [ -122.270217000599146, 47.501470265549266, 0.0 ], [ -122.270199385593997, 47.502630955758796, 0.0 ], [ -122.270178965488, 47.503707137565598, 0.0 ], [ -122.270164272515004, 47.504477002685199, 0.0 ], [ -122.270156189073006, 47.504899583370303, 0.0 ], [ -122.270133912112996, 47.506091892081301, 0.0 ], [ -122.270132900549001, 47.5061471323598, 0.0 ], [ -122.270107067726002, 47.507026770783497, 0.0 ], [ -122.270079624523007, 47.508784462983598, 0.0 ], [ -122.270065907051006, 47.509663484094503, 0.0 ], [ -122.270187389472994, 47.509666186689401, 0.0 ], [ -122.271416898843995, 47.509693555287299, 0.0 ], [ -122.271560654227997, 47.509696788532203, 0.0 ], [ -122.271702889840995, 47.5096999986594, 0.0 ], [ -122.272738540942996, 47.509723552142603, 0.0 ], [ -122.273993882249002, 47.509752147381498, 0.0 ], [ -122.274074872084, 47.509753992711403, 0.0 ], [ -122.274155860643006, 47.5097557915972, 0.0 ], [ -122.275411713976993, 47.509784368908001, 0.0 ], [ -122.275416809494999, 47.509456507673498, 0.0 ], [ -122.275426284581997, 47.508811597668597, 0.0 ], [ -122.275428991083004, 47.508653296625901, 0.0 ], [ -122.275431529212995, 47.508489134117703, 0.0 ], [ -122.275441514166005, 47.507844213419403, 0.0 ], [ -122.275446254493005, 47.507521756272098, 0.0 ], [ -122.275451498986996, 47.507199296940897, 0.0 ], [ -122.27556693759, 47.507203141940401, 0.0 ], [ -122.275681964217995, 47.507210548183302, 0.0 ], [ -122.275805939185005, 47.5072303988862, 0.0 ], [ -122.275927065730002, 47.507256879029299, 0.0 ], [ -122.276044316226006, 47.507289748572099, 0.0 ], [ -122.276158202597998, 47.507328832286198, 0.0 ], [ -122.276808096981995, 47.507744765298199, 0.0 ], [ -122.276917127727003, 47.507809444093503, 0.0 ], [ -122.277032579121993, 47.507868557217002, 0.0 ], [ -122.277154440407998, 47.507921716690802, 0.0 ], [ -122.277281701377007, 47.507968640049199, 0.0 ], [ -122.277413329137005, 47.508009125268103, 0.0 ], [ -122.277543358228002, 47.508064711526004, 0.0 ], [ -122.277695915704001, 47.508093658633904, 0.0 ], [ -122.277851276570999, 47.508114348175603, 0.0 ], [ -122.278008939122998, 47.508126651531597, 0.0 ], [ -122.278167376263994, 47.508130507969703, 0.0 ], [ -122.278197767961998, 47.509847668975397, 0.0 ], [ -122.278415425587994, 47.509852610927602, 0.0 ], [ -122.279507277559006, 47.509877382955999, 0.0 ], [ -122.280759061642996, 47.509905784297104, 0.0 ], [ -122.282454688767999, 47.509944539392897, 0.0 ], [ -122.283902611114002, 47.509977616786003, 0.0 ], [ -122.284883286172004, 47.510000011195899, 0.0 ], [ -122.286523473014995, 47.510037486384803, 0.0 ], [ -122.28984428039, 47.510113492438499, 0.0 ], [ -122.291338069450006, 47.510147654447898, 0.0 ], [ -122.291315694893001, 47.512207551039602, 0.0 ], [ -122.291304237760002, 47.513306242222399, 0.0 ], [ -122.291298570978, 47.513841216917697, 0.0 ], [ -122.291285590987997, 47.515018399004703, 0.0 ], [ -122.291264961617998, 47.516889034145699, 0.0 ], [ -122.291265818347, 47.518309623810801, 0.0 ], [ -122.291267031863995, 47.519144727887898, 0.0 ], [ -122.291267785168998, 47.519660805959496, 0.0 ], [ -122.291268550555998, 47.520184662674602, 0.0 ], [ -122.291269136336993, 47.520917169786102, 0.0 ], [ -122.291270375235996, 47.521847800046302, 0.0 ], [ -122.291271016828006, 47.522328043941002, 0.0 ], [ -122.291274988590999, 47.524274822545401, 0.0 ], [ -122.291276451220995, 47.524280300396903, 0.0 ], [ -122.291276674949003, 47.524280951383297, 0.0 ], [ -122.292283094035, 47.524299052944102, 0.0 ], [ -122.293463993475996, 47.5243202816051, 0.0 ], [ -122.293497675977875, 47.524320886206489, 0.0 ], [ -122.283018473719423, 47.581942739998226, 0.0 ] ] ], [ [ [ -122.270605112496597, 47.500821788397459, 0.0 ], [ -122.270655124046996, 47.501035103088697, 0.0 ], [ -122.270771520509996, 47.501532841094601, 0.0 ], [ -122.270591800516002, 47.501490084445301, 0.0 ], [ -122.270253260933217, 47.501409679933836, 0.0 ], [ -122.270605112496597, 47.500821788397459, 0.0 ] ] ], [ [ [ -122.267958126905, 47.495721587778398, 0.0 ], [ -122.267410418721056, 47.495541560293717, 0.0 ], [ -122.267772672462996, 47.495537832039801, 0.0 ], [ -122.267846996287005, 47.495537108147502, 0.0 ], [ -122.268054283058007, 47.495534961424099, 0.0 ], [ -122.268395051504996, 47.495531468952898, 0.0 ], [ -122.268485041635003, 47.4955305044436, 0.0 ], [ -122.268872828398003, 47.495526542755897, 0.0 ], [ -122.269414815595994, 47.495520933174603, 0.0 ], [ -122.269481553244006, 47.4955202577625, 0.0 ], [ -122.270149469762998, 47.495514806575798, 0.0 ], [ -122.270297110149002, 47.495513625700802, 0.0 ], [ -122.270296344496998, 47.495595848060901, 0.0 ], [ -122.270295684277002, 47.495627005185497, 0.0 ], [ -122.270295231646003, 47.495683993250097, 0.0 ], [ -122.270294544234005, 47.495714163610003, 0.0 ], [ -122.270294328115995, 47.495742914836498, 0.0 ], [ -122.270293553214998, 47.4958065045792, 0.0 ], [ -122.270293154897999, 47.495847166694197, 0.0 ], [ -122.270292613774998, 47.495882646185898, 0.0 ], [ -122.270291960465997, 47.495932351589403, 0.0 ], [ -122.270291177309005, 47.495995641929298, 0.0 ], [ -122.270290289108004, 47.496055120152398, 0.0 ], [ -122.270289523312996, 47.496119266610599, 0.0 ], [ -122.270288733062003, 47.496182299717098, 0.0 ], [ -122.270287875530997, 47.496242891213399, 0.0 ], [ -122.270287525545001, 47.496285307577097, 0.0 ], [ -122.270286390180999, 47.496390934159102, 0.0 ], [ -122.270285601479472, 47.49643485382655, 0.0 ], [ -122.267958126905, 47.495721587778398, 0.0 ] ] ] ] } },
{ "type": "Feature", "properties": { "OBJECTID": 1042, "GLOBAL_ID": "D1284614-0A73-41F5-9365-2772C4B15436", "IDENT": "BFI", "ICAO_ID": "KBFI", "NAME": "SEATTLE, BOEING FIELD/KING COUNTY INT. AIRPORT CLASS D", "UPPER_DESC": "TI", "UPPER_VAL": 2500, "UPPER_UOM": "FT", "UPPER_CODE": "MSL", "LOWER_DESC": null, "LOWER_VAL": 0, "LOWER_UOM": "FT", "LOWER_CODE": "SFC", "TYPE_CODE": "CLASS", "LOCAL_TYPE": "CLASS_D", "CLASS": "D", "MIL_CODE": "CIV", "COMM_NAME": null, "LEVEL_": "L", "SECTOR": null, "ONSHORE": "1", "EXCLUSION": "0", "WKHR_CODE": "H24", "WKHR_RMK": null, "DST": null, "GMTOFFSET": null, "CONT_AGENT": null, "CITY": "SEATTLE", "STATE": "WA", "COUNTRY": "", "ADHP_ID": "059DA895-D748-4B41-B3FB-237797CEBE75", "US_HIGH": 0, "AK_HIGH": 0, "AK_LOW": 1, "US_LOW": 1, "US_AREA": 0, "PACIFIC": 1, "Shape__Area": 0.022875814767758129, "Shape__Length": 0.76351284774644612 }, "geometry": { "type": "Polygon", "coordinates": [ [ [ -122.241533201181511, 47.509627519627593, 0.0 ], [ -122.243549782542004, 47.509655661339202, 0.0 ], [ -122.243808377582994, 47.5096592627036, 0.0 ], [ -122.244911552766993, 47.5096737901141, 0.0 ], [ -122.245095275240999, 47.509677205479903, 0.0 ], [ -122.245933805985999, 47.5096888830968, 0.0 ], [ -122.246289562924005, 47.509693797068302, 0.0 ], [ -122.246780432886993, 47.509700626719798, 0.0 ], [ -122.247144288054002, 47.509705694549801, 0.0 ], [ -122.246983330237995, 47.509291823894401, 0.0 ], [ -122.247003031823994, 47.509253575172004, 0.0 ], [ -122.247014928606006, 47.509207155553, 0.0 ], [ -122.247014660676001, 47.509160077426898, 0.0 ], [ -122.247003285709994, 47.509113690168597, 0.0 ], [ -122.246979825384003, 47.509069338964402, 0.0 ], [ -122.246945330228002, 47.5090283395241, 0.0 ], [ -122.246901338898994, 47.508991870709302, 0.0 ], [ -122.246848909663996, 47.508961075176401, 0.0 ], [ -122.246789572009007, 47.508936794429601, 0.0 ], [ -122.246752351995994, 47.508925948156502, 0.0 ], [ -122.246935913696007, 47.508326731636203, 0.0 ], [ -122.246971656783003, 47.5082105045487, 0.0 ], [ -122.246386853659999, 47.507566421924999, 0.0 ], [ -122.246187355320998, 47.507345808168097, 0.0 ], [ -122.246076564518006, 47.507232565428602, 0.0 ], [ -122.246072737586999, 47.507149288234402, 0.0 ], [ -122.246068559327995, 47.507057639797701, 0.0 ], [ -122.246048475180999, 47.506614473591704, 0.0 ], [ -122.246034692238993, 47.506321712677, 0.0 ], [ -122.246027777246994, 47.506171273894402, 0.0 ], [ -122.246080694555005, 47.505971543450201, 0.0 ], [ -122.246105309751997, 47.505878637238503, 0.0 ], [ -122.246147704446997, 47.505718621980897, 0.0 ], [ -122.246200818801995, 47.505518156073499, 0.0 ], [ -122.246277531635997, 47.505236982404703, 0.0 ], [ -122.246195813308006, 47.505097545738003, 0.0 ], [ -122.246039776038003, 47.504833058762898, 0.0 ], [ -122.245648013644001, 47.5041689974774, 0.0 ], [ -122.245572151706, 47.504040407924101, 0.0 ], [ -122.245513041048, 47.5039402096331, 0.0 ], [ -122.245483569754001, 47.5038902507481, 0.0 ], [ -122.245495890403006, 47.5038143099518, 0.0 ], [ -122.245545428838, 47.503508973272503, 0.0 ], [ -122.245572486681993, 47.5033422086588, 0.0 ], [ -122.245598897532005, 47.503179431079197, 0.0 ], [ -122.245622639266998, 47.503033090949003, 0.0 ], [ -122.248020742807995, 47.503066602566903, 0.0 ], [ -122.248010725759997, 47.5037657675974, 0.0 ], [ -122.247977220118997, 47.5061552711676, 0.0 ], [ -122.247974145769007, 47.506374441208898, 0.0 ], [ -122.248086874904999, 47.506374908798399, 0.0 ], [ -122.248782980369995, 47.506377885792901, 0.0 ], [ -122.248783671712999, 47.506328821488196, 0.0 ], [ -122.248838269087003, 47.503048420869099, 0.0 ], [ -122.248838862683996, 47.502995759494098, 0.0 ], [ -122.246244653963998, 47.502959518897597, 0.0 ], [ -122.245637466478001, 47.502951050805599, 0.0 ], [ -122.245082901491998, 47.502943292018799, 0.0 ], [ -122.244952352515995, 47.502941447458099, 0.0 ], [ -122.244817762351005, 47.502939564393301, 0.0 ], [ -122.244448386477998, 47.502934385351097, 0.0 ], [ -122.244243462640995, 47.502931532168297, 0.0 ], [ -122.244146312583993, 47.502930170213403, 0.0 ], [ -122.244106337437998, 47.502929595391002, 0.0 ], [ -122.243830575988, 47.502925782293097, 0.0 ], [ -122.243574036846994, 47.502922155861903, 0.0 ], [ -122.243527485431002, 47.502921489553003, 0.0 ], [ -122.243490045501005, 47.5029209716159, 0.0 ], [ -122.243325594745997, 47.502918685633702, 0.0 ], [ -122.243135853471003, 47.502916030024501, 0.0 ], [ -122.242941553362996, 47.502913299919697, 0.0 ], [ -122.242511963729996, 47.5029072759176, 0.0 ], [ -122.242383445949002, 47.502905487567197, 0.0 ], [ -122.242255432248996, 47.502903692817199, 0.0 ], [ -122.241864808586996, 47.502898212180199, 0.0 ], [ -122.241797002807004, 47.502897256191197, 0.0 ], [ -122.241362868289002, 47.502891199849998, 0.0 ], [ -122.241239406031994, 47.502889431887098, 0.0 ], [ -122.241096209987006, 47.5028874359773, 0.0 ], [ -122.240818928150006, 47.502883545834699, 0.0 ], [ -122.240822549384006, 47.502624260133302, 0.0 ], [ -122.240824552568995, 47.502417344638701, 0.0 ], [ -122.240825369793001, 47.502316397006297, 0.0 ], [ -122.240826487622002, 47.502170545163999, 0.0 ], [ -122.240826853447999, 47.502109146262498, 0.0 ], [ -122.240827514572004, 47.502021096166402, 0.0 ], [ -122.240828231896003, 47.501972719279202, 0.0 ], [ -122.240828941120995, 47.501868001749997, 0.0 ], [ -122.240829678471002, 47.501801456033, 0.0 ], [ -122.240829966920003, 47.501718510583103, 0.0 ], [ -122.240831216502997, 47.501596221003602, 0.0 ], [ -122.240831382292995, 47.501546091886603, 0.0 ], [ -122.240840603099997, 47.501381717921497, 0.0 ], [ -122.240842123159993, 47.501232089858199, 0.0 ], [ -122.240843625303, 47.501081567719702, 0.0 ], [ -122.240845276437, 47.500936565599602, 0.0 ], [ -122.240846713680995, 47.500783639786697, 0.0 ], [ -122.240848089259998, 47.500628660385097, 0.0 ], [ -122.24084964555, 47.5004801455269, 0.0 ], [ -122.240851147534997, 47.500329619172497, 0.0 ], [ -122.240852707336003, 47.500181235040898, 0.0 ], [ -122.240854625588995, 47.500027451152498, 0.0 ], [ -122.240855943301, 47.4998703295296, 0.0 ], [ -122.240857871778005, 47.499716925169302, 0.0 ], [ -122.240862035917999, 47.499552487331201, 0.0 ], [ -122.240876097192995, 47.4992489816632, 0.0 ], [ -122.241107820926004, 47.499252238253398, 0.0 ], [ -122.241357766025004, 47.499255778844699, 0.0 ], [ -122.241458956296995, 47.499257181581399, 0.0 ], [ -122.241734700454003, 47.499261084777302, 0.0 ], [ -122.241877376305993, 47.499263086211698, 0.0 ], [ -122.242092411764006, 47.499266117535498, 0.0 ], [ -122.242316041495002, 47.499269299129303, 0.0 ], [ -122.242532590254001, 47.499272353025702, 0.0 ], [ -122.242764320302996, 47.499275601941498, 0.0 ], [ -122.242991997136997, 47.499278816336897, 0.0 ], [ -122.243139231507996, 47.499280886145598, 0.0 ], [ -122.243209050012993, 47.499281862685898, 0.0 ], [ -122.243440781285997, 47.499285152391003, 0.0 ], [ -122.243545004398001, 47.4992865999739, 0.0 ], [ -122.243650243066, 47.499288081249603, 0.0 ], [ -122.243849089269006, 47.499290922237002, 0.0 ], [ -122.244071198482999, 47.499294030679202, 0.0 ], [ -122.244291794586005, 47.499297119524201, 0.0 ], [ -122.244517454318, 47.499300313744698, 0.0 ], [ -122.244736532025996, 47.499303416378901, 0.0 ], [ -122.245132696707003, 47.499308986647897, 0.0 ], [ -122.245176205853994, 47.499309601500599, 0.0 ], [ -122.245404393244002, 47.499312804714798, 0.0 ], [ -122.245631566366001, 47.499316020086297, 0.0 ], [ -122.245849129809997, 47.499319055042498, 0.0 ], [ -122.246086421811, 47.499322400947698, 0.0 ], [ -122.246309546846007, 47.499325538778699, 0.0 ], [ -122.246533687348006, 47.499328705717097, 0.0 ], [ -122.246763898419999, 47.499331923198802, 0.0 ], [ -122.246986015348, 47.499335068032202, 0.0 ], [ -122.247223811531995, 47.499338405285499, 0.0 ], [ -122.247453518651, 47.4993416276454, 0.0 ], [ -122.247674620336994, 47.499344745811399, 0.0 ], [ -122.247908368319997, 47.499348001286599, 0.0 ], [ -122.248093047973001, 47.499350627462, 0.0 ], [ -122.248458345570995, 47.499355760797499, 0.0 ], [ -122.248814034548005, 47.499360751200797, 0.0 ], [ -122.248899539760004, 47.4993619547501, 0.0 ], [ -122.249042064278996, 47.499358123476199, 0.0 ], [ -122.249508036101005, 47.4993456265953, 0.0 ], [ -122.249573045565, 47.499560531735, 0.0 ], [ -122.249640285412994, 47.499782820741501, 0.0 ], [ -122.249694142815002, 47.499959519733103, 0.0 ], [ -122.249871957352994, 47.500547336721098, 0.0 ], [ -122.250001974561997, 47.5009768429316, 0.0 ], [ -122.250020841639994, 47.5010382171807, 0.0 ], [ -122.250049704863997, 47.5011325389167, 0.0 ], [ -122.250057498201002, 47.501158874137403, 0.0 ], [ -122.250227844118001, 47.501713454329703, 0.0 ], [ -122.250235626437998, 47.501739148482201, 0.0 ], [ -122.250244515776004, 47.501768469294703, 0.0 ], [ -122.250356608754004, 47.502133762869398, 0.0 ], [ -122.250431552471994, 47.502378835930003, 0.0 ], [ -122.250553349458997, 47.502635658787803, 0.0 ], [ -122.250637078976993, 47.502776081834298, 0.0 ], [ -122.250732351427999, 47.502913104144803, 0.0 ], [ -122.250818741830997, 47.502909326004598, 0.0 ], [ -122.250997075241997, 47.502901531469703, 0.0 ], [ -122.251390122854005, 47.5028843693688, 0.0 ], [ -122.251522477389003, 47.50287843057, 0.0 ], [ -122.251654841673002, 47.502872622265002, 0.0 ], [ -122.252601572271004, 47.502831019974202, 0.0 ], [ -122.253719058718005, 47.502781870242302, 0.0 ], [ -122.253824138954997, 47.502777257015602, 0.0 ], [ -122.254172724737998, 47.502761928053701, 0.0 ], [ -122.256848247639994, 47.502645388379797, 0.0 ], [ -122.258187012798004, 47.502587084364301, 0.0 ], [ -122.259502538136005, 47.5025297397925, 0.0 ], [ -122.259503361095, 47.5024858580623, 0.0 ], [ -122.259504891093002, 47.5023938565623, 0.0 ], [ -122.259511763963005, 47.502053378843399, 0.0 ], [ -122.259526778761, 47.501307764653603, 0.0 ], [ -122.259537239389005, 47.500802597591701, 0.0 ], [ -122.259549909534002, 47.500156318280297, 0.0 ], [ -122.259571429242001, 47.499075503992202, 0.0 ], [ -122.259582141813993, 47.4985424838654, 0.0 ], [ -122.259604901418996, 47.497414652551797, 0.0 ], [ -122.259606107115999, 47.497347674474497, 0.0 ], [ -122.259608212190003, 47.497258276941999, 0.0 ], [ -122.259633348807, 47.496106337121098, 0.0 ], [ -122.259635714756996, 47.495989385920403, 0.0 ], [ -122.259637555362005, 47.495871888708301, 0.0 ], [ -122.259640813953993, 47.495621215570502, 0.0 ], [ -122.264329654142998, 47.495573997915201, 0.0 ], [ -122.264969198578001, 47.495566665299499, 0.0 ], [ -122.266855032462999, 47.495547283055998, 0.0 ], [ -122.266912168166002, 47.495546688203703, 0.0 ], [ -122.267772672462996, 47.495537832039801, 0.0 ], [ -122.267846996287005, 47.495537108147502, 0.0 ], [ -122.268054283058007, 47.495534961424099, 0.0 ], [ -122.268395051504996, 47.495531468952898, 0.0 ], [ -122.268485041635003, 47.4955305044436, 0.0 ], [ -122.268872828398003, 47.495526542755897, 0.0 ], [ -122.269414815595994, 47.495520933174603, 0.0 ], [ -122.269481553244006, 47.4955202577625, 0.0 ], [ -122.270149469762998, 47.495514806575798, 0.0 ], [ -122.270297110149002, 47.495513625700802, 0.0 ], [ -122.270296344496998, 47.495595848060901, 0.0 ], [ -122.270295684277002, 47.495627005185497, 0.0 ], [ -122.270295231646003, 47.495683993250097, 0.0 ], [ -122.270294544234005, 47.495714163610003, 0.0 ], [ -122.270294328115995, 47.495742914836498, 0.0 ], [ -122.270293553214998, 47.4958065045792, 0.0 ], [ -122.270293154897999, 47.495847166694197, 0.0 ], [ -122.270292613774998, 47.495882646185898, 0.0 ], [ -122.270291960465997, 47.495932351589403, 0.0 ], [ -122.270291177309005, 47.495995641929298, 0.0 ], [ -122.270290289108004, 47.496055120152398, 0.0 ], [ -122.270289523312996, 47.496119266610599, 0.0 ], [ -122.270288733062003, 47.496182299717098, 0.0 ], [ -122.270287875530997, 47.496242891213399, 0.0 ], [ -122.270287525545001, 47.496285307577097, 0.0 ], [ -122.270286390180999, 47.496390934159102, 0.0 ], [ -122.270284594868997, 47.496490907981801, 0.0 ], [ -122.270281762124995, 47.496700063270303, 0.0 ], [ -122.270280905443002, 47.496760912079203, 0.0 ], [ -122.270276500246993, 47.497096428768401, 0.0 ], [ -122.270272996019003, 47.497354859412901, 0.0 ], [ -122.270272253440993, 47.497382803148497, 0.0 ], [ -122.270270064063993, 47.497560417650597, 0.0 ], [ -122.270269126195004, 47.497618095239801, 0.0 ], [ -122.270267968401996, 47.497704612690697, 0.0 ], [ -122.270260190303006, 47.498266515291398, 0.0 ], [ -122.270259737676994, 47.498305208094997, 0.0 ], [ -122.270251245527007, 47.4989148468702, 0.0 ], [ -122.270249010363997, 47.499072281059803, 0.0 ], [ -122.270246961831006, 47.499199892918298, 0.0 ], [ -122.270233678840995, 47.500149381361197, 0.0 ], [ -122.270233247367997, 47.500207141129202, 0.0 ], [ -122.270231931382, 47.500269624059001, 0.0 ], [ -122.270289969274998, 47.500283282832001, 0.0 ], [ -122.270426445948004, 47.500316986096699, 0.0 ], [ -122.270489590059, 47.500332512177302, 0.0 ], [ -122.270502669950005, 47.500384958692102, 0.0 ], [ -122.270593221924997, 47.500771071441299, 0.0 ], [ -122.270655124046996, 47.501035103088697, 0.0 ], [ -122.270771520509996, 47.501532841094601, 0.0 ], [ -122.270591800516002, 47.501490084445301, 0.0 ], [ -122.270217596329005, 47.501401209447003, 0.0 ], [ -122.270217169475998, 47.501459137893498, 0.0 ], [ -122.270199385593997, 47.502630955758796, 0.0 ], [ -122.270178965488, 47.503707137565598, 0.0 ], [ -122.270164272515004, 47.504477002685199, 0.0 ], [ -122.270156189073006, 47.504899583370303, 0.0 ], [ -122.270133912112996, 47.506091892081301, 0.0 ], [ -122.270132900549001, 47.5061471323598, 0.0 ], [ -122.270107067726002, 47.507026770783497, 0.0 ], [ -122.270079624523007, 47.508784462983598, 0.0 ], [ -122.270065907051006, 47.509663484094503, 0.0 ], [ -122.270187389472994, 47.509666186689401, 0.0 ], [ -122.271416898843995, 47.509693555287299, 0.0 ], [ -122.271560654227997, 47.509696788532203, 0.0 ], [ -122.271702889840995, 47.5096999986594, 0.0 ], [ -122.272738540942996, 47.509723552142603, 0.0 ], [ -122.273993882249002, 47.509752147381498, 0.0 ], [ -122.274074872084, 47.509753992711403, 0.0 ], [ -122.274155860643006, 47.5097557915972, 0.0 ], [ -122.275411713976993, 47.509784368908001, 0.0 ], [ -122.275416809494999, 47.509456507673498, 0.0 ], [ -122.275426284581997, 47.508811597668597, 0.0 ], [ -122.275428991083004, 47.508653296625901, 0.0 ], [ -122.275431529212995, 47.508489134117703, 0.0 ], [ -122.275441514166005, 47.507844213419403, 0.0 ], [ -122.275446254493005, 47.507521756272098, 0.0 ], [ -122.275451498986996, 47.507199296940897, 0.0 ], [ -122.27556693759, 47.507203141940401, 0.0 ], [ -122.275681964217995, 47.507210548183302, 0.0 ], [ -122.275805939185005, 47.5072303988862, 0.0 ], [ -122.275927065730002, 47.507256879029299, 0.0 ], [ -122.276044316226006, 47.507289748572099, 0.0 ], [ -122.276158202597998, 47.507328832286198, 0.0 ], [ -122.276808096981995, 47.507744765298199, 0.0 ], [ -122.276917127727003, 47.507809444093503, 0.0 ], [ -122.277032579121993, 47.507868557217002, 0.0 ], [ -122.277154440407998, 47.507921716690802, 0.0 ], [ -122.277281701377007, 47.507968640049199, 0.0 ], [ -122.277413329137005, 47.508009125268103, 0.0 ], [ -122.277543358228002, 47.508064711526004, 0.0 ], [ -122.277695915704001, 47.508093658633904, 0.0 ], [ -122.277851276570999, 47.508114348175603, 0.0 ], [ -122.278008939122998, 47.508126651531597, 0.0 ], [ -122.278167376263994, 47.508130507969703, 0.0 ], [ -122.278197767961998, 47.509847668975397, 0.0 ], [ -122.278415425587994, 47.509852610927602, 0.0 ], [ -122.279507277559006, 47.509877382955999, 0.0 ], [ -122.280759061642996, 47.509905784297104, 0.0 ], [ -122.282454688767999, 47.509944539392897, 0.0 ], [ -122.283902611114002, 47.509977616786003, 0.0 ], [ -122.284883286172004, 47.510000011195899, 0.0 ], [ -122.286523473014995, 47.510037486384803, 0.0 ], [ -122.28984428039, 47.510113492438499, 0.0 ], [ -122.291338069450006, 47.510147654447898, 0.0 ], [ -122.291315694893001, 47.512207551039602, 0.0 ], [ -122.291304237760002, 47.513306242222399, 0.0 ], [ -122.291298570978, 47.513841216917697, 0.0 ], [ -122.291285590987997, 47.515018399004703, 0.0 ], [ -122.291264961617998, 47.516889034145699, 0.0 ], [ -122.291265818347, 47.518309623810801, 0.0 ], [ -122.291267031863995, 47.519144727887898, 0.0 ], [ -122.291267785168998, 47.519660805959496, 0.0 ], [ -122.291268550555998, 47.520184662674602, 0.0 ], [ -122.291269136336993, 47.520917169786102, 0.0 ], [ -122.291270375235996, 47.521847800046302, 0.0 ], [ -122.291271016828006, 47.522328043941002, 0.0 ], [ -122.291274988590999, 47.524274822545401, 0.0 ], [ -122.291276451220995, 47.524280300396903, 0.0 ], [ -122.291276674949003, 47.524280951383297, 0.0 ], [ -122.292283094035, 47.524299052944102, 0.0 ], [ -122.293463993475996, 47.5243202816051, 0.0 ], [ -122.295528969290004, 47.524357347950598, 0.0 ], [ -122.296678049437006, 47.5243779614595, 0.0 ], [ -122.297417430459006, 47.524391214291803, 0.0 ], [ -122.298897209589001, 47.5244177345987, 0.0 ], [ -122.300757000000999, 47.524451029492297, 0.0 ], [ -122.301369725624994, 47.524461994775301, 0.0 ], [ -122.300960099728002, 47.524582510207402, 0.0 ], [ -122.300725857591999, 47.524670799420498, 0.0 ], [ -122.300575291499001, 47.524736037764697, 0.0 ], [ -122.300358739301998, 47.524843055420497, 0.0 ], [ -122.299927274281004, 47.525113894976599, 0.0 ], [ -122.299702816959993, 47.525353544298497, 0.0 ], [ -122.299618385713003, 47.5255590262109, 0.0 ], [ -122.299612221969994, 47.525772280682503, 0.0 ], [ -122.299730656730006, 47.526162632908502, 0.0 ], [ -122.299971704376006, 47.526612017016603, 0.0 ], [ -122.300044179150007, 47.526767311485997, 0.0 ], [ -122.300213014483006, 47.527229903102899, 0.0 ], [ -122.300270772030004, 47.527452853082202, 0.0 ], [ -122.300386539512004, 47.5279220481913, 0.0 ], [ -122.300579435230006, 47.528384189445497, 0.0 ], [ -122.300704859944005, 47.528608889185598, 0.0 ], [ -122.300901247479004, 47.528900226359497, 0.0 ], [ -122.301129889720997, 47.529180566646801, 0.0 ], [ -122.301220832517998, 47.529270843385703, 0.0 ], [ -122.301369621700005, 47.529400123031103, 0.0 ], [ -122.301648403382998, 47.529597398638799, 0.0 ], [ -122.301961760680996, 47.5297692239062, 0.0 ], [ -122.302164305141005, 47.5298589431018, 0.0 ], [ -122.302563420702995, 47.530011345715899, 0.0 ], [ -122.302825726270001, 47.530092980344598, 0.0 ], [ -122.303365690915996, 47.530270075504099, 0.0 ], [ -122.303622720430994, 47.530375003375902, 0.0 ], [ -122.303869823821998, 47.530490347956203, 0.0 ], [ -122.304106098309006, 47.530615678060599, 0.0 ], [ -122.304465314500007, 47.530829931134903, 0.0 ], [ -122.304690748992996, 47.531009569548203, 0.0 ], [ -122.304872541188999, 47.531210620381302, 0.0 ], [ -122.304983589052, 47.531383652952897, 0.0 ], [ -122.305062193149993, 47.531564656719802, 0.0 ], [ -122.305099108765006, 47.531703973777098, 0.0 ], [ -122.305527263726006, 47.531706547235103, 0.0 ], [ -122.306686962775004, 47.531716964303399, 0.0 ], [ -122.307785991483001, 47.5317268280942, 0.0 ], [ -122.308489551215004, 47.531732713169298, 0.0 ], [ -122.309396603753001, 47.531740556914102, 0.0 ], [ -122.310406260486005, 47.531749632814901, 0.0 ], [ -122.313136145241998, 47.531774125996002, 0.0 ], [ -122.316921432441006, 47.531809649245098, 0.0 ], [ -122.317564450326998, 47.531815683380799, 0.0 ], [ -122.318465582789003, 47.531824134292101, 0.0 ], [ -122.318482752026995, 47.5308497133244, 0.0 ], [ -122.318495325577999, 47.530136912031999, 0.0 ], [ -122.318500163180005, 47.529862658045701, 0.0 ], [ -122.318507703437007, 47.529435013807401, 0.0 ], [ -122.317563639027995, 47.529427662501803, 0.0 ], [ -122.317569856291001, 47.529059638390798, 0.0 ], [ -122.317571150261998, 47.528998567653097, 0.0 ], [ -122.317571430851999, 47.528972772297003, 0.0 ], [ -122.317583677242993, 47.5282301288509, 0.0 ], [ -122.317481334297, 47.528172428471898, 0.0 ], [ -122.317406801900006, 47.528149753409998, 0.0 ], [ -122.314894873588997, 47.527388173363804, 0.0 ], [ -122.314707040829006, 47.527331581183901, 0.0 ], [ -122.314549780201006, 47.527282347848498, 0.0 ], [ -122.313166187527003, 47.526941265669301, 0.0 ], [ -122.312893547596005, 47.526874081640401, 0.0 ], [ -122.312088392294001, 47.526676215204503, 0.0 ], [ -122.311780871690999, 47.526574351247, 0.0 ], [ -122.311702201219006, 47.526548338936202, 0.0 ], [ -122.311326375274007, 47.526161296359, 0.0 ], [ -122.310880254851, 47.525579240657699, 0.0 ], [ -122.310816689605005, 47.525496778170499, 0.0 ], [ -122.310734698841003, 47.525389151728298, 0.0 ], [ -122.309840870177993, 47.524614418533403, 0.0 ], [ -122.309785882963993, 47.524566890946303, 0.0 ], [ -122.309732453850003, 47.5245204989412, 0.0 ], [ -122.309695912242006, 47.524427404276103, 0.0 ], [ -122.309690331352002, 47.5243376743176, 0.0 ], [ -122.309805427477997, 47.523952687062199, 0.0 ], [ -122.309805325472993, 47.523895663300202, 0.0 ], [ -122.309575058834994, 47.523251203091299, 0.0 ], [ -122.309712810476995, 47.522344511910397, 0.0 ], [ -122.309675156108995, 47.522176237747402, 0.0 ], [ -122.309798123245002, 47.522176567371702, 0.0 ], [ -122.312853056972003, 47.522185576438503, 0.0 ], [ -122.312898603354995, 47.522185713004397, 0.0 ], [ -122.313478516725993, 47.5221874092977, 0.0 ], [ -122.313529624707002, 47.522187557512197, 0.0 ], [ -122.314698570450005, 47.522190998955502, 0.0 ], [ -122.314982411306005, 47.522190296432399, 0.0 ], [ -122.315103847426997, 47.522190214219698, 0.0 ], [ -122.315265331418999, 47.522192693126001, 0.0 ], [ -122.315712164236004, 47.522194059683599, 0.0 ], [ -122.317555629408005, 47.522198779135699, 0.0 ], [ -122.317553566420997, 47.521184392028097, 0.0 ], [ -122.317552888856, 47.520645340229699, 0.0 ], [ -122.317551944330006, 47.5203101449789, 0.0 ], [ -122.317546074210995, 47.5186647211912, 0.0 ], [ -122.317748512012002, 47.518666614885198, 0.0 ], [ -122.318376996772997, 47.51866941, 0.0 ], [ -122.318803024049004, 47.5186698379731, 0.0 ], [ -122.320219835860001, 47.518674181367601, 0.0 ], [ -122.320341275931, 47.5186745194626, 0.0 ], [ -122.320462713477994, 47.518674768873097, 0.0 ], [ -122.321792453458997, 47.518677448412703, 0.0 ], [ -122.322255547468004, 47.518682304879398, 0.0 ], [ -122.323106170404003, 47.518685975292399, 0.0 ], [ -122.323227607990006, 47.518686221747302, 0.0 ], [ -122.323287822086996, 47.518686334672402, 0.0 ], [ -122.324068570964997, 47.518688083821203, 0.0 ], [ -122.324132323206001, 47.518688234232997, 0.0 ], [ -122.324790118083001, 47.518689837205798, 0.0 ], [ -122.324914591131005, 47.518689961849503, 0.0 ], [ -122.324976826991005, 47.5186900009274, 0.0 ], [ -122.325036025114002, 47.518690079864598, 0.0 ], [ -122.325878976819993, 47.518690915298301, 0.0 ], [ -122.325880425942003, 47.519359819499897, 0.0 ], [ -122.325881742327994, 47.5199360076329, 0.0 ], [ -122.325883073661998, 47.520512499301603, 0.0 ], [ -122.325883834170995, 47.520910295523002, 0.0 ], [ -122.326648847019001, 47.520909150436196, 0.0 ], [ -122.32942809635, 47.5209050112516, 0.0 ], [ -122.329479701300997, 47.5209049348055, 0.0 ], [ -122.329649199605996, 47.5209046722088, 0.0 ], [ -122.330843769238001, 47.520902766813698, 0.0 ], [ -122.330919659930998, 47.520902639528998, 0.0 ], [ -122.329911276984006, 47.519547999650101, 0.0 ], [ -122.329687988269995, 47.518458528773699, 0.0 ], [ -122.329594765164998, 47.518277311922198, 0.0 ], [ -122.329606363196007, 47.518085644512901, 0.0 ], [ -122.329612572615005, 47.517983066384502, 0.0 ], [ -122.329617492571998, 47.517749660746198, 0.0 ], [ -122.329613865740995, 47.517561049803298, 0.0 ], [ -122.329607540061005, 47.517417472905301, 0.0 ], [ -122.329597270283998, 47.517377292208302, 0.0 ], [ -122.329579571083002, 47.517339044415898, 0.0 ], [ -122.329552581997007, 47.517305382143398, 0.0 ], [ -122.329524475891006, 47.5172779273028, 0.0 ], [ -122.329492298120996, 47.5172515849262, 0.0 ], [ -122.329459349740006, 47.517233322637303, 0.0 ], [ -122.329417577043998, 47.517212869063201, 0.0 ], [ -122.329362705478999, 47.517192946572202, 0.0 ], [ -122.329294898780006, 47.517178826084603, 0.0 ], [ -122.329249596211, 47.51717467273, 0.0 ], [ -122.329197455601005, 47.517171794804298, 0.0 ], [ -122.329166563022, 47.517118403416703, 0.0 ], [ -122.328636840317998, 47.516509434456403, 0.0 ], [ -122.328589904454006, 47.516419663074203, 0.0 ], [ -122.328512201056, 47.516271043990002, 0.0 ], [ -122.328099275141, 47.515481254189801, 0.0 ], [ -122.327827318570996, 47.514961079748197, 0.0 ], [ -122.327589236036999, 47.514505693570797, 0.0 ], [ -122.327330202303003, 47.5140102370571, 0.0 ], [ -122.328040184366003, 47.514005244960501, 0.0 ], [ -122.328960031041007, 47.5139985649705, 0.0 ], [ -122.330077131240003, 47.513998799351803, 0.0 ], [ -122.330247349697999, 47.5143247282777, 0.0 ], [ -122.330309931629003, 47.5144347903518, 0.0 ], [ -122.330367556217993, 47.514522479654097, 0.0 ], [ -122.330435736241, 47.514614754491603, 0.0 ], [ -122.330562350787005, 47.514761533717902, 0.0 ], [ -122.330647605646007, 47.514846234762103, 0.0 ], [ -122.330766602009007, 47.514962960525999, 0.0 ], [ -122.330868164253005, 47.515063008380999, 0.0 ], [ -122.330934161683999, 47.515128022382697, 0.0 ], [ -122.330974398373002, 47.515167655966202, 0.0 ], [ -122.331382527642006, 47.515134284104001, 0.0 ], [ -122.331402914354996, 47.515099621956601, 0.0 ], [ -122.333495087269995, 47.514726855822403, 0.0 ], [ -122.333632554505996, 47.514767937786303, 0.0 ], [ -122.333590325255003, 47.514530176734702, 0.0 ], [ -122.334357396296994, 47.5145252179572, 0.0 ], [ -122.334267983678998, 47.514021864951502, 0.0 ], [ -122.337041997672998, 47.513992988965001, 0.0 ], [ -122.337087779314999, 47.514567931787703, 0.0 ], [ -122.337123498379995, 47.515016562974097, 0.0 ], [ -122.337186075692003, 47.515371129124098, 0.0 ], [ -122.337257176253004, 47.515770728621298, 0.0 ], [ -122.337364637627005, 47.516373869422303, 0.0 ], [ -122.337422118353999, 47.516696497329399, 0.0 ], [ -122.337484354102003, 47.517257693519802, 0.0 ], [ -122.337928140892004, 47.517260168350099, 0.0 ], [ -122.340130897907002, 47.517272528620197, 0.0 ], [ -122.341601433989993, 47.517281203229999, 0.0 ], [ -122.342875635927996, 47.517288739133903, 0.0 ], [ -122.344149326587996, 47.517296225366103, 0.0 ], [ -122.345423514350003, 47.517303433376398, 0.0 ], [ -122.346697214407001, 47.517310975295501, 0.0 ], [ -122.347969899009996, 47.5173186894379, 0.0 ], [ -122.349244101674998, 47.517326115956799, 0.0 ], [ -122.350652906874004, 47.517334295017299, 0.0 ], [ -122.351735320518998, 47.517340568500202, 0.0 ], [ -122.352875923816001, 47.517347162683997, 0.0 ], [ -122.354016533747995, 47.517353749548903, 0.0 ], [ -122.355164730534995, 47.517360392054599, 0.0 ], [ -122.356510588872993, 47.5173612887316, 0.0 ], [ -122.357856952811005, 47.517362209081597, 0.0 ], [ -122.358531398897, 47.517362663172499, 0.0 ], [ -122.358510165322997, 47.515530247074999, 0.0 ], [ -122.359178498820995, 47.515529880544499, 0.0 ], [ -122.360518192224006, 47.5155291413976, 0.0 ], [ -122.360540008233002, 47.517361811784603, 0.0 ], [ -122.361124433369994, 47.517363460834197, 0.0 ], [ -122.361821134, 47.517363642454598, 0.0 ], [ -122.362617485238999, 47.5173631193706, 0.0 ], [ -122.363224147376002, 47.517363905594102, 0.0 ], [ -122.364567444786005, 47.517363585441501, 0.0 ], [ -122.365912763826003, 47.517363175722799, 0.0 ], [ -122.367283850190006, 47.517378816337597, 0.0 ], [ -122.368671132760994, 47.517394605373497, 0.0 ], [ -122.370026534437002, 47.517409994631002, 0.0 ], [ -122.371278177207003, 47.517424203610098, 0.0 ], [ -122.371254070602006, 47.5171043948326, 0.0 ], [ -122.371252261256998, 47.517077471413998, 0.0 ], [ -122.371234624414001, 47.516839751839903, 0.0 ], [ -122.371217085018003, 47.516605329830199, 0.0 ], [ -122.371198511128, 47.516353144976598, 0.0 ], [ -122.371180036945006, 47.516104122663997, 0.0 ], [ -122.371175833357, 47.516047541707003, 0.0 ], [ -122.371160868296002, 47.515848862123498, 0.0 ], [ -122.371150686931003, 47.515709539866897, 0.0 ], [ -122.371142358018005, 47.515598815198402, 0.0 ], [ -122.371123845309, 47.515348468790997, 0.0 ], [ -122.371105342974005, 47.515098679087899, 0.0 ], [ -122.371087560936999, 47.514855992059601, 0.0 ], [ -122.371069081594996, 47.514606758889599, 0.0 ], [ -122.371049905082998, 47.514351194720597, 0.0 ], [ -122.371042325814003, 47.514248559463503, 0.0 ], [ -122.371031467888002, 47.514103589328897, 0.0 ], [ -122.371014661985996, 47.513876873062202, 0.0 ], [ -122.371011229228003, 47.513829102596901, 0.0 ], [ -122.371002054331996, 47.5137065648657, 0.0 ], [ -122.370996295780003, 47.513631451903102, 0.0 ], [ -122.370981821079994, 47.513432251019502, 0.0 ], [ -122.370977559712998, 47.513373696576203, 0.0 ], [ -122.370959210275998, 47.513128832034603, 0.0 ], [ -122.370940742353, 47.512880155553603, 0.0 ], [ -122.370937218809999, 47.512829302578297, 0.0 ], [ -122.370922921417005, 47.512636098031301, 0.0 ], [ -122.370903556930003, 47.512374111597701, 0.0 ], [ -122.370891123, 47.512209669011703, 0.0 ], [ -122.370879481572999, 47.5120552051551, 0.0 ], [ -122.370872703857003, 47.511962624437601, 0.0 ], [ -122.370865044320993, 47.5118572440092, 0.0 ], [ -122.370854831692995, 47.511716808484998, 0.0 ], [ -122.37083644946, 47.511471003656098, 0.0 ], [ -122.370818579003, 47.511225234084101, 0.0 ], [ -122.370800707347001, 47.5109794181244, 0.0 ], [ -122.370782326872003, 47.510733655456598, 0.0 ], [ -122.370764455680003, 47.510487843709001, 0.0 ], [ -122.370746080404004, 47.5102420345669, 0.0 ], [ -122.370728305669004, 47.5099996933562, 0.0 ], [ -122.370734389608003, 47.5095884317535, 0.0 ], [ -122.370738853022004, 47.509259457466399, 0.0 ], [ -122.370741217204994, 47.509099357900404, 0.0 ], [ -122.370743825348995, 47.508930429886, 0.0 ], [ -122.370748288523004, 47.508601451383498, 0.0 ], [ -122.370754793670997, 47.508118764517903, 0.0 ], [ -122.370841796690002, 47.5081185737723, 0.0 ], [ -122.370807025389993, 47.508088839916702, 0.0 ], [ -122.370775239357997, 47.508057306512598, 0.0 ], [ -122.370747452025, 47.508024137020698, 0.0 ], [ -122.370723664623995, 47.5079895845384, 0.0 ], [ -122.370704400041006, 47.507953857133998, 0.0 ], [ -122.370687530683, 47.507913423180398, 0.0 ], [ -122.370617346049997, 47.507712019273796, 0.0 ], [ -122.370610580169, 47.507671326203599, 0.0 ], [ -122.370588176466001, 47.507529127845103, 0.0 ], [ -122.370582690993999, 47.507343085182903, 0.0 ], [ -122.370584936957002, 47.507178962759802, 0.0 ], [ -122.370574962313995, 47.507132483129404, 0.0 ], [ -122.370558792181001, 47.507081544017197, 0.0 ], [ -122.370409537731007, 47.506685968745899, 0.0 ], [ -122.370367673394995, 47.506552863126799, 0.0 ], [ -122.370339966255003, 47.506402210888503, 0.0 ], [ -122.370314909428004, 47.506204393464898, 0.0 ], [ -122.370285306737003, 47.505972319901197, 0.0 ], [ -122.370276046827001, 47.505898325825498, 0.0 ], [ -122.370270591869996, 47.505833447096798, 0.0 ], [ -122.370271203358001, 47.505768444077702, 0.0 ], [ -122.370279919275006, 47.505686495255297, 0.0 ], [ -122.370298262730003, 47.505605268268397, 0.0 ], [ -122.370315233952994, 47.505546131149302, 0.0 ], [ -122.370327582235007, 47.5055016611159, 0.0 ], [ -122.370361449799006, 47.505380852546999, 0.0 ], [ -122.370382986574, 47.505304897656799, 0.0 ], [ -122.370403702331998, 47.505218200865897, 0.0 ], [ -122.370416298913995, 47.5051308419809, 0.0 ], [ -122.370421805785995, 47.505043106585298, 0.0 ], [ -122.370427476583004, 47.504600663112903, 0.0 ], [ -122.370437205825993, 47.503866778841299, 0.0 ], [ -122.370442273996005, 47.503798589568603, 0.0 ], [ -122.370455457190005, 47.503730931661899, 0.0 ], [ -122.370476250178001, 47.503664195842703, 0.0 ], [ -122.370505173536998, 47.503598725196298, 0.0 ], [ -122.370541234032999, 47.503535039384403, 0.0 ], [ -122.370584434495001, 47.503473446313699, 0.0 ], [ -122.370610758515994, 47.503439755194002, 0.0 ], [ -122.370645835852002, 47.503394251824297, 0.0 ], [ -122.370721371765995, 47.503297000497803, 0.0 ], [ -122.370814057385005, 47.503198234484799, 0.0 ], [ -122.370862816491993, 47.503153528709703, 0.0 ], [ -122.370977540149994, 47.503047393912297, 0.0 ], [ -122.371243450554999, 47.5028022782733, 0.0 ], [ -122.371586976084004, 47.502479291291799, 0.0 ], [ -122.371951139328999, 47.5021357999792, 0.0 ], [ -122.372018146065002, 47.502075381321099, 0.0 ], [ -122.372089263174999, 47.502017134300303, 0.0 ], [ -122.372167963229003, 47.501958700098101, 0.0 ], [ -122.372255155600996, 47.501896721085998, 0.0 ], [ -122.372423103892004, 47.501777439846897, 0.0 ], [ -122.372521193181996, 47.5017077702027, 0.0 ], [ -122.372589507666007, 47.5016573187078, 0.0 ], [ -122.372752315526, 47.501535402571101, 0.0 ], [ -122.372914089266999, 47.501412643851999, 0.0 ], [ -122.373026855131997, 47.501326069404001, 0.0 ], [ -122.373086146977002, 47.501278524167198, 0.0 ], [ -122.373230427997996, 47.501162988056898, 0.0 ], [ -122.373611379626993, 47.500857652040402, 0.0 ], [ -122.373705749139006, 47.500782079450403, 0.0 ], [ -122.373736323293002, 47.500755400150702, 0.0 ], [ -122.373763815291994, 47.500727222894803, 0.0 ], [ -122.373788228752005, 47.500697669973299, 0.0 ], [ -122.373809071097995, 47.500666925249, 0.0 ], [ -122.373826343586998, 47.500635241818102, 0.0 ], [ -122.373840048963999, 47.500602712452803, 0.0 ], [ -122.373849696652002, 47.500569588484403, 0.0 ], [ -122.373856293987004, 47.500536252788699, 0.0 ], [ -122.373865702274998, 47.500460891985398, 0.0 ], [ -122.373924224741501, 47.500005606423791, 0.0 ], [ -122.381123209059993, 47.500005605636701, 0.0 ], [ -122.388993315925433, 47.500005604776106, 0.0 ], [ -122.391751920602005, 47.502573304327399, 0.0 ], [ -122.396036109557002, 47.5083605790402, 0.0 ], [ -122.400621642306007, 47.514496670068198, 0.0 ], [ -122.402634973448002, 47.517882394652901, 0.0 ], [ -122.398626722507998, 47.523273791502398, 0.0 ], [ -122.400750523959005, 47.524285076508001, 0.0 ], [ -122.408558491096997, 47.5280017419432, 0.0 ], [ -122.409738194024001, 47.530614206560799, 0.0 ], [ -122.406682421503007, 47.533010712473803, 0.0 ], [ -122.398263860168996, 47.536265822290602, 0.0 ], [ -122.398851208872003, 47.536913382961899, 0.0 ], [ -122.400900220324004, 47.539172185041402, 0.0 ], [ -122.404658150098996, 47.554265380407699, 0.0 ], [ -122.408224603516999, 47.559120504717797, 0.0 ], [ -122.409372268935996, 47.560484073289899, 0.0 ], [ -122.41341865977445, 47.565290166969767, 0.0 ], [ -122.412758192927996, 47.566243339652203, 0.0 ], [ -122.411581169125, 47.567850890865401, 0.0 ], [ -122.410353196309003, 47.569440903083198, 0.0 ], [ -122.409074840480997, 47.5710126353056, 0.0 ], [ -122.407746690639996, 47.572565357532497, 0.0 ], [ -122.406369359785998, 47.574098347763801, 0.0 ], [ -122.404943484919997, 47.575610893999198, 0.0 ], [ -122.403469725042001, 47.577102292238898, 0.0 ], [ -122.401948760150006, 47.5785718494826, 0.0 ], [ -122.400381294246003, 47.580018881730197, 0.0 ], [ -122.398768052329004, 47.581442716981599, 0.0 ], [ -122.397109781398996, 47.582842693236699, 0.0 ], [ -122.395407249455999, 47.5842181574953, 0.0 ], [ -122.393661244499995, 47.585568470757501, 0.0 ], [ -122.391872574531007, 47.586893006022997, 0.0 ], [ -122.390042071549004, 47.588191145291702, 0.0 ], [ -122.388170580554004, 47.589462285563499, 0.0 ], [ -122.386258972546003, 47.590705834838197, 0.0 ], [ -122.384308132525007, 47.591921215115804, 0.0 ], [ -122.382318966490999, 47.593107860396103, 0.0 ], [ -122.380642056691755, 47.594065530449853, 0.0 ], [ -122.380440153500004, 47.593885365030097, 0.0 ], [ -122.375298532247001, 47.589330773565301, 0.0 ], [ -122.370199305889003, 47.585543488290597, 0.0 ], [ -122.360211604582005, 47.5856780132859, 0.0 ], [ -122.360269982446994, 47.587312454238898, 0.0 ], [ -122.344942365174006, 47.592288239850603, 0.0 ], [ -122.341760987442996, 47.601753676429503, 0.0 ], [ -122.34836605319731, 47.607166762055023, 0.0 ], [ -122.346083238202993, 47.607779210139299, 0.0 ], [ -122.343596731955003, 47.608404672444799, 0.0 ], [ -122.341090828694007, 47.608993724750597, 0.0 ], [ -122.338566694421999, 47.609546093056501, 0.0 ], [ -122.336025506138, 47.610061519362297, 0.0 ], [ -122.333468445842996, 47.610539763667802, 0.0 ], [ -122.330896705536006, 47.610980603973097, 0.0 ], [ -122.328311483218002, 47.611383833277799, 0.0 ], [ -122.325713981888995, 47.611749265581899, 0.0 ], [ -122.323105412548998, 47.612076728885199, 0.0 ], [ -122.320486990198006, 47.612366072187598, 0.0 ], [ -122.317859933836999, 47.612617159488899, 0.0 ], [ -122.315225469465005, 47.612829874789099, 0.0 ], [ -122.312584823083, 47.613004117087897, 0.0 ], [ -122.309939224691007, 47.613139807385103, 0.0 ], [ -122.307289908288993, 47.613236881680798, 0.0 ], [ -122.304638108877, 47.613295294974698, 0.0 ], [ -122.301985060456005, 47.6133150192667, 0.0 ], [ -122.299332000025004, 47.613296045556702, 0.0 ], [ -122.296680163584995, 47.613238383844497, 0.0 ], [ -122.294030787137004, 47.613142059129999, 0.0 ], [ -122.291385105680007, 47.613007117412998, 0.0 ], [ -122.288744351214007, 47.612833621693497, 0.0 ], [ -122.286109754739996, 47.612621652971299, 0.0 ], [ -122.283482543258003, 47.6123713092462, 0.0 ], [ -122.281103316904449, 47.612109089569095, 0.0 ], [ -122.281116729814997, 47.612069001876201, 0.0 ], [ -122.281299227689999, 47.611524110460202, 0.0 ], [ -122.281614031497995, 47.610584230122797, 0.0 ], [ -122.281831552358, 47.6092534594044, 0.0 ], [ -122.282033737822005, 47.608033448237997, 0.0 ], [ -122.282070021006007, 47.607814463466703, 0.0 ], [ -122.282242411851996, 47.606774173208002, 0.0 ], [ -122.282506416043006, 47.605180962668904, 0.0 ], [ -122.282603496948994, 47.604595069295399, 0.0 ], [ -122.282677075221997, 47.604151011797697, 0.0 ], [ -122.283276059873003, 47.603138361098203, 0.0 ], [ -122.283766804297997, 47.601743593991401, 0.0 ], [ -122.284170763633, 47.600595426749599, 0.0 ], [ -122.284309146045999, 47.600202094862198, 0.0 ], [ -122.285179071277, 47.598530952257903, 0.0 ], [ -122.286031343969, 47.596166998818802, 0.0 ], [ -122.286899503458002, 47.5934084369879, 0.0 ], [ -122.285164923059, 47.590651049611097, 0.0 ], [ -122.284103537939998, 47.590353352263399, 0.0 ], [ -122.283320694671005, 47.589186853186902, 0.0 ], [ -122.283502900713998, 47.586234120176996, 0.0 ], [ -122.285432957366993, 47.584376697042501, 0.0 ], [ -122.285145439269996, 47.583530995403599, 0.0 ], [ -122.283812645530006, 47.582604887450302, 0.0 ], [ -122.283124052530994, 47.5821262832605, 0.0 ], [ -122.281388189737001, 47.579108576247798, 0.0 ], [ -122.280613716654003, 47.577396773933302, 0.0 ], [ -122.280262368712002, 47.5766195667847, 0.0 ], [ -122.279739255514997, 47.574435767216102, 0.0 ], [ -122.279234798589997, 47.572922272237101, 0.0 ], [ -122.277082028801004, 47.572877736304299, 0.0 ], [ -122.275625057767996, 47.572847554222598, 0.0 ], [ -122.273880747853994, 47.572811401474802, 0.0 ], [ -122.273635819171005, 47.571115810652998, 0.0 ], [ -122.270265264147, 47.568655080543401, 0.0 ], [ -122.266815294227996, 47.568117505558803, 0.0 ], [ -122.266368979397996, 47.566290295718296, 0.0 ], [ -122.265895148831007, 47.563479967944303, 0.0 ], [ -122.264486532375003, 47.562693073060402, 0.0 ], [ -122.261999954215, 47.561115026946503, 0.0 ], [ -122.261589634646, 47.560407360817798, 0.0 ], [ -122.259712389328996, 47.557165211144202, 0.0 ], [ -122.259519585079005, 47.557520440741897, 0.0 ], [ -122.257665841667006, 47.560943289253899, 0.0 ], [ -122.256128582759999, 47.563781443325503, 0.0 ], [ -122.250470298612001, 47.564567382737998, 0.0 ], [ -122.245684818623999, 47.563464644529098, 0.0 ], [ -122.242676664526002, 47.5572435981314, 0.0 ], [ -122.242785591596004, 47.551520309301502, 0.0 ], [ -122.245904894323004, 47.547587285647403, 0.0 ], [ -122.246616605529994, 47.546689572000098, 0.0 ], [ -122.253231666754999, 47.544729560152497, 0.0 ], [ -122.254866016552, 47.543127148748901, 0.0 ], [ -122.256511124404994, 47.541514677264097, 0.0 ], [ -122.258015479155006, 47.538590119749003, 0.0 ], [ -122.259924391842006, 47.535973429267699, 0.0 ], [ -122.260431043482996, 47.535253599787403, 0.0 ], [ -122.261385385908, 47.533898734765003, 0.0 ], [ -122.260002311568002, 47.5315915660779, 0.0 ], [ -122.257526951795995, 47.527956961240903, 0.0 ], [ -122.257636811647998, 47.524736993803103, 0.0 ], [ -122.258490308381994, 47.523325231555397, 0.0 ], [ -122.259025723205994, 47.522439714324904, 0.0 ], [ -122.257898293892808, 47.52195539359402, 0.0 ], [ -122.258903750296994, 47.520283398071001, 0.0 ], [ -122.241533201181511, 47.509627519627593, 0.0 ] ] ] } },
{ "type": "Feature", "properties": { "OBJECTID": 1043, "GLOBAL_ID": "BC374C48-0CEB-49B8-B50F-7305C74A3ED5", "IDENT": "SEA", "ICAO_ID": "KSEA", "NAME": "SEATTLE-TACOMA INTERNATIONAL AIRPORT CLASS D1", "UPPER_DESC": "TNI", "UPPER_VAL": 3000, "UPPER_UOM": "FT", "UPPER_CODE": "MSL", "LOWER_DESC": null, "LOWER_VAL": 0, "LOWER_UOM": "FT", "LOWER_CODE": "SFC", "TYPE_CODE": "CLASS", "LOCAL_TYPE": "CLASS_D", "CLASS": "D", "MIL_CODE": "CIV", "COMM_NAME": null, "LEVEL_": "L", "SECTOR": null, "ONSHORE": "1", "EXCLUSION": "0", "WKHR_CODE": "H24", "WKHR_RMK": null, "DST": null, "GMTOFFSET": null, "CONT_AGENT": null, "CITY": "SEATTLE", "STATE": "WA", "COUNTRY": "", "ADHP_ID": "5338FBAA-B183-4BC0-B3F1-27ABF6D1AD7C", "US_HIGH": 0, "AK_HIGH": 0, "AK_LOW": 1, "US_LOW": 1, "US_AREA": 0, "PACIFIC": 1, "Shape__Area": 0.008199976296054956, "Shape__Length": 0.4803589650363142 }, "geometry": { "type": "Polygon", "coordinates": [ [ [ -122.381123209059993, 47.500005605636701, 0.0 ], [ -122.373924224741501, 47.500005606423791, 0.0 ], [ -122.373925333895997, 47.499996977566198, 0.0 ], [ -122.373935972992996, 47.499911872138597, 0.0 ], [ -122.373965721372002, 47.499754657525102, 0.0 ], [ -122.374013233433004, 47.499599471435303, 0.0 ], [ -122.374084369301002, 47.499405107932702, 0.0 ], [ -122.374140510681997, 47.499251049148803, 0.0 ], [ -122.374158299605, 47.499202737665001, 0.0 ], [ -122.374323488319007, 47.498751012101899, 0.0 ], [ -122.374479797277999, 47.498323920637098, 0.0 ], [ -122.374488680517999, 47.498299290433302, 0.0 ], [ -122.374717543689002, 47.497674896274198, 0.0 ], [ -122.374729676271997, 47.497640586826002, 0.0 ], [ -122.374781154966996, 47.497516968574402, 0.0 ], [ -122.374851974533001, 47.497380533379001, 0.0 ], [ -122.374898282296996, 47.497304582890401, 0.0 ], [ -122.374920515585998, 47.497269790359198, 0.0 ], [ -122.375117312488001, 47.4969637387142, 0.0 ], [ -122.375158892624, 47.4968990778031, 0.0 ], [ -122.375200478878, 47.496834416792403, 0.0 ], [ -122.375476060224997, 47.496405100735998, 0.0 ], [ -122.375530509469002, 47.496330882878901, 0.0 ], [ -122.375563251794006, 47.496309231602297, 0.0 ], [ -122.375605632732004, 47.496288731819099, 0.0 ], [ -122.377164557173003, 47.494604369463303, 0.0 ], [ -122.378774731787004, 47.4929290526307, 0.0 ], [ -122.385022817926, 47.496309262475002, 0.0 ], [ -122.387156606290006, 47.4982960018936, 0.0 ], [ -122.388993315925433, 47.500005604776106, 0.0 ], [ -122.381123209059993, 47.500005605636701, 0.0 ] ] ] } },
{ "type": "Feature", "properties": { "OBJECTID": 306, "GLOBAL_ID": "3AA6F96F-186F-4491-BB6E-8E502B96F62A", "IDENT": "SEA", "ICAO_ID": "KSEA", "NAME": "SEATTLE CLASS B", "UPPER_DESC": "TI", "UPPER_VAL": 10000, "UPPER_UOM": "FT", "UPPER_CODE": "MSL", "LOWER_DESC": null, "LOWER_VAL": 1100, "LOWER_UOM": "FT", "LOWER_CODE": "MSL", "TYPE_CODE": "CLASS", "LOCAL_TYPE": "CLASS_B", "CLASS": "B", "MIL_CODE": "CIV", "COMM_NAME": null, "LEVEL_": "L", "SECTOR": "AREA B", "ONSHORE": "1", "EXCLUSION": "0", "WKHR_CODE": "H24", "WKHR_RMK": null, "DST": null, "GMTOFFSET": null, "CONT_AGENT": null, "CITY": "SEATTLE", "STATE": "WA", "COUNTRY": "", "ADHP_ID": "5338FBAA-B183-4BC0-B3F1-27ABF6D1AD7C", "US_HIGH": 0, "AK_HIGH": 0, "AK_LOW": 1, "US_LOW": 1, "US_AREA": 0, "PACIFIC": 1, "Shape__Area": 0.0017873159122245852, "Shape__Length": 0.17532514982650799 }, "geometry": { "type": "Polygon", "coordinates": [ [ [ -122.293510162531291, 47.524321110340303, 0.0 ], [ -122.295528969290004, 47.524357347950598, 0.0 ], [ -122.296678049437006, 47.5243779614595, 0.0 ], [ -122.297417430459006, 47.524391214291803, 0.0 ], [ -122.298897209589001, 47.5244177345987, 0.0 ], [ -122.300757000000999, 47.524451029492297, 0.0 ], [ -122.301369725624994, 47.524461994775301, 0.0 ], [ -122.300960099728002, 47.524582510207402, 0.0 ], [ -122.300725857591999, 47.524670799420498, 0.0 ], [ -122.300575291499001, 47.524736037764697, 0.0 ], [ -122.300358739301998, 47.524843055420497, 0.0 ], [ -122.299927274281004, 47.525113894976599, 0.0 ], [ -122.299702816959993, 47.525353544298497, 0.0 ], [ -122.299618385713003, 47.5255590262109, 0.0 ], [ -122.299612221969994, 47.525772280682503, 0.0 ], [ -122.299730656730006, 47.526162632908502, 0.0 ], [ -122.299971704376006, 47.526612017016603, 0.0 ], [ -122.300044179150007, 47.526767311485997, 0.0 ], [ -122.300213014483006, 47.527229903102899, 0.0 ], [ -122.300270772030004, 47.527452853082202, 0.0 ], [ -122.300386539512004, 47.5279220481913, 0.0 ], [ -122.300579435230006, 47.528384189445497, 0.0 ], [ -122.300704859944005, 47.528608889185598, 0.0 ], [ -122.300901247479004, 47.528900226359497, 0.0 ], [ -122.301129889720997, 47.529180566646801, 0.0 ], [ -122.301220832517998, 47.529270843385703, 0.0 ], [ -122.301369621700005, 47.529400123031103, 0.0 ], [ -122.301648403382998, 47.529597398638799, 0.0 ], [ -122.301961760680996, 47.5297692239062, 0.0 ], [ -122.302164305141005, 47.5298589431018, 0.0 ], [ -122.302563420702995, 47.530011345715899, 0.0 ], [ -122.302825726270001, 47.530092980344598, 0.0 ], [ -122.303365690915996, 47.530270075504099, 0.0 ], [ -122.303622720430994, 47.530375003375902, 0.0 ], [ -122.303869823821998, 47.530490347956203, 0.0 ], [ -122.304106098309006, 47.530615678060599, 0.0 ], [ -122.304465314500007, 47.530829931134903, 0.0 ], [ -122.304690748992996, 47.531009569548203, 0.0 ], [ -122.304872541188999, 47.531210620381302, 0.0 ], [ -122.304983589052, 47.531383652952897, 0.0 ], [ -122.305062193149993, 47.531564656719802, 0.0 ], [ -122.305099108765006, 47.531703973777098, 0.0 ], [ -122.305527263726006, 47.531706547235103, 0.0 ], [ -122.306686962775004, 47.531716964303399, 0.0 ], [ -122.307785991483001, 47.5317268280942, 0.0 ], [ -122.308489551215004, 47.531732713169298, 0.0 ], [ -122.309396603753001, 47.531740556914102, 0.0 ], [ -122.310406260486005, 47.531749632814901, 0.0 ], [ -122.313136145241998, 47.531774125996002, 0.0 ], [ -122.316921432441006, 47.531809649245098, 0.0 ], [ -122.317564450326998, 47.531815683380799, 0.0 ], [ -122.318465582789003, 47.531824134292101, 0.0 ], [ -122.318482752026995, 47.5308497133244, 0.0 ], [ -122.318495325577999, 47.530136912031999, 0.0 ], [ -122.318500163180005, 47.529862658045701, 0.0 ], [ -122.318507703437007, 47.529435013807401, 0.0 ], [ -122.317563639027995, 47.529427662501803, 0.0 ], [ -122.317569856291001, 47.529059638390798, 0.0 ], [ -122.317571150261998, 47.528998567653097, 0.0 ], [ -122.317571430851999, 47.528972772297003, 0.0 ], [ -122.317583677242993, 47.5282301288509, 0.0 ], [ -122.317481334297, 47.528172428471898, 0.0 ], [ -122.317406801900006, 47.528149753409998, 0.0 ], [ -122.314894873588997, 47.527388173363804, 0.0 ], [ -122.314707040829006, 47.527331581183901, 0.0 ], [ -122.314549780201006, 47.527282347848498, 0.0 ], [ -122.313166187527003, 47.526941265669301, 0.0 ], [ -122.312893547596005, 47.526874081640401, 0.0 ], [ -122.312088392294001, 47.526676215204503, 0.0 ], [ -122.311780871690999, 47.526574351247, 0.0 ], [ -122.311702201219006, 47.526548338936202, 0.0 ], [ -122.311326375274007, 47.526161296359, 0.0 ], [ -122.310880254851, 47.525579240657699, 0.0 ], [ -122.310816689605005, 47.525496778170499, 0.0 ], [ -122.310734698841003, 47.525389151728298, 0.0 ], [ -122.309840870177993, 47.524614418533403, 0.0 ], [ -122.309785882963993, 47.524566890946303, 0.0 ], [ -122.309732453850003, 47.5245204989412, 0.0 ], [ -122.309695912242006, 47.524427404276103, 0.0 ], [ -122.309690331352002, 47.5243376743176, 0.0 ], [ -122.309805427477997, 47.523952687062199, 0.0 ], [ -122.309805325472993, 47.523895663300202, 0.0 ], [ -122.309575058834994, 47.523251203091299, 0.0 ], [ -122.309712810476995, 47.522344511910397, 0.0 ], [ -122.309675156108995, 47.522176237747402, 0.0 ], [ -122.309798123245002, 47.522176567371702, 0.0 ], [ -122.312853056972003, 47.522185576438503, 0.0 ], [ -122.312898603354995, 47.522185713004397, 0.0 ], [ -122.313478516725993, 47.5221874092977, 0.0 ], [ -122.313529624707002, 47.522187557512197, 0.0 ], [ -122.314698570450005, 47.522190998955502, 0.0 ], [ -122.314982411306005, 47.522190296432399, 0.0 ], [ -122.315103847426997, 47.522190214219698, 0.0 ], [ -122.315265331418999, 47.522192693126001, 0.0 ], [ -122.315712164236004, 47.522194059683599, 0.0 ], [ -122.317555629408005, 47.522198779135699, 0.0 ], [ -122.317553566420997, 47.521184392028097, 0.0 ], [ -122.317552888856, 47.520645340229699, 0.0 ], [ -122.317551944330006, 47.5203101449789, 0.0 ], [ -122.317546074210995, 47.5186647211912, 0.0 ], [ -122.317748512012002, 47.518666614885198, 0.0 ], [ -122.318376996772997, 47.51866941, 0.0 ], [ -122.318803024049004, 47.5186698379731, 0.0 ], [ -122.320219835860001, 47.518674181367601, 0.0 ], [ -122.320341275931, 47.5186745194626, 0.0 ], [ -122.320462713477994, 47.518674768873097, 0.0 ], [ -122.321792453458997, 47.518677448412703, 0.0 ], [ -122.322255547468004, 47.518682304879398, 0.0 ], [ -122.323106170404003, 47.518685975292399, 0.0 ], [ -122.323227607990006, 47.518686221747302, 0.0 ], [ -122.323287822086996, 47.518686334672402, 0.0 ], [ -122.324068570964997, 47.518688083821203, 0.0 ], [ -122.324132323206001, 47.518688234232997, 0.0 ], [ -122.324790118083001, 47.518689837205798, 0.0 ], [ -122.324914591131005, 47.518689961849503, 0.0 ], [ -122.324976826991005, 47.5186900009274, 0.0 ], [ -122.325036025114002, 47.518690079864598, 0.0 ], [ -122.325878976819993, 47.518690915298301, 0.0 ], [ -122.325880425942003, 47.519359819499897, 0.0 ], [ -122.325881742327994, 47.5199360076329, 0.0 ], [ -122.325883073661998, 47.520512499301603, 0.0 ], [ -122.325883834170995, 47.520910295523002, 0.0 ], [ -122.326648847019001, 47.520909150436196, 0.0 ], [ -122.32942809635, 47.5209050112516, 0.0 ], [ -122.329479701300997, 47.5209049348055, 0.0 ], [ -122.329649199605996, 47.5209046722088, 0.0 ], [ -122.330843769238001, 47.520902766813698, 0.0 ], [ -122.330919659930998, 47.520902639528998, 0.0 ], [ -122.329911276984006, 47.519547999650101, 0.0 ], [ -122.329687988269995, 47.518458528773699, 0.0 ], [ -122.329594765164998, 47.518277311922198, 0.0 ], [ -122.329606363196007, 47.518085644512901, 0.0 ], [ -122.329612572615005, 47.517983066384502, 0.0 ], [ -122.329617492571998, 47.517749660746198, 0.0 ], [ -122.329613865740995, 47.517561049803298, 0.0 ], [ -122.329607540061005, 47.517417472905301, 0.0 ], [ -122.329597270283998, 47.517377292208302, 0.0 ], [ -122.329579571083002, 47.517339044415898, 0.0 ], [ -122.329552581997007, 47.517305382143398, 0.0 ], [ -122.329524475891006, 47.5172779273028, 0.0 ], [ -122.329492298120996, 47.5172515849262, 0.0 ], [ -122.329459349740006, 47.517233322637303, 0.0 ], [ -122.329417577043998, 47.517212869063201, 0.0 ], [ -122.329362705478999, 47.517192946572202, 0.0 ], [ -122.329294898780006, 47.517178826084603, 0.0 ], [ -122.329249596211, 47.51717467273, 0.0 ], [ -122.329197455601005, 47.517171794804298, 0.0 ], [ -122.329166563022, 47.517118403416703, 0.0 ], [ -122.328636840317998, 47.516509434456403, 0.0 ], [ -122.328589904454006, 47.516419663074203, 0.0 ], [ -122.328512201056, 47.516271043990002, 0.0 ], [ -122.328099275141, 47.515481254189801, 0.0 ], [ -122.327827318570996, 47.514961079748197, 0.0 ], [ -122.327589236036999, 47.514505693570797, 0.0 ], [ -122.327330202303003, 47.5140102370571, 0.0 ], [ -122.328040184366003, 47.514005244960501, 0.0 ], [ -122.328960031041007, 47.5139985649705, 0.0 ], [ -122.330077131240003, 47.513998799351803, 0.0 ], [ -122.330247349697999, 47.5143247282777, 0.0 ], [ -122.330309931629003, 47.5144347903518, 0.0 ], [ -122.330367556217993, 47.514522479654097, 0.0 ], [ -122.330435736241, 47.514614754491603, 0.0 ], [ -122.330562350787005, 47.514761533717902, 0.0 ], [ -122.330647605646007, 47.514846234762103, 0.0 ], [ -122.330766602009007, 47.514962960525999, 0.0 ], [ -122.330868164253005, 47.515063008380999, 0.0 ], [ -122.330934161683999, 47.515128022382697, 0.0 ], [ -122.330974398373002, 47.515167655966202, 0.0 ], [ -122.331382527642006, 47.515134284104001, 0.0 ], [ -122.331402914354996, 47.515099621956601, 0.0 ], [ -122.333495087269995, 47.514726855822403, 0.0 ], [ -122.333632554505996, 47.514767937786303, 0.0 ], [ -122.333590325255003, 47.514530176734702, 0.0 ], [ -122.334357396296994, 47.5145252179572, 0.0 ], [ -122.334267983678998, 47.514021864951502, 0.0 ], [ -122.337041997672998, 47.513992988965001, 0.0 ], [ -122.337087779314999, 47.514567931787703, 0.0 ], [ -122.337123498379995, 47.515016562974097, 0.0 ], [ -122.337186075692003, 47.515371129124098, 0.0 ], [ -122.337257176253004, 47.515770728621298, 0.0 ], [ -122.337364637627005, 47.516373869422303, 0.0 ], [ -122.337422118353999, 47.516696497329399, 0.0 ], [ -122.337484354102003, 47.517257693519802, 0.0 ], [ -122.337928140892004, 47.517260168350099, 0.0 ], [ -122.340130897907002, 47.517272528620197, 0.0 ], [ -122.341601433989993, 47.517281203229999, 0.0 ], [ -122.342875635927996, 47.517288739133903, 0.0 ], [ -122.344149326587996, 47.517296225366103, 0.0 ], [ -122.345423514350003, 47.517303433376398, 0.0 ], [ -122.346697214407001, 47.517310975295501, 0.0 ], [ -122.347969899009996, 47.5173186894379, 0.0 ], [ -122.348940696071864, 47.517324347598041, 0.0 ], [ -122.355234323166002, 47.530425054070797, 0.0 ], [ -122.352778434898994, 47.530950543367197, 0.0 ], [ -122.350309332620995, 47.531446873663597, 0.0 ], [ -122.347827774335002, 47.531913895959697, 0.0 ], [ -122.345334518040005, 47.532351465255601, 0.0 ], [ -122.342830328736994, 47.532759448551097, 0.0 ], [ -122.340315971424005, 47.533137720846199, 0.0 ], [ -122.337792216102997, 47.533486166140797, 0.0 ], [ -122.335259834772998, 47.533804677434603, 0.0 ], [ -122.332719604434999, 47.534093157727803, 0.0 ], [ -122.330172302088002, 47.534351518020202, 0.0 ], [ -122.327618706733006, 47.534579679311697, 0.0 ], [ -122.325059602370004, 47.534777572602103, 0.0 ], [ -122.322495770998998, 47.534945136891501, 0.0 ], [ -122.319927998620003, 47.535082320179697, 0.0 ], [ -122.317357070233001, 47.535189081466697, 0.0 ], [ -122.314783774839, 47.535265387752197, 0.0 ], [ -122.312208899436996, 47.535311215036401, 0.0 ], [ -122.309633234027004, 47.535326549319002, 0.0 ], [ -122.307057565611004, 47.535311387599997, 0.0 ], [ -122.304482683187004, 47.535265731879299, 0.0 ], [ -122.301909376756001, 47.535189598156798, 0.0 ], [ -122.299338433317999, 47.535083008432501, 0.0 ], [ -122.296770640873007, 47.534945996706199, 0.0 ], [ -122.294206784420993, 47.534778603977799, 0.0 ], [ -122.291647926962995, 47.534579361247197, 0.0 ], [ -122.293510162531291, 47.524321110340303, 0.0 ] ] ] } },
{ "type": "Feature", "properties": { "OBJECTID": 310, "GLOBAL_ID": "3B05FB5A-7B98-4597-9F1E-27966CB749F0", "IDENT": "SEA", "ICAO_ID": "KSEA", "NAME": "SEATTLE CLASS B", "UPPER_DESC": "TI", "UPPER_VAL": 10000, "UPPER_UOM": "FT", "UPPER_CODE": "MSL", "LOWER_DESC": null, "LOWER_VAL": 2000, "LOWER_UOM": "FT", "LOWER_CODE": "MSL", "TYPE_CODE": "CLASS", "LOCAL_TYPE": "CLASS_B", "CLASS": "B", "MIL_CODE": "CIV", "COMM_NAME": null, "LEVEL_": "L", "SECTOR": "AREA F", "ONSHORE": "1", "EXCLUSION": "0", "WKHR_CODE": "H24", "WKHR_RMK": null, "DST": null, "GMTOFFSET": null, "CONT_AGENT": null, "CITY": "SEATTLE", "STATE": "WA", "COUNTRY": "", "ADHP_ID": "5338FBAA-B183-4BC0-B3F1-27ABF6D1AD7C", "US_HIGH": 0, "AK_HIGH": 0, "AK_LOW": 1, "US_LOW": 1, "US_AREA": 0, "PACIFIC": 1, "Shape__Area": 0.0036673458657787705, "Shape__Length": 0.29208872196778818 }, "geometry": { "type": "Polygon", "coordinates": [ [ [ -122.383198209745998, 47.501491716488097, 0.0 ], [ -122.389864878473006, 47.504269493905198, 0.0 ], [ -122.390142656848994, 47.5056583829479, 0.0 ], [ -122.392364880263003, 47.510102826938699, 0.0 ], [ -122.395975992966001, 47.514825048792098, 0.0 ], [ -122.399864883381994, 47.518158382541799, 0.0 ], [ -122.399309327492006, 47.518991715646401, 0.0 ], [ -122.394864883907999, 47.523713938380901, 0.0 ], [ -122.395142662482002, 47.5259361614672, 0.0 ], [ -122.400975997542005, 47.530658383076798, 0.0 ], [ -122.400975997873005, 47.532047272149697, 0.0 ], [ -122.396531554023994, 47.535658383825897, 0.0 ], [ -122.396809331732001, 47.538436161941299, 0.0 ], [ -122.397920444837993, 47.542325050023798, 0.0 ], [ -122.399309333855996, 47.545658384046597, 0.0 ], [ -122.399309335184, 47.551213939338098, 0.0 ], [ -122.400420447892998, 47.553436162333, 0.0 ], [ -122.402364893132997, 47.557325050323797, 0.0 ], [ -122.403753783019994, 47.560102828317298, 0.0 ], [ -122.405142672772996, 47.562325050281601, 0.0 ], [ -122.407364895461001, 47.563713939110798, 0.0 ], [ -122.407920451815002, 47.564825050108198, 0.0 ], [ -122.410142674769006, 47.567325049995603, 0.0 ], [ -122.410420453279002, 47.569269495066898, 0.0 ], [ -122.412642676166001, 47.571491716939697, 0.0 ], [ -122.417920455807007, 47.574825049535498, 0.0 ], [ -122.419309344561, 47.577047272499499, 0.0 ], [ -122.404864899448995, 47.582047274344802, 0.0 ], [ -122.398476010359005, 47.5859361642488, 0.0 ], [ -122.393198232844995, 47.591491720118398, 0.0 ], [ -122.390142677954998, 47.593991720584398, 0.0 ], [ -122.386537121773998, 47.595644499066303, 0.0 ], [ -122.348935146777919, 47.517324315254726, 0.0 ], [ -122.349244101674998, 47.517326115956799, 0.0 ], [ -122.350652906874004, 47.517334295017299, 0.0 ], [ -122.351735320518998, 47.517340568500202, 0.0 ], [ -122.352875923816001, 47.517347162683997, 0.0 ], [ -122.354016533747995, 47.517353749548903, 0.0 ], [ -122.355164730534995, 47.517360392054599, 0.0 ], [ -122.356510588872993, 47.5173612887316, 0.0 ], [ -122.357856952811005, 47.517362209081597, 0.0 ], [ -122.358531398897, 47.517362663172499, 0.0 ], [ -122.358510165322997, 47.515530247074999, 0.0 ], [ -122.359178498820995, 47.515529880544499, 0.0 ], [ -122.360518192224006, 47.5155291413976, 0.0 ], [ -122.360540008233002, 47.517361811784603, 0.0 ], [ -122.361124433369994, 47.517363460834197, 0.0 ], [ -122.361821134, 47.517363642454598, 0.0 ], [ -122.362617485238999, 47.5173631193706, 0.0 ], [ -122.363224147376002, 47.517363905594102, 0.0 ], [ -122.364567444786005, 47.517363585441501, 0.0 ], [ -122.365912763826003, 47.517363175722799, 0.0 ], [ -122.367283850190006, 47.517378816337597, 0.0 ], [ -122.368671132760994, 47.517394605373497, 0.0 ], [ -122.370026534437002, 47.517409994631002, 0.0 ], [ -122.371278177207003, 47.517424203610098, 0.0 ], [ -122.371254070602006, 47.5171043948326, 0.0 ], [ -122.371252261256998, 47.517077471413998, 0.0 ], [ -122.371234624414001, 47.516839751839903, 0.0 ], [ -122.371217085018003, 47.516605329830199, 0.0 ], [ -122.371198511128, 47.516353144976598, 0.0 ], [ -122.371180036945006, 47.516104122663997, 0.0 ], [ -122.371175833357, 47.516047541707003, 0.0 ], [ -122.371160868296002, 47.515848862123498, 0.0 ], [ -122.371150686931003, 47.515709539866897, 0.0 ], [ -122.371142358018005, 47.515598815198402, 0.0 ], [ -122.371123845309, 47.515348468790997, 0.0 ], [ -122.371105342974005, 47.515098679087899, 0.0 ], [ -122.371087560936999, 47.514855992059601, 0.0 ], [ -122.371069081594996, 47.514606758889599, 0.0 ], [ -122.371049905082998, 47.514351194720597, 0.0 ], [ -122.371042325814003, 47.514248559463503, 0.0 ], [ -122.371031467888002, 47.514103589328897, 0.0 ], [ -122.371014661985996, 47.513876873062202, 0.0 ], [ -122.371011229228003, 47.513829102596901, 0.0 ], [ -122.371002054331996, 47.5137065648657, 0.0 ], [ -122.370996295780003, 47.513631451903102, 0.0 ], [ -122.370981821079994, 47.513432251019502, 0.0 ], [ -122.370977559712998, 47.513373696576203, 0.0 ], [ -122.370959210275998, 47.513128832034603, 0.0 ], [ -122.370940742353, 47.512880155553603, 0.0 ], [ -122.370937218809999, 47.512829302578297, 0.0 ], [ -122.370922921417005, 47.512636098031301, 0.0 ], [ -122.370903556930003, 47.512374111597701, 0.0 ], [ -122.370891123, 47.512209669011703, 0.0 ], [ -122.370879481572999, 47.5120552051551, 0.0 ], [ -122.370872703857003, 47.511962624437601, 0.0 ], [ -122.370865044320993, 47.5118572440092, 0.0 ], [ -122.370854831692995, 47.511716808484998, 0.0 ], [ -122.37083644946, 47.511471003656098, 0.0 ], [ -122.370818579003, 47.511225234084101, 0.0 ], [ -122.370800707347001, 47.5109794181244, 0.0 ], [ -122.370782326872003, 47.510733655456598, 0.0 ], [ -122.370764455680003, 47.510487843709001, 0.0 ], [ -122.370746080404004, 47.5102420345669, 0.0 ], [ -122.370728305669004, 47.5099996933562, 0.0 ], [ -122.370734389608003, 47.5095884317535, 0.0 ], [ -122.370738853022004, 47.509259457466399, 0.0 ], [ -122.370741217204994, 47.509099357900404, 0.0 ], [ -122.370743825348995, 47.508930429886, 0.0 ], [ -122.370748288523004, 47.508601451383498, 0.0 ], [ -122.370754793670997, 47.508118764517903, 0.0 ], [ -122.370841796690002, 47.5081185737723, 0.0 ], [ -122.370807025389993, 47.508088839916702, 0.0 ], [ -122.370775239357997, 47.508057306512598, 0.0 ], [ -122.370747452025, 47.508024137020698, 0.0 ], [ -122.370723664623995, 47.5079895845384, 0.0 ], [ -122.370704400041006, 47.507953857133998, 0.0 ], [ -122.370687530683, 47.507913423180398, 0.0 ], [ -122.370617346049997, 47.507712019273796, 0.0 ], [ -122.370610580169, 47.507671326203599, 0.0 ], [ -122.370588176466001, 47.507529127845103, 0.0 ], [ -122.370582690993999, 47.507343085182903, 0.0 ], [ -122.370584936957002, 47.507178962759802, 0.0 ], [ -122.370574962313995, 47.507132483129404, 0.0 ], [ -122.370558792181001, 47.507081544017197, 0.0 ], [ -122.370409537731007, 47.506685968745899, 0.0 ], [ -122.370367673394995, 47.506552863126799, 0.0 ], [ -122.370339966255003, 47.506402210888503, 0.0 ], [ -122.370314909428004, 47.506204393464898, 0.0 ], [ -122.370285306737003, 47.505972319901197, 0.0 ], [ -122.370276046827001, 47.505898325825498, 0.0 ], [ -122.370270591869996, 47.505833447096798, 0.0 ], [ -122.370271203358001, 47.505768444077702, 0.0 ], [ -122.370279919275006, 47.505686495255297, 0.0 ], [ -122.370298262730003, 47.505605268268397, 0.0 ], [ -122.370315233952994, 47.505546131149302, 0.0 ], [ -122.370327582235007, 47.5055016611159, 0.0 ], [ -122.370361449799006, 47.505380852546999, 0.0 ], [ -122.370382986574, 47.505304897656799, 0.0 ], [ -122.370403702331998, 47.505218200865897, 0.0 ], [ -122.370416298913995, 47.5051308419809, 0.0 ], [ -122.370421805785995, 47.505043106585298, 0.0 ], [ -122.370427476583004, 47.504600663112903, 0.0 ], [ -122.370437205825993, 47.503866778841299, 0.0 ], [ -122.370442273996005, 47.503798589568603, 0.0 ], [ -122.370455457190005, 47.503730931661899, 0.0 ], [ -122.370476250178001, 47.503664195842703, 0.0 ], [ -122.370505173536998, 47.503598725196298, 0.0 ], [ -122.370541234032999, 47.503535039384403, 0.0 ], [ -122.370584434495001, 47.503473446313699, 0.0 ], [ -122.370610758515994, 47.503439755194002, 0.0 ], [ -122.370645835852002, 47.503394251824297, 0.0 ], [ -122.370721371765995, 47.503297000497803, 0.0 ], [ -122.370814057385005, 47.503198234484799, 0.0 ], [ -122.370862816491993, 47.503153528709703, 0.0 ], [ -122.370977540149994, 47.503047393912297, 0.0 ], [ -122.371243450554999, 47.5028022782733, 0.0 ], [ -122.371586976084004, 47.502479291291799, 0.0 ], [ -122.371951139328999, 47.5021357999792, 0.0 ], [ -122.372018146065002, 47.502075381321099, 0.0 ], [ -122.372089263174999, 47.502017134300303, 0.0 ], [ -122.372167963229003, 47.501958700098101, 0.0 ], [ -122.372255155600996, 47.501896721085998, 0.0 ], [ -122.372423103892004, 47.501777439846897, 0.0 ], [ -122.372521193181996, 47.5017077702027, 0.0 ], [ -122.372589507666007, 47.5016573187078, 0.0 ], [ -122.372752315526, 47.501535402571101, 0.0 ], [ -122.372914089266999, 47.501412643851999, 0.0 ], [ -122.373026855131997, 47.501326069404001, 0.0 ], [ -122.373086146977002, 47.501278524167198, 0.0 ], [ -122.373230427997996, 47.501162988056898, 0.0 ], [ -122.373611379626993, 47.500857652040402, 0.0 ], [ -122.373705749139006, 47.500782079450403, 0.0 ], [ -122.373736323293002, 47.500755400150702, 0.0 ], [ -122.373763815291994, 47.500727222894803, 0.0 ], [ -122.373788228752005, 47.500697669973299, 0.0 ], [ -122.373809071097995, 47.500666925249, 0.0 ], [ -122.373826343586998, 47.500635241818102, 0.0 ], [ -122.373840048963999, 47.500602712452803, 0.0 ], [ -122.373849696652002, 47.500569588484403, 0.0 ], [ -122.373856293987004, 47.500536252788699, 0.0 ], [ -122.373865702274998, 47.500460891985398, 0.0 ], [ -122.373925333895997, 47.499996977566198, 0.0 ], [ -122.373935972992996, 47.499911872138597, 0.0 ], [ -122.373965721372002, 47.499754657525102, 0.0 ], [ -122.374013233433004, 47.499599471435303, 0.0 ], [ -122.374084369301002, 47.499405107932702, 0.0 ], [ -122.374140510681997, 47.499251049148803, 0.0 ], [ -122.374158299605, 47.499202737665001, 0.0 ], [ -122.374323488319007, 47.498751012101899, 0.0 ], [ -122.374479797277999, 47.498323920637098, 0.0 ], [ -122.374488680517999, 47.498299290433302, 0.0 ], [ -122.374717543689002, 47.497674896274198, 0.0 ], [ -122.374729676271997, 47.497640586826002, 0.0 ], [ -122.374781154966996, 47.497516968574402, 0.0 ], [ -122.374851974533001, 47.497380533379001, 0.0 ], [ -122.374898282296996, 47.497304582890401, 0.0 ], [ -122.374920515585998, 47.497269790359198, 0.0 ], [ -122.375117312488001, 47.4969637387142, 0.0 ], [ -122.375158892624, 47.4968990778031, 0.0 ], [ -122.375200478878, 47.496834416792403, 0.0 ], [ -122.375286415133075, 47.496700540481356, 0.0 ], [ -122.383198209745998, 47.501491716488097, 0.0 ] ] ] } },
{ "type": "Feature", "properties": { "OBJECTID": 308, "GLOBAL_ID": "0E53E1B2-FC7F-4E92-8698-A275BE121604", "IDENT": "SEA", "ICAO_ID": "KSEA", "NAME": "SEATTLE CLASS B", "UPPER_DESC": "TI", "UPPER_VAL": 10000, "UPPER_UOM": "FT", "UPPER_CODE": "MSL", "LOWER_DESC": null, "LOWER_VAL": 1800, "LOWER_UOM": "FT", "LOWER_CODE": "MSL", "TYPE_CODE": "CLASS", "LOCAL_TYPE": "CLASS_B", "CLASS": "B", "MIL_CODE": "CIV", "COMM_NAME": null, "LEVEL_": "L", "SECTOR": "AREA D", "ONSHORE": "1", "EXCLUSION": "0", "WKHR_CODE": "H24", "WKHR_RMK": null, "DST": null, "GMTOFFSET": null, "CONT_AGENT": null, "CITY": "SEATTLE", "STATE": "WA", "COUNTRY": "", "ADHP_ID": "5338FBAA-B183-4BC0-B3F1-27ABF6D1AD7C", "US_HIGH": 0, "AK_HIGH": 0, "AK_LOW": 1, "US_LOW": 1, "US_AREA": 0, "PACIFIC": 1, "Shape__Area": 0.009676746169134276, "Shape__Length": 0.39857803539464992 }, "geometry": { "type": "Polygon", "coordinates": [ [ [ -122.291647926962995, 47.534579361247197, 0.0 ], [ -122.294206784420993, 47.534778603977799, 0.0 ], [ -122.296770640873007, 47.534945996706199, 0.0 ], [ -122.299338433317999, 47.535083008432501, 0.0 ], [ -122.301909376756001, 47.535189598156798, 0.0 ], [ -122.304482683187004, 47.535265731879299, 0.0 ], [ -122.307057565611004, 47.535311387599997, 0.0 ], [ -122.309633234027004, 47.535326549319002, 0.0 ], [ -122.312208899436996, 47.535311215036401, 0.0 ], [ -122.314783774839, 47.535265387752197, 0.0 ], [ -122.317357070233001, 47.535189081466697, 0.0 ], [ -122.319927998620003, 47.535082320179697, 0.0 ], [ -122.322495770998998, 47.534945136891501, 0.0 ], [ -122.325059602370004, 47.534777572602103, 0.0 ], [ -122.327618706733006, 47.534579679311697, 0.0 ], [ -122.330172302088002, 47.534351518020202, 0.0 ], [ -122.332719604434999, 47.534093157727803, 0.0 ], [ -122.335259834772998, 47.533804677434603, 0.0 ], [ -122.337792216102997, 47.533486166140797, 0.0 ], [ -122.340315971424005, 47.533137720846199, 0.0 ], [ -122.342830328736994, 47.532759448551097, 0.0 ], [ -122.345334518040005, 47.532351465255601, 0.0 ], [ -122.347827774335002, 47.531913895959697, 0.0 ], [ -122.350309332620995, 47.531446873663597, 0.0 ], [ -122.352778434898994, 47.530950543367197, 0.0 ], [ -122.355234323166002, 47.530425054070797, 0.0 ], [ -122.388244992808097, 47.599044966850663, 0.0 ], [ -122.386229275732006, 47.599051205292, 0.0 ], [ -122.380440153500004, 47.593885365030097, 0.0 ], [ -122.375298532247001, 47.589330773565301, 0.0 ], [ -122.370199305889003, 47.585543488290597, 0.0 ], [ -122.360211604582005, 47.5856780132859, 0.0 ], [ -122.360269982446994, 47.587312454238898, 0.0 ], [ -122.344942365174006, 47.592288239850603, 0.0 ], [ -122.341760987442996, 47.601753676429503, 0.0 ], [ -122.362377163073006, 47.618649363483499, 0.0 ], [ -122.361344978768997, 47.618654992341298, 0.0 ], [ -122.361481990239994, 47.618767288595897, 0.0 ], [ -122.379041528328997, 47.626011109129102, 0.0 ], [ -122.384492248129007, 47.626022647725897, 0.0 ], [ -122.384505873354996, 47.6272787323283, 0.0 ], [ -122.384512264727363, 47.628837034845951, 0.0 ], [ -122.383308166274006, 47.6290510401681, 0.0 ], [ -122.380755380970001, 47.629488302471202, 0.0 ], [ -122.378196898661997, 47.629910129774203, 0.0 ], [ -122.375632924349006, 47.630316491076897, 0.0 ], [ -122.373063661030997, 47.630707351379399, 0.0 ], [ -122.370489316708998, 47.6310826806817, 0.0 ], [ -122.367910096382005, 47.631442448983599, 0.0 ], [ -122.365326206050995, 47.631786627285301, 0.0 ], [ -122.362737853715004, 47.632115187586599, 0.0 ], [ -122.360145246374998, 47.632428103887698, 0.0 ], [ -122.35754859203, 47.632725351188299, 0.0 ], [ -122.354948097681003, 47.6330069054885, 0.0 ], [ -122.352343972327006, 47.633272743788297, 0.0 ], [ -122.349736423969006, 47.633522846087601, 0.0 ], [ -122.347125662606999, 47.633757191386501, 0.0 ], [ -122.344511896239993, 47.633975760684898, 0.0 ], [ -122.341895334868994, 47.634178537982798, 0.0 ], [ -122.339276187493994, 47.634365505280101, 0.0 ], [ -122.336654665115006, 47.634536648576798, 0.0 ], [ -122.334030975730997, 47.634691952872899, 0.0 ], [ -122.331405332342996, 47.634831408168402, 0.0 ], [ -122.328777942951007, 47.6349550004633, 0.0 ], [ -122.326149018555, 47.635062721757599, 0.0 ], [ -122.323518771154994, 47.635154563051103, 0.0 ], [ -122.320887409750995, 47.635230517343899, 0.0 ], [ -122.318255146343006, 47.635290577635999, 0.0 ], [ -122.315622191930998, 47.635334738927298, 0.0 ], [ -122.312988756514997, 47.635362998217801, 0.0 ], [ -122.310355051095001, 47.635375354507502, 0.0 ], [ -122.307721287671001, 47.635371804796399, 0.0 ], [ -122.305087677244003, 47.635352350084403, 0.0 ], [ -122.302454429812997, 47.6353169923715, 0.0 ], [ -122.299821758377007, 47.635265733657697, 0.0 ], [ -122.297189870937999, 47.635198578943097, 0.0 ], [ -122.294558980496006, 47.635115532227402, 0.0 ], [ -122.291929298049993, 47.635016602510802, 0.0 ], [ -122.289301032599994, 47.634901794793201, 0.0 ], [ -122.286674397146001, 47.6347711210746, 0.0 ], [ -122.284049599688998, 47.634624590354903, 0.0 ], [ -122.281426851229, 47.634462214634198, 0.0 ], [ -122.278806362764996, 47.634284005912299, 0.0 ], [ -122.276188344298006, 47.634089980189401, 0.0 ], [ -122.275316909229716, 47.634001764079791, 0.0 ], [ -122.275325617491006, 47.633608917519197, 0.0 ], [ -122.275355107324998, 47.633227659107803, 0.0 ], [ -122.275754916872003, 47.633229765222602, 0.0 ], [ -122.275937958731006, 47.630820755523303, 0.0 ], [ -122.279947654767, 47.6265428194816, 0.0 ], [ -122.281200654936001, 47.625201637076501, 0.0 ], [ -122.282000983478994, 47.624352873443698, 0.0 ], [ -122.282004075060996, 47.623373586384197, 0.0 ], [ -122.279336716852001, 47.621103712494403, 0.0 ], [ -122.279353491351003, 47.619978969824601, 0.0 ], [ -122.279566320659001, 47.616709794856298, 0.0 ], [ -122.280523887935999, 47.613840851699003, 0.0 ], [ -122.281116729814997, 47.612069001876201, 0.0 ], [ -122.281299227689999, 47.611524110460202, 0.0 ], [ -122.281614031497995, 47.610584230122797, 0.0 ], [ -122.281831552358, 47.6092534594044, 0.0 ], [ -122.282033737822005, 47.608033448237997, 0.0 ], [ -122.282070021006007, 47.607814463466703, 0.0 ], [ -122.282242411851996, 47.606774173208002, 0.0 ], [ -122.282506416043006, 47.605180962668904, 0.0 ], [ -122.282603496948994, 47.604595069295399, 0.0 ], [ -122.282677075221997, 47.604151011797697, 0.0 ], [ -122.283276059873003, 47.603138361098203, 0.0 ], [ -122.283766804297997, 47.601743593991401, 0.0 ], [ -122.284170763633, 47.600595426749599, 0.0 ], [ -122.284309146045999, 47.600202094862198, 0.0 ], [ -122.285179071277, 47.598530952257903, 0.0 ], [ -122.286031343969, 47.596166998818802, 0.0 ], [ -122.286899503458002, 47.5934084369879, 0.0 ], [ -122.285164923059, 47.590651049611097, 0.0 ], [ -122.284103537939998, 47.590353352263399, 0.0 ], [ -122.283320694671005, 47.589186853186902, 0.0 ], [ -122.283502900713998, 47.586234120176996, 0.0 ], [ -122.285432957366993, 47.584376697042501, 0.0 ], [ -122.285145439269996, 47.583530995403599, 0.0 ], [ -122.283812645530006, 47.582604887450302, 0.0 ], [ -122.283124052530994, 47.5821262832605, 0.0 ], [ -122.283024768617864, 47.581953683351131, 0.0 ], [ -122.291647926962995, 47.534579361247197, 0.0 ] ] ] } },
{ "type": "Feature", "properties": { "OBJECTID": 4620, "GLOBAL_ID": "C2FDE500-DB26-4843-BB94-EAE8C99921B6", "IDENT": null, "ICAO_ID": null, "NAME": "SEATTLE CLASS E6", "UPPER_DESC": "AA", "UPPER_VAL": -9998, "UPPER_UOM": null, "UPPER_CODE": null, "LOWER_DESC": null, "LOWER_VAL": 1200, "LOWER_UOM": "FT", "LOWER_CODE": "SFC", "TYPE_CODE": "CLASS", "LOCAL_TYPE": "CLASS_E6", "CLASS": "E", "MIL_CODE": "CIV", "COMM_NAME": null, "LEVEL_": "L", "SECTOR": null, "ONSHORE": "1", "EXCLUSION": "0", "WKHR_CODE": "H24", "WKHR_RMK": null, "DST": null, "GMTOFFSET": null, "CONT_AGENT": null, "CITY": "SEATTLE", "STATE": "WA", "COUNTRY": "", "ADHP_ID": null, "US_HIGH": 0, "AK_HIGH": 0, "AK_LOW": 1, "US_LOW": 1, "US_AREA": 0, "PACIFIC": 1, "Shape__Area": 9.8070574706553089, "Shape__Length": 14.153015178119949 }, "geometry": { "type": "Polygon", "coordinates": [ [ [ -122.410614274631996, 47.6369702439953, 0.0 ], [ -122.414337153885, 47.6397326596475, 0.0 ], [ -122.417091836777004, 47.641492363760001, 0.0 ], [ -122.418848915986999, 47.642614700882902, 0.0 ], [ -122.418850220799996, 47.643235854198899, 0.0 ], [ -122.418857434518003, 47.646690149047899, 0.0 ], [ -122.418924444078002, 47.648698051370403, 0.0 ], [ -122.420864258560997, 47.651371414274003, 0.0 ], [ -122.422651215775005, 47.653832690545897, 0.0 ], [ -122.422829743535999, 47.654078757080697, 0.0 ], [ -122.424946392066005, 47.656421610220697, 0.0 ], [ -122.428768718916004, 47.658522807862497, 0.0 ], [ -122.433124772433999, 47.660132560950302, 0.0 ], [ -122.436999545838006, 47.661764921180399, 0.0 ], [ -122.437008780015006, 47.662377975276698, 0.0 ], [ -122.430713519969004, 47.663880749125497, 0.0 ], [ -122.429708430945993, 47.665071519416102, 0.0 ], [ -122.426764560661994, 47.668558879438699, 0.0 ], [ -122.424588959077994, 47.669634792244899, 0.0 ], [ -122.417383812107005, 47.673197389085303, 0.0 ], [ -122.415457231448002, 47.6765170502103, 0.0 ], [ -122.415217578249994, 47.676930232022102, 0.0 ], [ -122.414041390077998, 47.679440420038397, 0.0 ], [ -122.411086727748994, 47.680835047924397, 0.0 ], [ -122.409573553035003, 47.6815490484694, 0.0 ], [ -122.408802634145005, 47.683107901676998, 0.0 ], [ -122.407011976684998, 47.686729840001597, 0.0 ], [ -122.405728796736, 47.686731569206898, 0.0 ], [ -122.406430429405006, 47.690390371655397, 0.0 ], [ -122.406502481101995, 47.690523480419102, 0.0 ], [ -122.408071101820994, 47.693437570755897, 0.0 ], [ -122.407755756209994, 47.695059698161401, 0.0 ], [ -122.406869137954004, 47.6973999469989, 0.0 ], [ -122.406576339634995, 47.697991687083103, 0.0 ], [ -122.402856168504002, 47.699567046044798, 0.0 ], [ -122.399759944869999, 47.700877963003798, 0.0 ], [ -122.397995385868995, 47.700569681091402, 0.0 ], [ -122.392645587863996, 47.702811349743101, 0.0 ], [ -122.391381398422993, 47.703340929884902, 0.0 ], [ -122.387721094303004, 47.704874298135501, 0.0 ], [ -122.386738153357001, 47.705353890028597, 0.0 ], [ -122.384689213111997, 47.707274266432698, 0.0 ], [ -122.383717269208006, 47.708805121715599, 0.0 ], [ -122.383318581289004, 47.709433158105902, 0.0 ], [ -122.381140313135006, 47.708915286666503, 0.0 ], [ -122.380831234504996, 47.711017737611598, 0.0 ], [ -122.380386622537998, 47.712424178844302, 0.0 ], [ -122.379318367460002, 47.713832309509897, 0.0 ], [ -122.377474953668994, 47.716091788470202, 0.0 ], [ -122.376648642635004, 47.719732651630302, 0.0 ], [ -122.376399567403993, 47.723349759560101, 0.0 ], [ -122.37423048011, 47.726940983138697, 0.0 ], [ -122.374229139782997, 47.7296514100995, 0.0 ], [ -122.374228250025993, 47.730545580004197, 0.0 ], [ -122.374484036262004, 47.731546477485097, 0.0 ], [ -122.375036863133005, 47.733071541473699, 0.0 ], [ -122.375508437872995, 47.734169346552299, 0.0 ], [ -122.374616647522998, 47.734164948729699, 0.0 ], [ -122.374367042751004, 47.734194282044903, 0.0 ], [ -122.362280318949004, 47.734148807735203, 0.0 ], [ -122.362153266372999, 47.734147684406302, 0.0 ], [ -122.362103974733003, 47.7341473157799, 0.0 ], [ -122.360933152761007, 47.734139180930299, 0.0 ], [ -122.359168081690996, 47.734137272552701, 0.0 ], [ -122.355571286108002, 47.734130319171797, 0.0 ], [ -122.353713417544995, 47.734134449843303, 0.0 ], [ -122.352679983605, 47.734133481252996, 0.0 ], [ -122.351772474322004, 47.734129717505603, 0.0 ], [ -122.350505860658998, 47.734129517306201, 0.0 ], [ -122.347801429195002, 47.734129044797598, 0.0 ], [ -122.346298564289, 47.734128682126901, 0.0 ], [ -122.345096988831997, 47.734128415485401, 0.0 ], [ -122.344004168808993, 47.734129273296602, 0.0 ], [ -122.343423978296002, 47.734129759530099, 0.0 ], [ -122.342392124612005, 47.734130562474903, 0.0 ], [ -122.341335377028003, 47.734131343520801, 0.0 ], [ -122.341032578476003, 47.734131575182502, 0.0 ], [ -122.340742480068997, 47.734131811152501, 0.0 ], [ -122.339686751296, 47.734132563460697, 0.0 ], [ -122.338630006076997, 47.734133403781797, 0.0 ], [ -122.338074705531, 47.734133960383403, 0.0 ], [ -122.336981373967006, 47.734134584705203, 0.0 ], [ -122.335924626223004, 47.734135315627398, 0.0 ], [ -122.335332241727002, 47.734135748387096, 0.0 ], [ -122.334276002680994, 47.734136541706597, 0.0 ], [ -122.333028431355004, 47.734126903111502, 0.0 ], [ -122.331577598191004, 47.7341157236771, 0.0 ], [ -122.330228901094998, 47.734105324182501, 0.0 ], [ -122.328879698354001, 47.734094919597602, 0.0 ], [ -122.326061875901004, 47.734073048013201, 0.0 ], [ -122.325595876025005, 47.7340692070808, 0.0 ], [ -122.324853445371005, 47.734063752730002, 0.0 ], [ -122.324443328624994, 47.734060543086997, 0.0 ], [ -122.323483400163994, 47.734052953660097, 0.0 ], [ -122.322996046176996, 47.734048436163199, 0.0 ], [ -122.322217489425995, 47.7340411205546, 0.0 ], [ -122.321104535892999, 47.734030623586399, 0.0 ], [ -122.320799812177995, 47.734027755633299, 0.0 ], [ -122.318116057669997, 47.734002484021197, 0.0 ], [ -122.315432336550003, 47.733977131996099, 0.0 ], [ -122.313580337226, 47.733959605145003, 0.0 ], [ -122.312748793794995, 47.733951739864203, 0.0 ], [ -122.312708085755006, 47.733951268095197, 0.0 ], [ -122.312640512689995, 47.733950503542403, 0.0 ], [ -122.310060567736002, 47.733921363303502, 0.0 ], [ -122.308695429831999, 47.733905919139403, 0.0 ], [ -122.307358302661001, 47.733890775827497, 0.0 ], [ -122.306150917574996, 47.7338770885464, 0.0 ], [ -122.305993210240999, 47.733875302976799, 0.0 ], [ -122.304912577243002, 47.733863041218001, 0.0 ], [ -122.303611737447994, 47.7338482632695, 0.0 ], [ -122.301940127489999, 47.733829255612903, 0.0 ], [ -122.300584856761006, 47.733818409058301, 0.0 ], [ -122.299231731660996, 47.733807556799199, 0.0 ], [ -122.299229136071006, 47.733807535318498, 0.0 ], [ -122.296518728715, 47.733785760006597, 0.0 ], [ -122.293808548661005, 47.733763917413199, 0.0 ], [ -122.292591065164004, 47.733754084284698, 0.0 ], [ -122.292433667508007, 47.733752811756403, 0.0 ], [ -122.292432641681003, 47.733752799568798, 0.0 ], [ -122.291092611501, 47.733741995453201, 0.0 ], [ -122.289754959416996, 47.733742146852897, 0.0 ], [ -122.288413242825001, 47.733742279579303, 0.0 ], [ -122.286708918778999, 47.733742427920902, 0.0 ], [ -122.286686326915003, 47.733742428938903, 0.0 ], [ -122.286556672401005, 47.733742439973803, 0.0 ], [ -122.285708799898998, 47.733742503677, 0.0 ], [ -122.284764495565, 47.733742598646103, 0.0 ], [ -122.284540284434001, 47.733742621014599, 0.0 ], [ -122.284210007050007, 47.733739596615798, 0.0 ], [ -122.283714424731997, 47.733742086092199, 0.0 ], [ -122.280878589818997, 47.731202954145402, 0.0 ], [ -122.281558485630001, 47.729530593253003, 0.0 ], [ -122.279522068374007, 47.725356470648798, 0.0 ], [ -122.280130291082997, 47.722973972136202, 0.0 ], [ -122.280089516241006, 47.720422477525197, 0.0 ], [ -122.278242336193998, 47.719187380521497, 0.0 ], [ -122.277212863480997, 47.7159421485416, 0.0 ], [ -122.276262781800995, 47.712946873199797, 0.0 ], [ -122.274581771978006, 47.7076242147077, 0.0 ], [ -122.274436072515002, 47.707162306665602, 0.0 ], [ -122.274415262990999, 47.704998230305797, 0.0 ], [ -122.274175163753, 47.704583900848597, 0.0 ], [ -122.273197029100999, 47.702942241760297, 0.0 ], [ -122.271425085535, 47.697441720957698, 0.0 ], [ -122.271401934186997, 47.697343517634302, 0.0 ], [ -122.271287614734007, 47.696677739817801, 0.0 ], [ -122.271107124287994, 47.695605459494203, 0.0 ], [ -122.270051109486005, 47.6943094186, 0.0 ], [ -122.269362067491002, 47.693470381474299, 0.0 ], [ -122.267575198583003, 47.692335100668899, 0.0 ], [ -122.266177463787997, 47.690527635140299, 0.0 ], [ -122.266020205664006, 47.690437347437999, 0.0 ], [ -122.264542789914003, 47.6901020298722, 0.0 ], [ -122.262440714350006, 47.688382155128501, 0.0 ], [ -122.262208319145003, 47.688248713911698, 0.0 ], [ -122.254772271891994, 47.688242242275898, 0.0 ], [ -122.250269394639005, 47.686410251432598, 0.0 ], [ -122.247626794059997, 47.685479795578601, 0.0 ], [ -122.245529996239995, 47.683640155460601, 0.0 ], [ -122.245420514027998, 47.681309285715699, 0.0 ], [ -122.246378749076001, 47.679951372752797, 0.0 ], [ -122.247546507978996, 47.678296437244398, 0.0 ], [ -122.249386182164002, 47.675689027898102, 0.0 ], [ -122.251049984049999, 47.673342172095502, 0.0 ], [ -122.251922194364994, 47.672158823264802, 0.0 ], [ -122.256058547189994, 47.668979454071298, 0.0 ], [ -122.258184090016002, 47.667346537100798, 0.0 ], [ -122.258735073623001, 47.666923233778498, 0.0 ], [ -122.262046094054995, 47.665446833286602, 0.0 ], [ -122.265689296597998, 47.663822103304803, 0.0 ], [ -122.266176726224998, 47.6636047111447, 0.0 ], [ -122.266815332361006, 47.662231204877301, 0.0 ], [ -122.267062990013002, 47.659967952282102, 0.0 ], [ -122.268103058921994, 47.657844223418799, 0.0 ], [ -122.269281281773999, 47.656859128784497, 0.0 ], [ -122.273332195552001, 47.654283475074699, 0.0 ], [ -122.276003714596996, 47.652401788510502, 0.0 ], [ -122.275792990859998, 47.6510325246119, 0.0 ], [ -122.274792167935004, 47.6504914760256, 0.0 ], [ -122.274699441118997, 47.649052640071098, 0.0 ], [ -122.275644354872995, 47.648097944883297, 0.0 ], [ -122.277793309361002, 47.647856490243903, 0.0 ], [ -122.279312251045994, 47.649279602705697, 0.0 ], [ -122.281872433076003, 47.652934190354102, 0.0 ], [ -122.288403037167996, 47.653985219687499, 0.0 ], [ -122.290311432699994, 47.654020667349897, 0.0 ], [ -122.290295266981005, 47.647701825688202, 0.0 ], [ -122.278292081622993, 47.643027179711197, 0.0 ], [ -122.277796315190997, 47.643026737643901, 0.0 ], [ -122.276429811089002, 47.641954035474598, 0.0 ], [ -122.275748878596005, 47.641427743773498, 0.0 ], [ -122.275162449703998, 47.6409697329279, 0.0 ], [ -122.275325617491006, 47.633608917519197, 0.0 ], [ -122.275355107324998, 47.633227659107803, 0.0 ], [ -122.275754916872003, 47.633229765222602, 0.0 ], [ -122.275937958731006, 47.630820755523303, 0.0 ], [ -122.279947654767, 47.6265428194816, 0.0 ], [ -122.281200654936001, 47.625201637076501, 0.0 ], [ -122.282000983478994, 47.624352873443698, 0.0 ], [ -122.282004075060996, 47.623373586384197, 0.0 ], [ -122.279336716852001, 47.621103712494403, 0.0 ], [ -122.279353491351003, 47.619978969824601, 0.0 ], [ -122.279566320659001, 47.616709794856298, 0.0 ], [ -122.280523887935999, 47.613840851699003, 0.0 ], [ -122.281116729814997, 47.612069001876201, 0.0 ], [ -122.281299227689999, 47.611524110460202, 0.0 ], [ -122.281614031497995, 47.610584230122797, 0.0 ], [ -122.281831552358, 47.6092534594044, 0.0 ], [ -122.282033737822005, 47.608033448237997, 0.0 ], [ -122.282070021006007, 47.607814463466703, 0.0 ], [ -122.282242411851996, 47.606774173208002, 0.0 ], [ -122.282506416043006, 47.605180962668904, 0.0 ], [ -122.282603496948994, 47.604595069295399, 0.0 ], [ -122.282677075221997, 47.604151011797697, 0.0 ], [ -122.283276059873003, 47.603138361098203, 0.0 ], [ -122.283766804297997, 47.601743593991401, 0.0 ], [ -122.284170763633, 47.600595426749599, 0.0 ], [ -122.284309146045999, 47.600202094862198, 0.0 ], [ -122.285179071277, 47.598530952257903, 0.0 ], [ -122.286031343969, 47.596166998818802, 0.0 ], [ -122.286899503458002, 47.5934084369879, 0.0 ], [ -122.285164923059, 47.590651049611097, 0.0 ], [ -122.284103537939998, 47.590353352263399, 0.0 ], [ -122.283320694671005, 47.589186853186902, 0.0 ], [ -122.283502900713998, 47.586234120176996, 0.0 ], [ -122.285432957366993, 47.584376697042501, 0.0 ], [ -122.285145439269996, 47.583530995403599, 0.0 ], [ -122.283812645530006, 47.582604887450302, 0.0 ], [ -122.283124052530994, 47.5821262832605, 0.0 ], [ -122.281388189737001, 47.579108576247798, 0.0 ], [ -122.280613716654003, 47.577396773933302, 0.0 ], [ -122.280262368712002, 47.5766195667847, 0.0 ], [ -122.279739255514997, 47.574435767216102, 0.0 ], [ -122.279234798589997, 47.572922272237101, 0.0 ], [ -122.277082028801004, 47.572877736304299, 0.0 ], [ -122.275625057767996, 47.572847554222598, 0.0 ], [ -122.273880747853994, 47.572811401474802, 0.0 ], [ -122.273635819171005, 47.571115810652998, 0.0 ], [ -122.270265264147, 47.568655080543401, 0.0 ], [ -122.266815294227996, 47.568117505558803, 0.0 ], [ -122.266368979397996, 47.566290295718296, 0.0 ], [ -122.265895148831007, 47.563479967944303, 0.0 ], [ -122.264486532375003, 47.562693073060402, 0.0 ], [ -122.261999954215, 47.561115026946503, 0.0 ], [ -122.261589634646, 47.560407360817798, 0.0 ], [ -122.259712389328996, 47.557165211144202, 0.0 ], [ -122.259519585079005, 47.557520440741897, 0.0 ], [ -122.257665841667006, 47.560943289253899, 0.0 ], [ -122.256128582759999, 47.563781443325503, 0.0 ], [ -122.250470298612001, 47.564567382737998, 0.0 ], [ -122.245684818623999, 47.563464644529098, 0.0 ], [ -122.242676664526002, 47.5572435981314, 0.0 ], [ -122.242785591596004, 47.551520309301502, 0.0 ], [ -122.245904894323004, 47.547587285647403, 0.0 ], [ -122.246616605529994, 47.546689572000098, 0.0 ], [ -122.253231666754999, 47.544729560152497, 0.0 ], [ -122.254866016552, 47.543127148748901, 0.0 ], [ -122.256511124404994, 47.541514677264097, 0.0 ], [ -122.258015479155006, 47.538590119749003, 0.0 ], [ -122.259924391842006, 47.535973429267699, 0.0 ], [ -122.260431043482996, 47.535253599787403, 0.0 ], [ -122.261385385908, 47.533898734765003, 0.0 ], [ -122.260002311568002, 47.5315915660779, 0.0 ], [ -122.257526951795995, 47.527956961240903, 0.0 ], [ -122.257636811647998, 47.524736993803103, 0.0 ], [ -122.258490308381994, 47.523325231555397, 0.0 ], [ -122.259025723205994, 47.522439714324904, 0.0 ], [ -122.255486849462997, 47.520919486051902, 0.0 ], [ -122.253455291907002, 47.519022705000403, 0.0 ], [ -122.250959694648998, 47.517042222475801, 0.0 ], [ -122.247339410273995, 47.514941642639798, 0.0 ], [ -122.244070916292003, 47.513641214238, 0.0 ], [ -122.236920698705006, 47.512746340380602, 0.0 ], [ -122.234856831358996, 47.512056567269802, 0.0 ], [ -122.231633311313999, 47.509489387228598, 0.0 ], [ -122.236006585005995, 47.509547902920097, 0.0 ], [ -122.236605153, 47.5095563010902, 0.0 ], [ -122.237345004103005, 47.509566650141998, 0.0 ], [ -122.238023618103995, 47.509576123515998, 0.0 ], [ -122.238818628101996, 47.5095872402851, 0.0 ], [ -122.241113643397, 47.509621664632398, 0.0 ], [ -122.243549782542004, 47.509655661339202, 0.0 ], [ -122.243808377582994, 47.5096592627036, 0.0 ], [ -122.244911552766993, 47.5096737901141, 0.0 ], [ -122.245095275240999, 47.509677205479903, 0.0 ], [ -122.245933805985999, 47.5096888830968, 0.0 ], [ -122.246289562924005, 47.509693797068302, 0.0 ], [ -122.246780432886993, 47.509700626719798, 0.0 ], [ -122.247144288054002, 47.509705694549801, 0.0 ], [ -122.246983330237995, 47.509291823894401, 0.0 ], [ -122.247003031823994, 47.509253575172004, 0.0 ], [ -122.247014928606006, 47.509207155553, 0.0 ], [ -122.247014660676001, 47.509160077426898, 0.0 ], [ -122.247003285709994, 47.509113690168597, 0.0 ], [ -122.246979825384003, 47.509069338964402, 0.0 ], [ -122.246945330228002, 47.5090283395241, 0.0 ], [ -122.246901338898994, 47.508991870709302, 0.0 ], [ -122.246848909663996, 47.508961075176401, 0.0 ], [ -122.246789572009007, 47.508936794429601, 0.0 ], [ -122.246752351995994, 47.508925948156502, 0.0 ], [ -122.246935913696007, 47.508326731636203, 0.0 ], [ -122.246971656783003, 47.5082105045487, 0.0 ], [ -122.246386853659999, 47.507566421924999, 0.0 ], [ -122.246187355320998, 47.507345808168097, 0.0 ], [ -122.246076564518006, 47.507232565428602, 0.0 ], [ -122.246072737586999, 47.507149288234402, 0.0 ], [ -122.246068559327995, 47.507057639797701, 0.0 ], [ -122.246048475180999, 47.506614473591704, 0.0 ], [ -122.246034692238993, 47.506321712677, 0.0 ], [ -122.246027777246994, 47.506171273894402, 0.0 ], [ -122.246080694555005, 47.505971543450201, 0.0 ], [ -122.246105309751997, 47.505878637238503, 0.0 ], [ -122.246147704446997, 47.505718621980897, 0.0 ], [ -122.246200818801995, 47.505518156073499, 0.0 ], [ -122.246277531635997, 47.505236982404703, 0.0 ], [ -122.246195813308006, 47.505097545738003, 0.0 ], [ -122.246039776038003, 47.504833058762898, 0.0 ], [ -122.245648013644001, 47.5041689974774, 0.0 ], [ -122.245572151706, 47.504040407924101, 0.0 ], [ -122.245513041048, 47.5039402096331, 0.0 ], [ -122.245483569754001, 47.5038902507481, 0.0 ], [ -122.245495890403006, 47.5038143099518, 0.0 ], [ -122.245545428838, 47.503508973272503, 0.0 ], [ -122.245572486681993, 47.5033422086588, 0.0 ], [ -122.245598897532005, 47.503179431079197, 0.0 ], [ -122.245622639266998, 47.503033090949003, 0.0 ], [ -122.248020742807995, 47.503066602566903, 0.0 ], [ -122.248010725759997, 47.5037657675974, 0.0 ], [ -122.247977220118997, 47.5061552711676, 0.0 ], [ -122.247974145769007, 47.506374441208898, 0.0 ], [ -122.248086874904999, 47.506374908798399, 0.0 ], [ -122.248782980369995, 47.506377885792901, 0.0 ], [ -122.248783671712999, 47.506328821488196, 0.0 ], [ -122.248838269087003, 47.503048420869099, 0.0 ], [ -122.248838862683996, 47.502995759494098, 0.0 ], [ -122.246244653963998, 47.502959518897597, 0.0 ], [ -122.245637466478001, 47.502951050805599, 0.0 ], [ -122.245082901491998, 47.502943292018799, 0.0 ], [ -122.244952352515995, 47.502941447458099, 0.0 ], [ -122.244817762351005, 47.502939564393301, 0.0 ], [ -122.244448386477998, 47.502934385351097, 0.0 ], [ -122.244243462640995, 47.502931532168297, 0.0 ], [ -122.244146312583993, 47.502930170213403, 0.0 ], [ -122.244106337437998, 47.502929595391002, 0.0 ], [ -122.243830575988, 47.502925782293097, 0.0 ], [ -122.243574036846994, 47.502922155861903, 0.0 ], [ -122.243527485431002, 47.502921489553003, 0.0 ], [ -122.243490045501005, 47.5029209716159, 0.0 ], [ -122.243325594745997, 47.502918685633702, 0.0 ], [ -122.243135853471003, 47.502916030024501, 0.0 ], [ -122.242941553362996, 47.502913299919697, 0.0 ], [ -122.242511963729996, 47.5029072759176, 0.0 ], [ -122.242383445949002, 47.502905487567197, 0.0 ], [ -122.242255432248996, 47.502903692817199, 0.0 ], [ -122.241864808586996, 47.502898212180199, 0.0 ], [ -122.241797002807004, 47.502897256191197, 0.0 ], [ -122.241362868289002, 47.502891199849998, 0.0 ], [ -122.241239406031994, 47.502889431887098, 0.0 ], [ -122.241096209987006, 47.5028874359773, 0.0 ], [ -122.240818928150006, 47.502883545834699, 0.0 ], [ -122.240822549384006, 47.502624260133302, 0.0 ], [ -122.240824552568995, 47.502417344638701, 0.0 ], [ -122.240825369793001, 47.502316397006297, 0.0 ], [ -122.240826487622002, 47.502170545163999, 0.0 ], [ -122.240826853447999, 47.502109146262498, 0.0 ], [ -122.240827514572004, 47.502021096166402, 0.0 ], [ -122.240828231896003, 47.501972719279202, 0.0 ], [ -122.240828941120995, 47.501868001749997, 0.0 ], [ -122.240829678471002, 47.501801456033, 0.0 ], [ -122.240829966920003, 47.501718510583103, 0.0 ], [ -122.240831216502997, 47.501596221003602, 0.0 ], [ -122.240831382292995, 47.501546091886603, 0.0 ], [ -122.240840603099997, 47.501381717921497, 0.0 ], [ -122.240842123159993, 47.501232089858199, 0.0 ], [ -122.240843625303, 47.501081567719702, 0.0 ], [ -122.240845276437, 47.500936565599602, 0.0 ], [ -122.240846713680995, 47.500783639786697, 0.0 ], [ -122.240848089259998, 47.500628660385097, 0.0 ], [ -122.24084964555, 47.5004801455269, 0.0 ], [ -122.240851147534997, 47.500329619172497, 0.0 ], [ -122.240852707336003, 47.500181235040898, 0.0 ], [ -122.240854625588995, 47.500027451152498, 0.0 ], [ -122.240855943301, 47.4998703295296, 0.0 ], [ -122.240857871778005, 47.499716925169302, 0.0 ], [ -122.240862035917999, 47.499552487331201, 0.0 ], [ -122.240876097192995, 47.4992489816632, 0.0 ], [ -122.241107820926004, 47.499252238253398, 0.0 ], [ -122.241357766025004, 47.499255778844699, 0.0 ], [ -122.241458956296995, 47.499257181581399, 0.0 ], [ -122.241734700454003, 47.499261084777302, 0.0 ], [ -122.241877376305993, 47.499263086211698, 0.0 ], [ -122.242092411764006, 47.499266117535498, 0.0 ], [ -122.242316041495002, 47.499269299129303, 0.0 ], [ -122.242532590254001, 47.499272353025702, 0.0 ], [ -122.242764320302996, 47.499275601941498, 0.0 ], [ -122.242991997136997, 47.499278816336897, 0.0 ], [ -122.243139231507996, 47.499280886145598, 0.0 ], [ -122.243209050012993, 47.499281862685898, 0.0 ], [ -122.243440781285997, 47.499285152391003, 0.0 ], [ -122.243545004398001, 47.4992865999739, 0.0 ], [ -122.243650243066, 47.499288081249603, 0.0 ], [ -122.243849089269006, 47.499290922237002, 0.0 ], [ -122.244071198482999, 47.499294030679202, 0.0 ], [ -122.244291794586005, 47.499297119524201, 0.0 ], [ -122.244517454318, 47.499300313744698, 0.0 ], [ -122.244736532025996, 47.499303416378901, 0.0 ], [ -122.245132696707003, 47.499308986647897, 0.0 ], [ -122.245176205853994, 47.499309601500599, 0.0 ], [ -122.245404393244002, 47.499312804714798, 0.0 ], [ -122.245631566366001, 47.499316020086297, 0.0 ], [ -122.245849129809997, 47.499319055042498, 0.0 ], [ -122.246086421811, 47.499322400947698, 0.0 ], [ -122.246309546846007, 47.499325538778699, 0.0 ], [ -122.246533687348006, 47.499328705717097, 0.0 ], [ -122.246763898419999, 47.499331923198802, 0.0 ], [ -122.246986015348, 47.499335068032202, 0.0 ], [ -122.247223811531995, 47.499338405285499, 0.0 ], [ -122.247453518651, 47.4993416276454, 0.0 ], [ -122.247674620336994, 47.499344745811399, 0.0 ], [ -122.247908368319997, 47.499348001286599, 0.0 ], [ -122.248093047973001, 47.499350627462, 0.0 ], [ -122.248458345570995, 47.499355760797499, 0.0 ], [ -122.248814034548005, 47.499360751200797, 0.0 ], [ -122.248899539760004, 47.4993619547501, 0.0 ], [ -122.249042064278996, 47.499358123476199, 0.0 ], [ -122.249508036101005, 47.4993456265953, 0.0 ], [ -122.249573045565, 47.499560531735, 0.0 ], [ -122.249640285412994, 47.499782820741501, 0.0 ], [ -122.249694142815002, 47.499959519733103, 0.0 ], [ -122.249871957352994, 47.500547336721098, 0.0 ], [ -122.250001974561997, 47.5009768429316, 0.0 ], [ -122.250020841639994, 47.5010382171807, 0.0 ], [ -122.250049704863997, 47.5011325389167, 0.0 ], [ -122.250057498201002, 47.501158874137403, 0.0 ], [ -122.250227844118001, 47.501713454329703, 0.0 ], [ -122.250235626437998, 47.501739148482201, 0.0 ], [ -122.250244515776004, 47.501768469294703, 0.0 ], [ -122.250356608754004, 47.502133762869398, 0.0 ], [ -122.250431552471994, 47.502378835930003, 0.0 ], [ -122.250553349458997, 47.502635658787803, 0.0 ], [ -122.250637078976993, 47.502776081834298, 0.0 ], [ -122.250732351427999, 47.502913104144803, 0.0 ], [ -122.250818741830997, 47.502909326004598, 0.0 ], [ -122.250997075241997, 47.502901531469703, 0.0 ], [ -122.251390122854005, 47.5028843693688, 0.0 ], [ -122.251522477389003, 47.50287843057, 0.0 ], [ -122.251654841673002, 47.502872622265002, 0.0 ], [ -122.252601572271004, 47.502831019974202, 0.0 ], [ -122.253719058718005, 47.502781870242302, 0.0 ], [ -122.253824138954997, 47.502777257015602, 0.0 ], [ -122.254172724737998, 47.502761928053701, 0.0 ], [ -122.256848247639994, 47.502645388379797, 0.0 ], [ -122.258187012798004, 47.502587084364301, 0.0 ], [ -122.259502538136005, 47.5025297397925, 0.0 ], [ -122.259503361095, 47.5024858580623, 0.0 ], [ -122.259504891093002, 47.5023938565623, 0.0 ], [ -122.259511763963005, 47.502053378843399, 0.0 ], [ -122.259526778761, 47.501307764653603, 0.0 ], [ -122.259537239389005, 47.500802597591701, 0.0 ], [ -122.259549909534002, 47.500156318280297, 0.0 ], [ -122.259571429242001, 47.499075503992202, 0.0 ], [ -122.259582141813993, 47.4985424838654, 0.0 ], [ -122.259604901418996, 47.497414652551797, 0.0 ], [ -122.259606107115999, 47.497347674474497, 0.0 ], [ -122.259608212190003, 47.497258276941999, 0.0 ], [ -122.259633348807, 47.496106337121098, 0.0 ], [ -122.259635714756996, 47.495989385920403, 0.0 ], [ -122.259637555362005, 47.495871888708301, 0.0 ], [ -122.259640813953993, 47.495621215570502, 0.0 ], [ -122.264329654142998, 47.495573997915201, 0.0 ], [ -122.264969198578001, 47.495566665299499, 0.0 ], [ -122.266855032462999, 47.495547283055998, 0.0 ], [ -122.266912168166002, 47.495546688203703, 0.0 ], [ -122.267772672462996, 47.495537832039801, 0.0 ], [ -122.267846996287005, 47.495537108147502, 0.0 ], [ -122.268054283058007, 47.495534961424099, 0.0 ], [ -122.268395051504996, 47.495531468952898, 0.0 ], [ -122.268485041635003, 47.4955305044436, 0.0 ], [ -122.268872828398003, 47.495526542755897, 0.0 ], [ -122.269414815595994, 47.495520933174603, 0.0 ], [ -122.269481553244006, 47.4955202577625, 0.0 ], [ -122.270149469762998, 47.495514806575798, 0.0 ], [ -122.270297110149002, 47.495513625700802, 0.0 ], [ -122.270296344496998, 47.495595848060901, 0.0 ], [ -122.270295684277002, 47.495627005185497, 0.0 ], [ -122.270295231646003, 47.495683993250097, 0.0 ], [ -122.270294544234005, 47.495714163610003, 0.0 ], [ -122.270294328115995, 47.495742914836498, 0.0 ], [ -122.270293553214998, 47.4958065045792, 0.0 ], [ -122.270293154897999, 47.495847166694197, 0.0 ], [ -122.270292613774998, 47.495882646185898, 0.0 ], [ -122.270291960465997, 47.495932351589403, 0.0 ], [ -122.270291177309005, 47.495995641929298, 0.0 ], [ -122.270290289108004, 47.496055120152398, 0.0 ], [ -122.270289523312996, 47.496119266610599, 0.0 ], [ -122.270288733062003, 47.496182299717098, 0.0 ], [ -122.270287875530997, 47.496242891213399, 0.0 ], [ -122.270287525545001, 47.496285307577097, 0.0 ], [ -122.270286390180999, 47.496390934159102, 0.0 ], [ -122.270284594868997, 47.496490907981801, 0.0 ], [ -122.270281762124995, 47.496700063270303, 0.0 ], [ -122.270280905443002, 47.496760912079203, 0.0 ], [ -122.270276500246993, 47.497096428768401, 0.0 ], [ -122.270272996019003, 47.497354859412901, 0.0 ], [ -122.270272253440993, 47.497382803148497, 0.0 ], [ -122.270270064063993, 47.497560417650597, 0.0 ], [ -122.270269126195004, 47.497618095239801, 0.0 ], [ -122.270267968401996, 47.497704612690697, 0.0 ], [ -122.270260190303006, 47.498266515291398, 0.0 ], [ -122.270259737676994, 47.498305208094997, 0.0 ], [ -122.270251245527007, 47.4989148468702, 0.0 ], [ -122.270249010363997, 47.499072281059803, 0.0 ], [ -122.270246961831006, 47.499199892918298, 0.0 ], [ -122.270233678840995, 47.500149381361197, 0.0 ], [ -122.270233247367997, 47.500207141129202, 0.0 ], [ -122.270231931382, 47.500269624059001, 0.0 ], [ -122.270289969274998, 47.500283282832001, 0.0 ], [ -122.270426445948004, 47.500316986096699, 0.0 ], [ -122.270489590059, 47.500332512177302, 0.0 ], [ -122.270502669950005, 47.500384958692102, 0.0 ], [ -122.270593221924997, 47.500771071441299, 0.0 ], [ -122.270655124046996, 47.501035103088697, 0.0 ], [ -122.270771520509996, 47.501532841094601, 0.0 ], [ -122.270591800516002, 47.501490084445301, 0.0 ], [ -122.270217596329005, 47.501401209447003, 0.0 ], [ -122.270217169475998, 47.501459137893498, 0.0 ], [ -122.270199385593997, 47.502630955758796, 0.0 ], [ -122.270178965488, 47.503707137565598, 0.0 ], [ -122.270164272515004, 47.504477002685199, 0.0 ], [ -122.270156189073006, 47.504899583370303, 0.0 ], [ -122.270133912112996, 47.506091892081301, 0.0 ], [ -122.270132900549001, 47.5061471323598, 0.0 ], [ -122.270107067726002, 47.507026770783497, 0.0 ], [ -122.270079624523007, 47.508784462983598, 0.0 ], [ -122.270065907051006, 47.509663484094503, 0.0 ], [ -122.270187389472994, 47.509666186689401, 0.0 ], [ -122.271416898843995, 47.509693555287299, 0.0 ], [ -122.271560654227997, 47.509696788532203, 0.0 ], [ -122.271702889840995, 47.5096999986594, 0.0 ], [ -122.272738540942996, 47.509723552142603, 0.0 ], [ -122.273993882249002, 47.509752147381498, 0.0 ], [ -122.274074872084, 47.509753992711403, 0.0 ], [ -122.274155860643006, 47.5097557915972, 0.0 ], [ -122.275411713976993, 47.509784368908001, 0.0 ], [ -122.275416809494999, 47.509456507673498, 0.0 ], [ -122.275426284581997, 47.508811597668597, 0.0 ], [ -122.275428991083004, 47.508653296625901, 0.0 ], [ -122.275431529212995, 47.508489134117703, 0.0 ], [ -122.275441514166005, 47.507844213419403, 0.0 ], [ -122.275446254493005, 47.507521756272098, 0.0 ], [ -122.275451498986996, 47.507199296940897, 0.0 ], [ -122.27556693759, 47.507203141940401, 0.0 ], [ -122.275681964217995, 47.507210548183302, 0.0 ], [ -122.275805939185005, 47.5072303988862, 0.0 ], [ -122.275927065730002, 47.507256879029299, 0.0 ], [ -122.276044316226006, 47.507289748572099, 0.0 ], [ -122.276158202597998, 47.507328832286198, 0.0 ], [ -122.276808096981995, 47.507744765298199, 0.0 ], [ -122.276917127727003, 47.507809444093503, 0.0 ], [ -122.277032579121993, 47.507868557217002, 0.0 ], [ -122.277154440407998, 47.507921716690802, 0.0 ], [ -122.277281701377007, 47.507968640049199, 0.0 ], [ -122.277413329137005, 47.508009125268103, 0.0 ], [ -122.277543358228002, 47.508064711526004, 0.0 ], [ -122.277695915704001, 47.508093658633904, 0.0 ], [ -122.277851276570999, 47.508114348175603, 0.0 ], [ -122.278008939122998, 47.508126651531597, 0.0 ], [ -122.278167376263994, 47.508130507969703, 0.0 ], [ -122.278197767961998, 47.509847668975397, 0.0 ], [ -122.278415425587994, 47.509852610927602, 0.0 ], [ -122.279507277559006, 47.509877382955999, 0.0 ], [ -122.280759061642996, 47.509905784297104, 0.0 ], [ -122.282454688767999, 47.509944539392897, 0.0 ], [ -122.283902611114002, 47.509977616786003, 0.0 ], [ -122.284883286172004, 47.510000011195899, 0.0 ], [ -122.286523473014995, 47.510037486384803, 0.0 ], [ -122.28984428039, 47.510113492438499, 0.0 ], [ -122.291338069450006, 47.510147654447898, 0.0 ], [ -122.291315694893001, 47.512207551039602, 0.0 ], [ -122.291304237760002, 47.513306242222399, 0.0 ], [ -122.291298570978, 47.513841216917697, 0.0 ], [ -122.291285590987997, 47.515018399004703, 0.0 ], [ -122.291264961617998, 47.516889034145699, 0.0 ], [ -122.291265818347, 47.518309623810801, 0.0 ], [ -122.291267031863995, 47.519144727887898, 0.0 ], [ -122.291267785168998, 47.519660805959496, 0.0 ], [ -122.291268550555998, 47.520184662674602, 0.0 ], [ -122.291269136336993, 47.520917169786102, 0.0 ], [ -122.291270375235996, 47.521847800046302, 0.0 ], [ -122.291271016828006, 47.522328043941002, 0.0 ], [ -122.291274988590999, 47.524274822545401, 0.0 ], [ -122.291276451220995, 47.524280300396903, 0.0 ], [ -122.291276674949003, 47.524280951383297, 0.0 ], [ -122.292283094035, 47.524299052944102, 0.0 ], [ -122.293463993475996, 47.5243202816051, 0.0 ], [ -122.295528969290004, 47.524357347950598, 0.0 ], [ -122.296678049437006, 47.5243779614595, 0.0 ], [ -122.297417430459006, 47.524391214291803, 0.0 ], [ -122.298897209589001, 47.5244177345987, 0.0 ], [ -122.300757000000999, 47.524451029492297, 0.0 ], [ -122.301369725624994, 47.524461994775301, 0.0 ], [ -122.300960099728002, 47.524582510207402, 0.0 ], [ -122.300725857591999, 47.524670799420498, 0.0 ], [ -122.300575291499001, 47.524736037764697, 0.0 ], [ -122.300358739301998, 47.524843055420497, 0.0 ], [ -122.299927274281004, 47.525113894976599, 0.0 ], [ -122.299702816959993, 47.525353544298497, 0.0 ], [ -122.299618385713003, 47.5255590262109, 0.0 ], [ -122.299612221969994, 47.525772280682503, 0.0 ], [ -122.299730656730006, 47.526162632908502, 0.0 ], [ -122.299971704376006, 47.526612017016603, 0.0 ], [ -122.300044179150007, 47.526767311485997, 0.0 ], [ -122.300213014483006, 47.527229903102899, 0.0 ], [ -122.300270772030004, 47.527452853082202, 0.0 ], [ -122.300386539512004, 47.5279220481913, 0.0 ], [ -122.300579435230006, 47.528384189445497, 0.0 ], [ -122.300704859944005, 47.528608889185598, 0.0 ], [ -122.300901247479004, 47.528900226359497, 0.0 ], [ -122.301129889720997, 47.529180566646801, 0.0 ], [ -122.301220832517998, 47.529270843385703, 0.0 ], [ -122.301369621700005, 47.529400123031103, 0.0 ], [ -122.301648403382998, 47.529597398638799, 0.0 ], [ -122.301961760680996, 47.5297692239062, 0.0 ], [ -122.302164305141005, 47.5298589431018, 0.0 ], [ -122.302563420702995, 47.530011345715899, 0.0 ], [ -122.302825726270001, 47.530092980344598, 0.0 ], [ -122.303365690915996, 47.530270075504099, 0.0 ], [ -122.303622720430994, 47.530375003375902, 0.0 ], [ -122.303869823821998, 47.530490347956203, 0.0 ], [ -122.304106098309006, 47.530615678060599, 0.0 ], [ -122.304465314500007, 47.530829931134903, 0.0 ], [ -122.304690748992996, 47.531009569548203, 0.0 ], [ -122.304872541188999, 47.531210620381302, 0.0 ], [ -122.304983589052, 47.531383652952897, 0.0 ], [ -122.305062193149993, 47.531564656719802, 0.0 ], [ -122.305099108765006, 47.531703973777098, 0.0 ], [ -122.305527263726006, 47.531706547235103, 0.0 ], [ -122.306686962775004, 47.531716964303399, 0.0 ], [ -122.307785991483001, 47.5317268280942, 0.0 ], [ -122.308489551215004, 47.531732713169298, 0.0 ], [ -122.309396603753001, 47.531740556914102, 0.0 ], [ -122.310406260486005, 47.531749632814901, 0.0 ], [ -122.313136145241998, 47.531774125996002, 0.0 ], [ -122.316921432441006, 47.531809649245098, 0.0 ], [ -122.317564450326998, 47.531815683380799, 0.0 ], [ -122.318465582789003, 47.531824134292101, 0.0 ], [ -122.318482752026995, 47.5308497133244, 0.0 ], [ -122.318495325577999, 47.530136912031999, 0.0 ], [ -122.318500163180005, 47.529862658045701, 0.0 ], [ -122.318507703437007, 47.529435013807401, 0.0 ], [ -122.317563639027995, 47.529427662501803, 0.0 ], [ -122.317569856291001, 47.529059638390798, 0.0 ], [ -122.317571150261998, 47.528998567653097, 0.0 ], [ -122.317571430851999, 47.528972772297003, 0.0 ], [ -122.317583677242993, 47.5282301288509, 0.0 ], [ -122.317481334297, 47.528172428471898, 0.0 ], [ -122.317406801900006, 47.528149753409998, 0.0 ], [ -122.314894873588997, 47.527388173363804, 0.0 ], [ -122.314707040829006, 47.527331581183901, 0.0 ], [ -122.314549780201006, 47.527282347848498, 0.0 ], [ -122.313166187527003, 47.526941265669301, 0.0 ], [ -122.312893547596005, 47.526874081640401, 0.0 ], [ -122.312088392294001, 47.526676215204503, 0.0 ], [ -122.311780871690999, 47.526574351247, 0.0 ], [ -122.311702201219006, 47.526548338936202, 0.0 ], [ -122.311326375274007, 47.526161296359, 0.0 ], [ -122.310880254851, 47.525579240657699, 0.0 ], [ -122.310816689605005, 47.525496778170499, 0.0 ], [ -122.310734698841003, 47.525389151728298, 0.0 ], [ -122.309840870177993, 47.524614418533403, 0.0 ], [ -122.309785882963993, 47.524566890946303, 0.0 ], [ -122.309732453850003, 47.5245204989412, 0.0 ], [ -122.309695912242006, 47.524427404276103, 0.0 ], [ -122.309690331352002, 47.5243376743176, 0.0 ], [ -122.309805427477997, 47.523952687062199, 0.0 ], [ -122.309805325472993, 47.523895663300202, 0.0 ], [ -122.309575058834994, 47.523251203091299, 0.0 ], [ -122.309712810476995, 47.522344511910397, 0.0 ], [ -122.309675156108995, 47.522176237747402, 0.0 ], [ -122.309798123245002, 47.522176567371702, 0.0 ], [ -122.312853056972003, 47.522185576438503, 0.0 ], [ -122.312898603354995, 47.522185713004397, 0.0 ], [ -122.313478516725993, 47.5221874092977, 0.0 ], [ -122.313529624707002, 47.522187557512197, 0.0 ], [ -122.314698570450005, 47.522190998955502, 0.0 ], [ -122.314982411306005, 47.522190296432399, 0.0 ], [ -122.315103847426997, 47.522190214219698, 0.0 ], [ -122.315265331418999, 47.522192693126001, 0.0 ], [ -122.315712164236004, 47.522194059683599, 0.0 ], [ -122.317555629408005, 47.522198779135699, 0.0 ], [ -122.317553566420997, 47.521184392028097, 0.0 ], [ -122.317552888856, 47.520645340229699, 0.0 ], [ -122.317551944330006, 47.5203101449789, 0.0 ], [ -122.317546074210995, 47.5186647211912, 0.0 ], [ -122.317748512012002, 47.518666614885198, 0.0 ], [ -122.318376996772997, 47.51866941, 0.0 ], [ -122.318803024049004, 47.5186698379731, 0.0 ], [ -122.320219835860001, 47.518674181367601, 0.0 ], [ -122.320341275931, 47.5186745194626, 0.0 ], [ -122.320462713477994, 47.518674768873097, 0.0 ], [ -122.321792453458997, 47.518677448412703, 0.0 ], [ -122.322255547468004, 47.518682304879398, 0.0 ], [ -122.323106170404003, 47.518685975292399, 0.0 ], [ -122.323227607990006, 47.518686221747302, 0.0 ], [ -122.323287822086996, 47.518686334672402, 0.0 ], [ -122.324068570964997, 47.518688083821203, 0.0 ], [ -122.324132323206001, 47.518688234232997, 0.0 ], [ -122.324790118083001, 47.518689837205798, 0.0 ], [ -122.324914591131005, 47.518689961849503, 0.0 ], [ -122.324976826991005, 47.5186900009274, 0.0 ], [ -122.325036025114002, 47.518690079864598, 0.0 ], [ -122.325878976819993, 47.518690915298301, 0.0 ], [ -122.325880425942003, 47.519359819499897, 0.0 ], [ -122.325881742327994, 47.5199360076329, 0.0 ], [ -122.325883073661998, 47.520512499301603, 0.0 ], [ -122.325883834170995, 47.520910295523002, 0.0 ], [ -122.326648847019001, 47.520909150436196, 0.0 ], [ -122.32942809635, 47.5209050112516, 0.0 ], [ -122.329479701300997, 47.5209049348055, 0.0 ], [ -122.329649199605996, 47.5209046722088, 0.0 ], [ -122.330843769238001, 47.520902766813698, 0.0 ], [ -122.330919659930998, 47.520902639528998, 0.0 ], [ -122.329911276984006, 47.519547999650101, 0.0 ], [ -122.329687988269995, 47.518458528773699, 0.0 ], [ -122.329594765164998, 47.518277311922198, 0.0 ], [ -122.329606363196007, 47.518085644512901, 0.0 ], [ -122.329612572615005, 47.517983066384502, 0.0 ], [ -122.329617492571998, 47.517749660746198, 0.0 ], [ -122.329613865740995, 47.517561049803298, 0.0 ], [ -122.329607540061005, 47.517417472905301, 0.0 ], [ -122.329597270283998, 47.517377292208302, 0.0 ], [ -122.329579571083002, 47.517339044415898, 0.0 ], [ -122.329552581997007, 47.517305382143398, 0.0 ], [ -122.329524475891006, 47.5172779273028, 0.0 ], [ -122.329492298120996, 47.5172515849262, 0.0 ], [ -122.329459349740006, 47.517233322637303, 0.0 ], [ -122.329417577043998, 47.517212869063201, 0.0 ], [ -122.329362705478999, 47.517192946572202, 0.0 ], [ -122.329294898780006, 47.517178826084603, 0.0 ], [ -122.329249596211, 47.51717467273, 0.0 ], [ -122.329197455601005, 47.517171794804298, 0.0 ], [ -122.329166563022, 47.517118403416703, 0.0 ], [ -122.328636840317998, 47.516509434456403, 0.0 ], [ -122.328589904454006, 47.516419663074203, 0.0 ], [ -122.328512201056, 47.516271043990002, 0.0 ], [ -122.328099275141, 47.515481254189801, 0.0 ], [ -122.327827318570996, 47.514961079748197, 0.0 ], [ -122.327589236036999, 47.514505693570797, 0.0 ], [ -122.327330202303003, 47.5140102370571, 0.0 ], [ -122.328040184366003, 47.514005244960501, 0.0 ], [ -122.328960031041007, 47.5139985649705, 0.0 ], [ -122.330077131240003, 47.513998799351803, 0.0 ], [ -122.330247349697999, 47.5143247282777, 0.0 ], [ -122.330309931629003, 47.5144347903518, 0.0 ], [ -122.330367556217993, 47.514522479654097, 0.0 ], [ -122.330435736241, 47.514614754491603, 0.0 ], [ -122.330562350787005, 47.514761533717902, 0.0 ], [ -122.330647605646007, 47.514846234762103, 0.0 ], [ -122.330766602009007, 47.514962960525999, 0.0 ], [ -122.330868164253005, 47.515063008380999, 0.0 ], [ -122.330934161683999, 47.515128022382697, 0.0 ], [ -122.330974398373002, 47.515167655966202, 0.0 ], [ -122.331382527642006, 47.515134284104001, 0.0 ], [ -122.331402914354996, 47.515099621956601, 0.0 ], [ -122.333495087269995, 47.514726855822403, 0.0 ], [ -122.333632554505996, 47.514767937786303, 0.0 ], [ -122.333590325255003, 47.514530176734702, 0.0 ], [ -122.334357396296994, 47.5145252179572, 0.0 ], [ -122.334267983678998, 47.514021864951502, 0.0 ], [ -122.337041997672998, 47.513992988965001, 0.0 ], [ -122.337087779314999, 47.514567931787703, 0.0 ], [ -122.337123498379995, 47.515016562974097, 0.0 ], [ -122.337186075692003, 47.515371129124098, 0.0 ], [ -122.337257176253004, 47.515770728621298, 0.0 ], [ -122.337364637627005, 47.516373869422303, 0.0 ], [ -122.337422118353999, 47.516696497329399, 0.0 ], [ -122.337484354102003, 47.517257693519802, 0.0 ], [ -122.337928140892004, 47.517260168350099, 0.0 ], [ -122.340130897907002, 47.517272528620197, 0.0 ], [ -122.341601433989993, 47.517281203229999, 0.0 ], [ -122.342875635927996, 47.517288739133903, 0.0 ], [ -122.344149326587996, 47.517296225366103, 0.0 ], [ -122.345423514350003, 47.517303433376398, 0.0 ], [ -122.346697214407001, 47.517310975295501, 0.0 ], [ -122.347969899009996, 47.5173186894379, 0.0 ], [ -122.349244101674998, 47.517326115956799, 0.0 ], [ -122.350652906874004, 47.517334295017299, 0.0 ], [ -122.351735320518998, 47.517340568500202, 0.0 ], [ -122.352875923816001, 47.517347162683997, 0.0 ], [ -122.354016533747995, 47.517353749548903, 0.0 ], [ -122.355164730534995, 47.517360392054599, 0.0 ], [ -122.356510588872993, 47.5173612887316, 0.0 ], [ -122.357856952811005, 47.517362209081597, 0.0 ], [ -122.358531398897, 47.517362663172499, 0.0 ], [ -122.358510165322997, 47.515530247074999, 0.0 ], [ -122.359178498820995, 47.515529880544499, 0.0 ], [ -122.360518192224006, 47.5155291413976, 0.0 ], [ -122.360540008233002, 47.517361811784603, 0.0 ], [ -122.361124433369994, 47.517363460834197, 0.0 ], [ -122.361821134, 47.517363642454598, 0.0 ], [ -122.362617485238999, 47.5173631193706, 0.0 ], [ -122.363224147376002, 47.517363905594102, 0.0 ], [ -122.364567444786005, 47.517363585441501, 0.0 ], [ -122.365912763826003, 47.517363175722799, 0.0 ], [ -122.367283850190006, 47.517378816337597, 0.0 ], [ -122.368671132760994, 47.517394605373497, 0.0 ], [ -122.370026534437002, 47.517409994631002, 0.0 ], [ -122.371278177207003, 47.517424203610098, 0.0 ], [ -122.371254070602006, 47.5171043948326, 0.0 ], [ -122.371252261256998, 47.517077471413998, 0.0 ], [ -122.371234624414001, 47.516839751839903, 0.0 ], [ -122.371217085018003, 47.516605329830199, 0.0 ], [ -122.371198511128, 47.516353144976598, 0.0 ], [ -122.371180036945006, 47.516104122663997, 0.0 ], [ -122.371175833357, 47.516047541707003, 0.0 ], [ -122.371160868296002, 47.515848862123498, 0.0 ], [ -122.371150686931003, 47.515709539866897, 0.0 ], [ -122.371142358018005, 47.515598815198402, 0.0 ], [ -122.371123845309, 47.515348468790997, 0.0 ], [ -122.371105342974005, 47.515098679087899, 0.0 ], [ -122.371087560936999, 47.514855992059601, 0.0 ], [ -122.371069081594996, 47.514606758889599, 0.0 ], [ -122.371049905082998, 47.514351194720597, 0.0 ], [ -122.371042325814003, 47.514248559463503, 0.0 ], [ -122.371031467888002, 47.514103589328897, 0.0 ], [ -122.371014661985996, 47.513876873062202, 0.0 ], [ -122.371011229228003, 47.513829102596901, 0.0 ], [ -122.371002054331996, 47.5137065648657, 0.0 ], [ -122.370996295780003, 47.513631451903102, 0.0 ], [ -122.370981821079994, 47.513432251019502, 0.0 ], [ -122.370977559712998, 47.513373696576203, 0.0 ], [ -122.370959210275998, 47.513128832034603, 0.0 ], [ -122.370940742353, 47.512880155553603, 0.0 ], [ -122.370937218809999, 47.512829302578297, 0.0 ], [ -122.370922921417005, 47.512636098031301, 0.0 ], [ -122.370903556930003, 47.512374111597701, 0.0 ], [ -122.370891123, 47.512209669011703, 0.0 ], [ -122.370879481572999, 47.5120552051551, 0.0 ], [ -122.370872703857003, 47.511962624437601, 0.0 ], [ -122.370865044320993, 47.5118572440092, 0.0 ], [ -122.370854831692995, 47.511716808484998, 0.0 ], [ -122.37083644946, 47.511471003656098, 0.0 ], [ -122.370818579003, 47.511225234084101, 0.0 ], [ -122.370800707347001, 47.5109794181244, 0.0 ], [ -122.370782326872003, 47.510733655456598, 0.0 ], [ -122.370764455680003, 47.510487843709001, 0.0 ], [ -122.370746080404004, 47.5102420345669, 0.0 ], [ -122.370728305669004, 47.5099996933562, 0.0 ], [ -122.370734389608003, 47.5095884317535, 0.0 ], [ -122.370738853022004, 47.509259457466399, 0.0 ], [ -122.370741217204994, 47.509099357900404, 0.0 ], [ -122.370743825348995, 47.508930429886, 0.0 ], [ -122.370748288523004, 47.508601451383498, 0.0 ], [ -122.370754793670997, 47.508118764517903, 0.0 ], [ -122.370841796690002, 47.5081185737723, 0.0 ], [ -122.370807025389993, 47.508088839916702, 0.0 ], [ -122.370775239357997, 47.508057306512598, 0.0 ], [ -122.370747452025, 47.508024137020698, 0.0 ], [ -122.370723664623995, 47.5079895845384, 0.0 ], [ -122.370704400041006, 47.507953857133998, 0.0 ], [ -122.370687530683, 47.507913423180398, 0.0 ], [ -122.370617346049997, 47.507712019273796, 0.0 ], [ -122.370610580169, 47.507671326203599, 0.0 ], [ -122.370588176466001, 47.507529127845103, 0.0 ], [ -122.370582690993999, 47.507343085182903, 0.0 ], [ -122.370584936957002, 47.507178962759802, 0.0 ], [ -122.370574962313995, 47.507132483129404, 0.0 ], [ -122.370558792181001, 47.507081544017197, 0.0 ], [ -122.370409537731007, 47.506685968745899, 0.0 ], [ -122.370367673394995, 47.506552863126799, 0.0 ], [ -122.370339966255003, 47.506402210888503, 0.0 ], [ -122.370314909428004, 47.506204393464898, 0.0 ], [ -122.370285306737003, 47.505972319901197, 0.0 ], [ -122.370276046827001, 47.505898325825498, 0.0 ], [ -122.370270591869996, 47.505833447096798, 0.0 ], [ -122.370271203358001, 47.505768444077702, 0.0 ], [ -122.370279919275006, 47.505686495255297, 0.0 ], [ -122.370298262730003, 47.505605268268397, 0.0 ], [ -122.370315233952994, 47.505546131149302, 0.0 ], [ -122.370327582235007, 47.5055016611159, 0.0 ], [ -122.370361449799006, 47.505380852546999, 0.0 ], [ -122.370382986574, 47.505304897656799, 0.0 ], [ -122.370403702331998, 47.505218200865897, 0.0 ], [ -122.370416298913995, 47.5051308419809, 0.0 ], [ -122.370421805785995, 47.505043106585298, 0.0 ], [ -122.370427476583004, 47.504600663112903, 0.0 ], [ -122.370437205825993, 47.503866778841299, 0.0 ], [ -122.370442273996005, 47.503798589568603, 0.0 ], [ -122.370455457190005, 47.503730931661899, 0.0 ], [ -122.370476250178001, 47.503664195842703, 0.0 ], [ -122.370505173536998, 47.503598725196298, 0.0 ], [ -122.370541234032999, 47.503535039384403, 0.0 ], [ -122.370584434495001, 47.503473446313699, 0.0 ], [ -122.370610758515994, 47.503439755194002, 0.0 ], [ -122.370645835852002, 47.503394251824297, 0.0 ], [ -122.370721371765995, 47.503297000497803, 0.0 ], [ -122.370814057385005, 47.503198234484799, 0.0 ], [ -122.370862816491993, 47.503153528709703, 0.0 ], [ -122.370977540149994, 47.503047393912297, 0.0 ], [ -122.371243450554999, 47.5028022782733, 0.0 ], [ -122.371586976084004, 47.502479291291799, 0.0 ], [ -122.371951139328999, 47.5021357999792, 0.0 ], [ -122.372018146065002, 47.502075381321099, 0.0 ], [ -122.372089263174999, 47.502017134300303, 0.0 ], [ -122.372167963229003, 47.501958700098101, 0.0 ], [ -122.372255155600996, 47.501896721085998, 0.0 ], [ -122.372423103892004, 47.501777439846897, 0.0 ], [ -122.372521193181996, 47.5017077702027, 0.0 ], [ -122.372589507666007, 47.5016573187078, 0.0 ], [ -122.372752315526, 47.501535402571101, 0.0 ], [ -122.372914089266999, 47.501412643851999, 0.0 ], [ -122.373026855131997, 47.501326069404001, 0.0 ], [ -122.373086146977002, 47.501278524167198, 0.0 ], [ -122.373230427997996, 47.501162988056898, 0.0 ], [ -122.373611379626993, 47.500857652040402, 0.0 ], [ -122.373705749139006, 47.500782079450403, 0.0 ], [ -122.373736323293002, 47.500755400150702, 0.0 ], [ -122.373763815291994, 47.500727222894803, 0.0 ], [ -122.373788228752005, 47.500697669973299, 0.0 ], [ -122.373809071097995, 47.500666925249, 0.0 ], [ -122.373826343586998, 47.500635241818102, 0.0 ], [ -122.373840048963999, 47.500602712452803, 0.0 ], [ -122.373849696652002, 47.500569588484403, 0.0 ], [ -122.373856293987004, 47.500536252788699, 0.0 ], [ -122.373865702274998, 47.500460891985398, 0.0 ], [ -122.373925333895997, 47.499996977566198, 0.0 ], [ -122.373935972992996, 47.499911872138597, 0.0 ], [ -122.373965721372002, 47.499754657525102, 0.0 ], [ -122.374013233433004, 47.499599471435303, 0.0 ], [ -122.374084369301002, 47.499405107932702, 0.0 ], [ -122.374140510681997, 47.499251049148803, 0.0 ], [ -122.374158299605, 47.499202737665001, 0.0 ], [ -122.374323488319007, 47.498751012101899, 0.0 ], [ -122.374479797277999, 47.498323920637098, 0.0 ], [ -122.374488680517999, 47.498299290433302, 0.0 ], [ -122.374717543689002, 47.497674896274198, 0.0 ], [ -122.374729676271997, 47.497640586826002, 0.0 ], [ -122.374781154966996, 47.497516968574402, 0.0 ], [ -122.374851974533001, 47.497380533379001, 0.0 ], [ -122.374898282296996, 47.497304582890401, 0.0 ], [ -122.374920515585998, 47.497269790359198, 0.0 ], [ -122.375117312488001, 47.4969637387142, 0.0 ], [ -122.375158892624, 47.4968990778031, 0.0 ], [ -122.375200478878, 47.496834416792403, 0.0 ], [ -122.375476060224997, 47.496405100735998, 0.0 ], [ -122.375530509469002, 47.496330882878901, 0.0 ], [ -122.375563251794006, 47.496309231602297, 0.0 ], [ -122.375605632732004, 47.496288731819099, 0.0 ], [ -122.377164557173003, 47.494604369463303, 0.0 ], [ -122.378774731787004, 47.4929290526307, 0.0 ], [ -122.385022817926, 47.496309262475002, 0.0 ], [ -122.387156606290006, 47.4982960018936, 0.0 ], [ -122.391751920602005, 47.502573304327399, 0.0 ], [ -122.396036109557002, 47.5083605790402, 0.0 ], [ -122.400621642306007, 47.514496670068198, 0.0 ], [ -122.402634973448002, 47.517882394652901, 0.0 ], [ -122.398626722507998, 47.523273791502398, 0.0 ], [ -122.400750523959005, 47.524285076508001, 0.0 ], [ -122.408558491096997, 47.5280017419432, 0.0 ], [ -122.409738194024001, 47.530614206560799, 0.0 ], [ -122.406682421503007, 47.533010712473803, 0.0 ], [ -122.398263860168996, 47.536265822290602, 0.0 ], [ -122.398851208872003, 47.536913382961899, 0.0 ], [ -122.400900220324004, 47.539172185041402, 0.0 ], [ -122.404658150098996, 47.554265380407699, 0.0 ], [ -122.408224603516999, 47.559120504717797, 0.0 ], [ -122.409372268935996, 47.560484073289899, 0.0 ], [ -122.415440381207006, 47.5676914630846, 0.0 ], [ -122.424026645384998, 47.573574791653897, 0.0 ], [ -122.423972288822, 47.577499164660303, 0.0 ], [ -122.416742246642002, 47.5799934673528, 0.0 ], [ -122.413329342561994, 47.581791148802502, 0.0 ], [ -122.409550696069005, 47.583781537102503, 0.0 ], [ -122.405521145435003, 47.586917768261301, 0.0 ], [ -122.389941892506002, 47.599039715117001, 0.0 ], [ -122.386229275732006, 47.599051205292, 0.0 ], [ -122.380440153500004, 47.593885365030097, 0.0 ], [ -122.375298532247001, 47.589330773565301, 0.0 ], [ -122.370199305889003, 47.585543488290597, 0.0 ], [ -122.360211604582005, 47.5856780132859, 0.0 ], [ -122.360269982446994, 47.587312454238898, 0.0 ], [ -122.344942365174006, 47.592288239850603, 0.0 ], [ -122.341760987442996, 47.601753676429503, 0.0 ], [ -122.362377163073006, 47.618649363483499, 0.0 ], [ -122.361344978768997, 47.618654992341298, 0.0 ], [ -122.361481990239994, 47.618767288595897, 0.0 ], [ -122.379041528328997, 47.626011109129102, 0.0 ], [ -122.384492248129007, 47.626022647725897, 0.0 ], [ -122.384505873354996, 47.6272787323283, 0.0 ], [ -122.384521818549999, 47.631166385259, 0.0 ], [ -122.387098638710995, 47.630391182198302, 0.0 ], [ -122.389935154138001, 47.629537759665297, 0.0 ], [ -122.393319509896997, 47.629672327729601, 0.0 ], [ -122.395577206363001, 47.630279271322003, 0.0 ], [ -122.396286712847996, 47.6309535221178, 0.0 ], [ -122.397727252812999, 47.631469442659302, 0.0 ], [ -122.398447536693993, 47.631727398157402, 0.0 ], [ -122.398894181420999, 47.6318880449559, 0.0 ], [ -122.399477890425004, 47.632097772857598, 0.0 ], [ -122.408478452937004, 47.635605312053301, 0.0 ], [ -122.410614274631996, 47.6369702439953, 0.0 ] ], [ [ -122.408111629391001, 47.636234882071903, 0.0 ], [ -122.407438543083003, 47.6374190776679, 0.0 ], [ -122.408478452937004, 47.635605312053301, 0.0 ], [ -122.408111629391001, 47.636234882071903, 0.0 ] ] ] } },
{ "type": "Feature", "properties": { "OBJECTID": 3240, "GLOBAL_ID": "331D1562-C890-4B44-9218-583B9097B69A", "IDENT": null, "ICAO_ID": null, "NAME": "SEATTLE CLASS E5", "UPPER_DESC": "AA", "UPPER_VAL": -9998, "UPPER_UOM": null, "UPPER_CODE": null, "LOWER_DESC": null, "LOWER_VAL": 700, "LOWER_UOM": "FT", "LOWER_CODE": "SFC", "TYPE_CODE": "CLASS", "LOCAL_TYPE": "CLASS_E5", "CLASS": "E", "MIL_CODE": "CIV", "COMM_NAME": null, "LEVEL_": "L", "SECTOR": null, "ONSHORE": "1", "EXCLUSION": "0", "WKHR_CODE": "H24", "WKHR_RMK": null, "DST": null, "GMTOFFSET": null, "CONT_AGENT": null, "CITY": "SEATTLE", "STATE": "WA", "COUNTRY": "", "ADHP_ID": null, "US_HIGH": 0, "AK_HIGH": 0, "AK_LOW": 1, "US_LOW": 1, "US_AREA": 0, "PACIFIC": 1, "Shape__Area": 2.6791864088445436, "Shape__Length": 7.7887161674253393 }, "geometry": { "type": "Polygon", "coordinates": [ [ [ -122.410614274631996, 47.6369702439953, 0.0 ], [ -122.414337153885, 47.6397326596475, 0.0 ], [ -122.417091836777004, 47.641492363760001, 0.0 ], [ -122.418848915986999, 47.642614700882902, 0.0 ], [ -122.418850220799996, 47.643235854198899, 0.0 ], [ -122.418857434518003, 47.646690149047899, 0.0 ], [ -122.418924444078002, 47.648698051370403, 0.0 ], [ -122.420864258560997, 47.651371414274003, 0.0 ], [ -122.422651215775005, 47.653832690545897, 0.0 ], [ -122.422829743535999, 47.654078757080697, 0.0 ], [ -122.424946392066005, 47.656421610220697, 0.0 ], [ -122.428768718916004, 47.658522807862497, 0.0 ], [ -122.433124772433999, 47.660132560950302, 0.0 ], [ -122.436999545838006, 47.661764921180399, 0.0 ], [ -122.437008780015006, 47.662377975276698, 0.0 ], [ -122.430713519969004, 47.663880749125497, 0.0 ], [ -122.429708430945993, 47.665071519416102, 0.0 ], [ -122.426764560661994, 47.668558879438699, 0.0 ], [ -122.424588959077994, 47.669634792244899, 0.0 ], [ -122.417383812107005, 47.673197389085303, 0.0 ], [ -122.415457231448002, 47.6765170502103, 0.0 ], [ -122.415217578249994, 47.676930232022102, 0.0 ], [ -122.414041390077998, 47.679440420038397, 0.0 ], [ -122.411086727748994, 47.680835047924397, 0.0 ], [ -122.409573553035003, 47.6815490484694, 0.0 ], [ -122.408802634145005, 47.683107901676998, 0.0 ], [ -122.407011976684998, 47.686729840001597, 0.0 ], [ -122.405728796736, 47.686731569206898, 0.0 ], [ -122.406430429405006, 47.690390371655397, 0.0 ], [ -122.406502481101995, 47.690523480419102, 0.0 ], [ -122.408071101820994, 47.693437570755897, 0.0 ], [ -122.407755756209994, 47.695059698161401, 0.0 ], [ -122.406869137954004, 47.6973999469989, 0.0 ], [ -122.406576339634995, 47.697991687083103, 0.0 ], [ -122.402856168504002, 47.699567046044798, 0.0 ], [ -122.399759944869999, 47.700877963003798, 0.0 ], [ -122.397995385868995, 47.700569681091402, 0.0 ], [ -122.392645587863996, 47.702811349743101, 0.0 ], [ -122.391381398422993, 47.703340929884902, 0.0 ], [ -122.387721094303004, 47.704874298135501, 0.0 ], [ -122.386738153357001, 47.705353890028597, 0.0 ], [ -122.384689213111997, 47.707274266432698, 0.0 ], [ -122.383717269208006, 47.708805121715599, 0.0 ], [ -122.383318581289004, 47.709433158105902, 0.0 ], [ -122.381140313135006, 47.708915286666503, 0.0 ], [ -122.380831234504996, 47.711017737611598, 0.0 ], [ -122.380386622537998, 47.712424178844302, 0.0 ], [ -122.379318367460002, 47.713832309509897, 0.0 ], [ -122.377474953668994, 47.716091788470202, 0.0 ], [ -122.376648642635004, 47.719732651630302, 0.0 ], [ -122.376399567403993, 47.723349759560101, 0.0 ], [ -122.37423048011, 47.726940983138697, 0.0 ], [ -122.374229139782997, 47.7296514100995, 0.0 ], [ -122.374228250025993, 47.730545580004197, 0.0 ], [ -122.374484036262004, 47.731546477485097, 0.0 ], [ -122.375036863133005, 47.733071541473699, 0.0 ], [ -122.375508437872995, 47.734169346552299, 0.0 ], [ -122.374616647522998, 47.734164948729699, 0.0 ], [ -122.374367042751004, 47.734194282044903, 0.0 ], [ -122.362280318949004, 47.734148807735203, 0.0 ], [ -122.362153266372999, 47.734147684406302, 0.0 ], [ -122.362103974733003, 47.7341473157799, 0.0 ], [ -122.360933152761007, 47.734139180930299, 0.0 ], [ -122.359168081690996, 47.734137272552701, 0.0 ], [ -122.355571286108002, 47.734130319171797, 0.0 ], [ -122.353713417544995, 47.734134449843303, 0.0 ], [ -122.352679983605, 47.734133481252996, 0.0 ], [ -122.351772474322004, 47.734129717505603, 0.0 ], [ -122.350505860658998, 47.734129517306201, 0.0 ], [ -122.347801429195002, 47.734129044797598, 0.0 ], [ -122.346298564289, 47.734128682126901, 0.0 ], [ -122.345096988831997, 47.734128415485401, 0.0 ], [ -122.344004168808993, 47.734129273296602, 0.0 ], [ -122.343423978296002, 47.734129759530099, 0.0 ], [ -122.342392124612005, 47.734130562474903, 0.0 ], [ -122.341335377028003, 47.734131343520801, 0.0 ], [ -122.341032578476003, 47.734131575182502, 0.0 ], [ -122.340742480068997, 47.734131811152501, 0.0 ], [ -122.339686751296, 47.734132563460697, 0.0 ], [ -122.338630006076997, 47.734133403781797, 0.0 ], [ -122.338074705531, 47.734133960383403, 0.0 ], [ -122.336981373967006, 47.734134584705203, 0.0 ], [ -122.335924626223004, 47.734135315627398, 0.0 ], [ -122.335332241727002, 47.734135748387096, 0.0 ], [ -122.334276002680994, 47.734136541706597, 0.0 ], [ -122.333028431355004, 47.734126903111502, 0.0 ], [ -122.331577598191004, 47.7341157236771, 0.0 ], [ -122.330228901094998, 47.734105324182501, 0.0 ], [ -122.328879698354001, 47.734094919597602, 0.0 ], [ -122.326061875901004, 47.734073048013201, 0.0 ], [ -122.325595876025005, 47.7340692070808, 0.0 ], [ -122.324853445371005, 47.734063752730002, 0.0 ], [ -122.324443328624994, 47.734060543086997, 0.0 ], [ -122.323483400163994, 47.734052953660097, 0.0 ], [ -122.322996046176996, 47.734048436163199, 0.0 ], [ -122.322217489425995, 47.7340411205546, 0.0 ], [ -122.321104535892999, 47.734030623586399, 0.0 ], [ -122.320799812177995, 47.734027755633299, 0.0 ], [ -122.318116057669997, 47.734002484021197, 0.0 ], [ -122.315432336550003, 47.733977131996099, 0.0 ], [ -122.313580337226, 47.733959605145003, 0.0 ], [ -122.312748793794995, 47.733951739864203, 0.0 ], [ -122.312708085755006, 47.733951268095197, 0.0 ], [ -122.312640512689995, 47.733950503542403, 0.0 ], [ -122.310060567736002, 47.733921363303502, 0.0 ], [ -122.308695429831999, 47.733905919139403, 0.0 ], [ -122.307358302661001, 47.733890775827497, 0.0 ], [ -122.306150917574996, 47.7338770885464, 0.0 ], [ -122.305993210240999, 47.733875302976799, 0.0 ], [ -122.304912577243002, 47.733863041218001, 0.0 ], [ -122.303611737447994, 47.7338482632695, 0.0 ], [ -122.301940127489999, 47.733829255612903, 0.0 ], [ -122.300584856761006, 47.733818409058301, 0.0 ], [ -122.299231731660996, 47.733807556799199, 0.0 ], [ -122.299229136071006, 47.733807535318498, 0.0 ], [ -122.296518728715, 47.733785760006597, 0.0 ], [ -122.293808548661005, 47.733763917413199, 0.0 ], [ -122.292591065164004, 47.733754084284698, 0.0 ], [ -122.292433667508007, 47.733752811756403, 0.0 ], [ -122.292432641681003, 47.733752799568798, 0.0 ], [ -122.291092611501, 47.733741995453201, 0.0 ], [ -122.289754959416996, 47.733742146852897, 0.0 ], [ -122.288413242825001, 47.733742279579303, 0.0 ], [ -122.286708918778999, 47.733742427920902, 0.0 ], [ -122.286686326915003, 47.733742428938903, 0.0 ], [ -122.286556672401005, 47.733742439973803, 0.0 ], [ -122.285708799898998, 47.733742503677, 0.0 ], [ -122.284764495565, 47.733742598646103, 0.0 ], [ -122.284540284434001, 47.733742621014599, 0.0 ], [ -122.284210007050007, 47.733739596615798, 0.0 ], [ -122.283714424731997, 47.733742086092199, 0.0 ], [ -122.280878589818997, 47.731202954145402, 0.0 ], [ -122.281558485630001, 47.729530593253003, 0.0 ], [ -122.279522068374007, 47.725356470648798, 0.0 ], [ -122.280130291082997, 47.722973972136202, 0.0 ], [ -122.280089516241006, 47.720422477525197, 0.0 ], [ -122.278242336193998, 47.719187380521497, 0.0 ], [ -122.277212863480997, 47.7159421485416, 0.0 ], [ -122.276262781800995, 47.712946873199797, 0.0 ], [ -122.274581771978006, 47.7076242147077, 0.0 ], [ -122.274436072515002, 47.707162306665602, 0.0 ], [ -122.274415262990999, 47.704998230305797, 0.0 ], [ -122.274175163753, 47.704583900848597, 0.0 ], [ -122.273197029100999, 47.702942241760297, 0.0 ], [ -122.271425085535, 47.697441720957698, 0.0 ], [ -122.271401934186997, 47.697343517634302, 0.0 ], [ -122.271287614734007, 47.696677739817801, 0.0 ], [ -122.271107124287994, 47.695605459494203, 0.0 ], [ -122.270051109486005, 47.6943094186, 0.0 ], [ -122.269362067491002, 47.693470381474299, 0.0 ], [ -122.267575198583003, 47.692335100668899, 0.0 ], [ -122.266177463787997, 47.690527635140299, 0.0 ], [ -122.266020205664006, 47.690437347437999, 0.0 ], [ -122.264542789914003, 47.6901020298722, 0.0 ], [ -122.262440714350006, 47.688382155128501, 0.0 ], [ -122.262208319145003, 47.688248713911698, 0.0 ], [ -122.254772271891994, 47.688242242275898, 0.0 ], [ -122.250269394639005, 47.686410251432598, 0.0 ], [ -122.247626794059997, 47.685479795578601, 0.0 ], [ -122.245529996239995, 47.683640155460601, 0.0 ], [ -122.245420514027998, 47.681309285715699, 0.0 ], [ -122.246378749076001, 47.679951372752797, 0.0 ], [ -122.247546507978996, 47.678296437244398, 0.0 ], [ -122.249386182164002, 47.675689027898102, 0.0 ], [ -122.251049984049999, 47.673342172095502, 0.0 ], [ -122.251922194364994, 47.672158823264802, 0.0 ], [ -122.256058547189994, 47.668979454071298, 0.0 ], [ -122.258184090016002, 47.667346537100798, 0.0 ], [ -122.258735073623001, 47.666923233778498, 0.0 ], [ -122.262046094054995, 47.665446833286602, 0.0 ], [ -122.265689296597998, 47.663822103304803, 0.0 ], [ -122.266176726224998, 47.6636047111447, 0.0 ], [ -122.266815332361006, 47.662231204877301, 0.0 ], [ -122.267062990013002, 47.659967952282102, 0.0 ], [ -122.268103058921994, 47.657844223418799, 0.0 ], [ -122.269281281773999, 47.656859128784497, 0.0 ], [ -122.273332195552001, 47.654283475074699, 0.0 ], [ -122.276003714596996, 47.652401788510502, 0.0 ], [ -122.275792990859998, 47.6510325246119, 0.0 ], [ -122.274792167935004, 47.6504914760256, 0.0 ], [ -122.274699441118997, 47.649052640071098, 0.0 ], [ -122.275644354872995, 47.648097944883297, 0.0 ], [ -122.277793309361002, 47.647856490243903, 0.0 ], [ -122.279312251045994, 47.649279602705697, 0.0 ], [ -122.281872433076003, 47.652934190354102, 0.0 ], [ -122.288403037167996, 47.653985219687499, 0.0 ], [ -122.290311432699994, 47.654020667349897, 0.0 ], [ -122.290295266981005, 47.647701825688202, 0.0 ], [ -122.278292081622993, 47.643027179711197, 0.0 ], [ -122.277796315190997, 47.643026737643901, 0.0 ], [ -122.276429811089002, 47.641954035474598, 0.0 ], [ -122.275748878596005, 47.641427743773498, 0.0 ], [ -122.275162449703998, 47.6409697329279, 0.0 ], [ -122.275325617491006, 47.633608917519197, 0.0 ], [ -122.275355107324998, 47.633227659107803, 0.0 ], [ -122.275754916872003, 47.633229765222602, 0.0 ], [ -122.275937958731006, 47.630820755523303, 0.0 ], [ -122.279947654767, 47.6265428194816, 0.0 ], [ -122.281200654936001, 47.625201637076501, 0.0 ], [ -122.282000983478994, 47.624352873443698, 0.0 ], [ -122.282004075060996, 47.623373586384197, 0.0 ], [ -122.279336716852001, 47.621103712494403, 0.0 ], [ -122.279353491351003, 47.619978969824601, 0.0 ], [ -122.279566320659001, 47.616709794856298, 0.0 ], [ -122.280523887935999, 47.613840851699003, 0.0 ], [ -122.281116729814997, 47.612069001876201, 0.0 ], [ -122.281299227689999, 47.611524110460202, 0.0 ], [ -122.281614031497995, 47.610584230122797, 0.0 ], [ -122.281831552358, 47.6092534594044, 0.0 ], [ -122.282033737822005, 47.608033448237997, 0.0 ], [ -122.282070021006007, 47.607814463466703, 0.0 ], [ -122.282242411851996, 47.606774173208002, 0.0 ], [ -122.282506416043006, 47.605180962668904, 0.0 ], [ -122.282603496948994, 47.604595069295399, 0.0 ], [ -122.282677075221997, 47.604151011797697, 0.0 ], [ -122.283276059873003, 47.603138361098203, 0.0 ], [ -122.283766804297997, 47.601743593991401, 0.0 ], [ -122.284170763633, 47.600595426749599, 0.0 ], [ -122.284309146045999, 47.600202094862198, 0.0 ], [ -122.285179071277, 47.598530952257903, 0.0 ], [ -122.286031343969, 47.596166998818802, 0.0 ], [ -122.286899503458002, 47.5934084369879, 0.0 ], [ -122.285164923059, 47.590651049611097, 0.0 ], [ -122.284103537939998, 47.590353352263399, 0.0 ], [ -122.283320694671005, 47.589186853186902, 0.0 ], [ -122.283502900713998, 47.586234120176996, 0.0 ], [ -122.285432957366993, 47.584376697042501, 0.0 ], [ -122.285145439269996, 47.583530995403599, 0.0 ], [ -122.283812645530006, 47.582604887450302, 0.0 ], [ -122.283124052530994, 47.5821262832605, 0.0 ], [ -122.281388189737001, 47.579108576247798, 0.0 ], [ -122.280613716654003, 47.577396773933302, 0.0 ], [ -122.280262368712002, 47.5766195667847, 0.0 ], [ -122.279739255514997, 47.574435767216102, 0.0 ], [ -122.279234798589997, 47.572922272237101, 0.0 ], [ -122.277082028801004, 47.572877736304299, 0.0 ], [ -122.275625057767996, 47.572847554222598, 0.0 ], [ -122.273880747853994, 47.572811401474802, 0.0 ], [ -122.273635819171005, 47.571115810652998, 0.0 ], [ -122.270265264147, 47.568655080543401, 0.0 ], [ -122.266815294227996, 47.568117505558803, 0.0 ], [ -122.266368979397996, 47.566290295718296, 0.0 ], [ -122.265895148831007, 47.563479967944303, 0.0 ], [ -122.264486532375003, 47.562693073060402, 0.0 ], [ -122.261999954215, 47.561115026946503, 0.0 ], [ -122.261589634646, 47.560407360817798, 0.0 ], [ -122.259712389328996, 47.557165211144202, 0.0 ], [ -122.259519585079005, 47.557520440741897, 0.0 ], [ -122.257665841667006, 47.560943289253899, 0.0 ], [ -122.256128582759999, 47.563781443325503, 0.0 ], [ -122.250470298612001, 47.564567382737998, 0.0 ], [ -122.245684818623999, 47.563464644529098, 0.0 ], [ -122.242676664526002, 47.5572435981314, 0.0 ], [ -122.242785591596004, 47.551520309301502, 0.0 ], [ -122.245904894323004, 47.547587285647403, 0.0 ], [ -122.246616605529994, 47.546689572000098, 0.0 ], [ -122.253231666754999, 47.544729560152497, 0.0 ], [ -122.254866016552, 47.543127148748901, 0.0 ], [ -122.256511124404994, 47.541514677264097, 0.0 ], [ -122.258015479155006, 47.538590119749003, 0.0 ], [ -122.259924391842006, 47.535973429267699, 0.0 ], [ -122.260431043482996, 47.535253599787403, 0.0 ], [ -122.261385385908, 47.533898734765003, 0.0 ], [ -122.260002311568002, 47.5315915660779, 0.0 ], [ -122.257526951795995, 47.527956961240903, 0.0 ], [ -122.257636811647998, 47.524736993803103, 0.0 ], [ -122.258490308381994, 47.523325231555397, 0.0 ], [ -122.259025723205994, 47.522439714324904, 0.0 ], [ -122.255486849462997, 47.520919486051902, 0.0 ], [ -122.253455291907002, 47.519022705000403, 0.0 ], [ -122.250959694648998, 47.517042222475801, 0.0 ], [ -122.247339410273995, 47.514941642639798, 0.0 ], [ -122.244070916292003, 47.513641214238, 0.0 ], [ -122.236920698705006, 47.512746340380602, 0.0 ], [ -122.234856831358996, 47.512056567269802, 0.0 ], [ -122.231633311313999, 47.509489387228598, 0.0 ], [ -122.236006585005995, 47.509547902920097, 0.0 ], [ -122.236605153, 47.5095563010902, 0.0 ], [ -122.237345004103005, 47.509566650141998, 0.0 ], [ -122.238023618103995, 47.509576123515998, 0.0 ], [ -122.238818628101996, 47.5095872402851, 0.0 ], [ -122.241113643397, 47.509621664632398, 0.0 ], [ -122.243549782542004, 47.509655661339202, 0.0 ], [ -122.243808377582994, 47.5096592627036, 0.0 ], [ -122.244911552766993, 47.5096737901141, 0.0 ], [ -122.245095275240999, 47.509677205479903, 0.0 ], [ -122.245933805985999, 47.5096888830968, 0.0 ], [ -122.246289562924005, 47.509693797068302, 0.0 ], [ -122.246780432886993, 47.509700626719798, 0.0 ], [ -122.247144288054002, 47.509705694549801, 0.0 ], [ -122.246983330237995, 47.509291823894401, 0.0 ], [ -122.247003031823994, 47.509253575172004, 0.0 ], [ -122.247014928606006, 47.509207155553, 0.0 ], [ -122.247014660676001, 47.509160077426898, 0.0 ], [ -122.247003285709994, 47.509113690168597, 0.0 ], [ -122.246979825384003, 47.509069338964402, 0.0 ], [ -122.246945330228002, 47.5090283395241, 0.0 ], [ -122.246901338898994, 47.508991870709302, 0.0 ], [ -122.246848909663996, 47.508961075176401, 0.0 ], [ -122.246789572009007, 47.508936794429601, 0.0 ], [ -122.246752351995994, 47.508925948156502, 0.0 ], [ -122.246935913696007, 47.508326731636203, 0.0 ], [ -122.246971656783003, 47.5082105045487, 0.0 ], [ -122.246386853659999, 47.507566421924999, 0.0 ], [ -122.246187355320998, 47.507345808168097, 0.0 ], [ -122.246076564518006, 47.507232565428602, 0.0 ], [ -122.246072737586999, 47.507149288234402, 0.0 ], [ -122.246068559327995, 47.507057639797701, 0.0 ], [ -122.246048475180999, 47.506614473591704, 0.0 ], [ -122.246034692238993, 47.506321712677, 0.0 ], [ -122.246027777246994, 47.506171273894402, 0.0 ], [ -122.246080694555005, 47.505971543450201, 0.0 ], [ -122.246105309751997, 47.505878637238503, 0.0 ], [ -122.246147704446997, 47.505718621980897, 0.0 ], [ -122.246200818801995, 47.505518156073499, 0.0 ], [ -122.246277531635997, 47.505236982404703, 0.0 ], [ -122.246195813308006, 47.505097545738003, 0.0 ], [ -122.246039776038003, 47.504833058762898, 0.0 ], [ -122.245648013644001, 47.5041689974774, 0.0 ], [ -122.245572151706, 47.504040407924101, 0.0 ], [ -122.245513041048, 47.5039402096331, 0.0 ], [ -122.245483569754001, 47.5038902507481, 0.0 ], [ -122.245495890403006, 47.5038143099518, 0.0 ], [ -122.245545428838, 47.503508973272503, 0.0 ], [ -122.245572486681993, 47.5033422086588, 0.0 ], [ -122.245598897532005, 47.503179431079197, 0.0 ], [ -122.245622639266998, 47.503033090949003, 0.0 ], [ -122.248020742807995, 47.503066602566903, 0.0 ], [ -122.248010725759997, 47.5037657675974, 0.0 ], [ -122.247977220118997, 47.5061552711676, 0.0 ], [ -122.247974145769007, 47.506374441208898, 0.0 ], [ -122.248086874904999, 47.506374908798399, 0.0 ], [ -122.248782980369995, 47.506377885792901, 0.0 ], [ -122.248783671712999, 47.506328821488196, 0.0 ], [ -122.248838269087003, 47.503048420869099, 0.0 ], [ -122.248838862683996, 47.502995759494098, 0.0 ], [ -122.246244653963998, 47.502959518897597, 0.0 ], [ -122.245637466478001, 47.502951050805599, 0.0 ], [ -122.245082901491998, 47.502943292018799, 0.0 ], [ -122.244952352515995, 47.502941447458099, 0.0 ], [ -122.244817762351005, 47.502939564393301, 0.0 ], [ -122.244448386477998, 47.502934385351097, 0.0 ], [ -122.244243462640995, 47.502931532168297, 0.0 ], [ -122.244146312583993, 47.502930170213403, 0.0 ], [ -122.244106337437998, 47.502929595391002, 0.0 ], [ -122.243830575988, 47.502925782293097, 0.0 ], [ -122.243574036846994, 47.502922155861903, 0.0 ], [ -122.243527485431002, 47.502921489553003, 0.0 ], [ -122.243490045501005, 47.5029209716159, 0.0 ], [ -122.243325594745997, 47.502918685633702, 0.0 ], [ -122.243135853471003, 47.502916030024501, 0.0 ], [ -122.242941553362996, 47.502913299919697, 0.0 ], [ -122.242511963729996, 47.5029072759176, 0.0 ], [ -122.242383445949002, 47.502905487567197, 0.0 ], [ -122.242255432248996, 47.502903692817199, 0.0 ], [ -122.241864808586996, 47.502898212180199, 0.0 ], [ -122.241797002807004, 47.502897256191197, 0.0 ], [ -122.241362868289002, 47.502891199849998, 0.0 ], [ -122.241239406031994, 47.502889431887098, 0.0 ], [ -122.241096209987006, 47.5028874359773, 0.0 ], [ -122.240818928150006, 47.502883545834699, 0.0 ], [ -122.240822549384006, 47.502624260133302, 0.0 ], [ -122.240824552568995, 47.502417344638701, 0.0 ], [ -122.240825369793001, 47.502316397006297, 0.0 ], [ -122.240826487622002, 47.502170545163999, 0.0 ], [ -122.240826853447999, 47.502109146262498, 0.0 ], [ -122.240827514572004, 47.502021096166402, 0.0 ], [ -122.240828231896003, 47.501972719279202, 0.0 ], [ -122.240828941120995, 47.501868001749997, 0.0 ], [ -122.240829678471002, 47.501801456033, 0.0 ], [ -122.240829966920003, 47.501718510583103, 0.0 ], [ -122.240831216502997, 47.501596221003602, 0.0 ], [ -122.240831382292995, 47.501546091886603, 0.0 ], [ -122.240840603099997, 47.501381717921497, 0.0 ], [ -122.240842123159993, 47.501232089858199, 0.0 ], [ -122.240843625303, 47.501081567719702, 0.0 ], [ -122.240845276437, 47.500936565599602, 0.0 ], [ -122.240846713680995, 47.500783639786697, 0.0 ], [ -122.240848089259998, 47.500628660385097, 0.0 ], [ -122.24084964555, 47.5004801455269, 0.0 ], [ -122.240851147534997, 47.500329619172497, 0.0 ], [ -122.240852707336003, 47.500181235040898, 0.0 ], [ -122.240854625588995, 47.500027451152498, 0.0 ], [ -122.240855943301, 47.4998703295296, 0.0 ], [ -122.240857871778005, 47.499716925169302, 0.0 ], [ -122.240862035917999, 47.499552487331201, 0.0 ], [ -122.240876097192995, 47.4992489816632, 0.0 ], [ -122.241107820926004, 47.499252238253398, 0.0 ], [ -122.241357766025004, 47.499255778844699, 0.0 ], [ -122.241458956296995, 47.499257181581399, 0.0 ], [ -122.241734700454003, 47.499261084777302, 0.0 ], [ -122.241877376305993, 47.499263086211698, 0.0 ], [ -122.242092411764006, 47.499266117535498, 0.0 ], [ -122.242316041495002, 47.499269299129303, 0.0 ], [ -122.242532590254001, 47.499272353025702, 0.0 ], [ -122.242764320302996, 47.499275601941498, 0.0 ], [ -122.242991997136997, 47.499278816336897, 0.0 ], [ -122.243139231507996, 47.499280886145598, 0.0 ], [ -122.243209050012993, 47.499281862685898, 0.0 ], [ -122.243440781285997, 47.499285152391003, 0.0 ], [ -122.243545004398001, 47.4992865999739, 0.0 ], [ -122.243650243066, 47.499288081249603, 0.0 ], [ -122.243849089269006, 47.499290922237002, 0.0 ], [ -122.244071198482999, 47.499294030679202, 0.0 ], [ -122.244291794586005, 47.499297119524201, 0.0 ], [ -122.244517454318, 47.499300313744698, 0.0 ], [ -122.244736532025996, 47.499303416378901, 0.0 ], [ -122.245132696707003, 47.499308986647897, 0.0 ], [ -122.245176205853994, 47.499309601500599, 0.0 ], [ -122.245404393244002, 47.499312804714798, 0.0 ], [ -122.245631566366001, 47.499316020086297, 0.0 ], [ -122.245849129809997, 47.499319055042498, 0.0 ], [ -122.246086421811, 47.499322400947698, 0.0 ], [ -122.246309546846007, 47.499325538778699, 0.0 ], [ -122.246533687348006, 47.499328705717097, 0.0 ], [ -122.246763898419999, 47.499331923198802, 0.0 ], [ -122.246986015348, 47.499335068032202, 0.0 ], [ -122.247223811531995, 47.499338405285499, 0.0 ], [ -122.247453518651, 47.4993416276454, 0.0 ], [ -122.247674620336994, 47.499344745811399, 0.0 ], [ -122.247908368319997, 47.499348001286599, 0.0 ], [ -122.248093047973001, 47.499350627462, 0.0 ], [ -122.248458345570995, 47.499355760797499, 0.0 ], [ -122.248814034548005, 47.499360751200797, 0.0 ], [ -122.248899539760004, 47.4993619547501, 0.0 ], [ -122.249042064278996, 47.499358123476199, 0.0 ], [ -122.249508036101005, 47.4993456265953, 0.0 ], [ -122.249573045565, 47.499560531735, 0.0 ], [ -122.249640285412994, 47.499782820741501, 0.0 ], [ -122.249694142815002, 47.499959519733103, 0.0 ], [ -122.249871957352994, 47.500547336721098, 0.0 ], [ -122.250001974561997, 47.5009768429316, 0.0 ], [ -122.250020841639994, 47.5010382171807, 0.0 ], [ -122.250049704863997, 47.5011325389167, 0.0 ], [ -122.250057498201002, 47.501158874137403, 0.0 ], [ -122.250227844118001, 47.501713454329703, 0.0 ], [ -122.250235626437998, 47.501739148482201, 0.0 ], [ -122.250244515776004, 47.501768469294703, 0.0 ], [ -122.250356608754004, 47.502133762869398, 0.0 ], [ -122.250431552471994, 47.502378835930003, 0.0 ], [ -122.250553349458997, 47.502635658787803, 0.0 ], [ -122.250637078976993, 47.502776081834298, 0.0 ], [ -122.250732351427999, 47.502913104144803, 0.0 ], [ -122.250818741830997, 47.502909326004598, 0.0 ], [ -122.250997075241997, 47.502901531469703, 0.0 ], [ -122.251390122854005, 47.5028843693688, 0.0 ], [ -122.251522477389003, 47.50287843057, 0.0 ], [ -122.251654841673002, 47.502872622265002, 0.0 ], [ -122.252601572271004, 47.502831019974202, 0.0 ], [ -122.253719058718005, 47.502781870242302, 0.0 ], [ -122.253824138954997, 47.502777257015602, 0.0 ], [ -122.254172724737998, 47.502761928053701, 0.0 ], [ -122.256848247639994, 47.502645388379797, 0.0 ], [ -122.258187012798004, 47.502587084364301, 0.0 ], [ -122.259502538136005, 47.5025297397925, 0.0 ], [ -122.259503361095, 47.5024858580623, 0.0 ], [ -122.259504891093002, 47.5023938565623, 0.0 ], [ -122.259511763963005, 47.502053378843399, 0.0 ], [ -122.259526778761, 47.501307764653603, 0.0 ], [ -122.259537239389005, 47.500802597591701, 0.0 ], [ -122.259549909534002, 47.500156318280297, 0.0 ], [ -122.259571429242001, 47.499075503992202, 0.0 ], [ -122.259582141813993, 47.4985424838654, 0.0 ], [ -122.259604901418996, 47.497414652551797, 0.0 ], [ -122.259606107115999, 47.497347674474497, 0.0 ], [ -122.259608212190003, 47.497258276941999, 0.0 ], [ -122.259633348807, 47.496106337121098, 0.0 ], [ -122.259635714756996, 47.495989385920403, 0.0 ], [ -122.259637555362005, 47.495871888708301, 0.0 ], [ -122.259640813953993, 47.495621215570502, 0.0 ], [ -122.264329654142998, 47.495573997915201, 0.0 ], [ -122.264969198578001, 47.495566665299499, 0.0 ], [ -122.266855032462999, 47.495547283055998, 0.0 ], [ -122.266912168166002, 47.495546688203703, 0.0 ], [ -122.267772672462996, 47.495537832039801, 0.0 ], [ -122.267846996287005, 47.495537108147502, 0.0 ], [ -122.268054283058007, 47.495534961424099, 0.0 ], [ -122.268395051504996, 47.495531468952898, 0.0 ], [ -122.268485041635003, 47.4955305044436, 0.0 ], [ -122.268872828398003, 47.495526542755897, 0.0 ], [ -122.269414815595994, 47.495520933174603, 0.0 ], [ -122.269481553244006, 47.4955202577625, 0.0 ], [ -122.270149469762998, 47.495514806575798, 0.0 ], [ -122.270297110149002, 47.495513625700802, 0.0 ], [ -122.270296344496998, 47.495595848060901, 0.0 ], [ -122.270295684277002, 47.495627005185497, 0.0 ], [ -122.270295231646003, 47.495683993250097, 0.0 ], [ -122.270294544234005, 47.495714163610003, 0.0 ], [ -122.270294328115995, 47.495742914836498, 0.0 ], [ -122.270293553214998, 47.4958065045792, 0.0 ], [ -122.270293154897999, 47.495847166694197, 0.0 ], [ -122.270292613774998, 47.495882646185898, 0.0 ], [ -122.270291960465997, 47.495932351589403, 0.0 ], [ -122.270291177309005, 47.495995641929298, 0.0 ], [ -122.270290289108004, 47.496055120152398, 0.0 ], [ -122.270289523312996, 47.496119266610599, 0.0 ], [ -122.270288733062003, 47.496182299717098, 0.0 ], [ -122.270287875530997, 47.496242891213399, 0.0 ], [ -122.270287525545001, 47.496285307577097, 0.0 ], [ -122.270286390180999, 47.496390934159102, 0.0 ], [ -122.270284594868997, 47.496490907981801, 0.0 ], [ -122.270281762124995, 47.496700063270303, 0.0 ], [ -122.270280905443002, 47.496760912079203, 0.0 ], [ -122.270276500246993, 47.497096428768401, 0.0 ], [ -122.270272996019003, 47.497354859412901, 0.0 ], [ -122.270272253440993, 47.497382803148497, 0.0 ], [ -122.270270064063993, 47.497560417650597, 0.0 ], [ -122.270269126195004, 47.497618095239801, 0.0 ], [ -122.270267968401996, 47.497704612690697, 0.0 ], [ -122.270260190303006, 47.498266515291398, 0.0 ], [ -122.270259737676994, 47.498305208094997, 0.0 ], [ -122.270251245527007, 47.4989148468702, 0.0 ], [ -122.270249010363997, 47.499072281059803, 0.0 ], [ -122.270246961831006, 47.499199892918298, 0.0 ], [ -122.270233678840995, 47.500149381361197, 0.0 ], [ -122.270233247367997, 47.500207141129202, 0.0 ], [ -122.270231931382, 47.500269624059001, 0.0 ], [ -122.270289969274998, 47.500283282832001, 0.0 ], [ -122.270426445948004, 47.500316986096699, 0.0 ], [ -122.270489590059, 47.500332512177302, 0.0 ], [ -122.270502669950005, 47.500384958692102, 0.0 ], [ -122.270593221924997, 47.500771071441299, 0.0 ], [ -122.270655124046996, 47.501035103088697, 0.0 ], [ -122.270771520509996, 47.501532841094601, 0.0 ], [ -122.270591800516002, 47.501490084445301, 0.0 ], [ -122.270217596329005, 47.501401209447003, 0.0 ], [ -122.270217169475998, 47.501459137893498, 0.0 ], [ -122.270199385593997, 47.502630955758796, 0.0 ], [ -122.270178965488, 47.503707137565598, 0.0 ], [ -122.270164272515004, 47.504477002685199, 0.0 ], [ -122.270156189073006, 47.504899583370303, 0.0 ], [ -122.270133912112996, 47.506091892081301, 0.0 ], [ -122.270132900549001, 47.5061471323598, 0.0 ], [ -122.270107067726002, 47.507026770783497, 0.0 ], [ -122.270079624523007, 47.508784462983598, 0.0 ], [ -122.270065907051006, 47.509663484094503, 0.0 ], [ -122.270187389472994, 47.509666186689401, 0.0 ], [ -122.271416898843995, 47.509693555287299, 0.0 ], [ -122.271560654227997, 47.509696788532203, 0.0 ], [ -122.271702889840995, 47.5096999986594, 0.0 ], [ -122.272738540942996, 47.509723552142603, 0.0 ], [ -122.273993882249002, 47.509752147381498, 0.0 ], [ -122.274074872084, 47.509753992711403, 0.0 ], [ -122.274155860643006, 47.5097557915972, 0.0 ], [ -122.275411713976993, 47.509784368908001, 0.0 ], [ -122.275416809494999, 47.509456507673498, 0.0 ], [ -122.275426284581997, 47.508811597668597, 0.0 ], [ -122.275428991083004, 47.508653296625901, 0.0 ], [ -122.275431529212995, 47.508489134117703, 0.0 ], [ -122.275441514166005, 47.507844213419403, 0.0 ], [ -122.275446254493005, 47.507521756272098, 0.0 ], [ -122.275451498986996, 47.507199296940897, 0.0 ], [ -122.27556693759, 47.507203141940401, 0.0 ], [ -122.275681964217995, 47.507210548183302, 0.0 ], [ -122.275805939185005, 47.5072303988862, 0.0 ], [ -122.275927065730002, 47.507256879029299, 0.0 ], [ -122.276044316226006, 47.507289748572099, 0.0 ], [ -122.276158202597998, 47.507328832286198, 0.0 ], [ -122.276808096981995, 47.507744765298199, 0.0 ], [ -122.276917127727003, 47.507809444093503, 0.0 ], [ -122.277032579121993, 47.507868557217002, 0.0 ], [ -122.277154440407998, 47.507921716690802, 0.0 ], [ -122.277281701377007, 47.507968640049199, 0.0 ], [ -122.277413329137005, 47.508009125268103, 0.0 ], [ -122.277543358228002, 47.508064711526004, 0.0 ], [ -122.277695915704001, 47.508093658633904, 0.0 ], [ -122.277851276570999, 47.508114348175603, 0.0 ], [ -122.278008939122998, 47.508126651531597, 0.0 ], [ -122.278167376263994, 47.508130507969703, 0.0 ], [ -122.278197767961998, 47.509847668975397, 0.0 ], [ -122.278415425587994, 47.509852610927602, 0.0 ], [ -122.279507277559006, 47.509877382955999, 0.0 ], [ -122.280759061642996, 47.509905784297104, 0.0 ], [ -122.282454688767999, 47.509944539392897, 0.0 ], [ -122.283902611114002, 47.509977616786003, 0.0 ], [ -122.284883286172004, 47.510000011195899, 0.0 ], [ -122.286523473014995, 47.510037486384803, 0.0 ], [ -122.28984428039, 47.510113492438499, 0.0 ], [ -122.291338069450006, 47.510147654447898, 0.0 ], [ -122.291315694893001, 47.512207551039602, 0.0 ], [ -122.291304237760002, 47.513306242222399, 0.0 ], [ -122.291298570978, 47.513841216917697, 0.0 ], [ -122.291285590987997, 47.515018399004703, 0.0 ], [ -122.291264961617998, 47.516889034145699, 0.0 ], [ -122.291265818347, 47.518309623810801, 0.0 ], [ -122.291267031863995, 47.519144727887898, 0.0 ], [ -122.291267785168998, 47.519660805959496, 0.0 ], [ -122.291268550555998, 47.520184662674602, 0.0 ], [ -122.291269136336993, 47.520917169786102, 0.0 ], [ -122.291270375235996, 47.521847800046302, 0.0 ], [ -122.291271016828006, 47.522328043941002, 0.0 ], [ -122.291274988590999, 47.524274822545401, 0.0 ], [ -122.291276451220995, 47.524280300396903, 0.0 ], [ -122.291276674949003, 47.524280951383297, 0.0 ], [ -122.292283094035, 47.524299052944102, 0.0 ], [ -122.293463993475996, 47.5243202816051, 0.0 ], [ -122.295528969290004, 47.524357347950598, 0.0 ], [ -122.296678049437006, 47.5243779614595, 0.0 ], [ -122.297417430459006, 47.524391214291803, 0.0 ], [ -122.298897209589001, 47.5244177345987, 0.0 ], [ -122.300757000000999, 47.524451029492297, 0.0 ], [ -122.301369725624994, 47.524461994775301, 0.0 ], [ -122.300960099728002, 47.524582510207402, 0.0 ], [ -122.300725857591999, 47.524670799420498, 0.0 ], [ -122.300575291499001, 47.524736037764697, 0.0 ], [ -122.300358739301998, 47.524843055420497, 0.0 ], [ -122.299927274281004, 47.525113894976599, 0.0 ], [ -122.299702816959993, 47.525353544298497, 0.0 ], [ -122.299618385713003, 47.5255590262109, 0.0 ], [ -122.299612221969994, 47.525772280682503, 0.0 ], [ -122.299730656730006, 47.526162632908502, 0.0 ], [ -122.299971704376006, 47.526612017016603, 0.0 ], [ -122.300044179150007, 47.526767311485997, 0.0 ], [ -122.300213014483006, 47.527229903102899, 0.0 ], [ -122.300270772030004, 47.527452853082202, 0.0 ], [ -122.300386539512004, 47.5279220481913, 0.0 ], [ -122.300579435230006, 47.528384189445497, 0.0 ], [ -122.300704859944005, 47.528608889185598, 0.0 ], [ -122.300901247479004, 47.528900226359497, 0.0 ], [ -122.301129889720997, 47.529180566646801, 0.0 ], [ -122.301220832517998, 47.529270843385703, 0.0 ], [ -122.301369621700005, 47.529400123031103, 0.0 ], [ -122.301648403382998, 47.529597398638799, 0.0 ], [ -122.301961760680996, 47.5297692239062, 0.0 ], [ -122.302164305141005, 47.5298589431018, 0.0 ], [ -122.302563420702995, 47.530011345715899, 0.0 ], [ -122.302825726270001, 47.530092980344598, 0.0 ], [ -122.303365690915996, 47.530270075504099, 0.0 ], [ -122.303622720430994, 47.530375003375902, 0.0 ], [ -122.303869823821998, 47.530490347956203, 0.0 ], [ -122.304106098309006, 47.530615678060599, 0.0 ], [ -122.304465314500007, 47.530829931134903, 0.0 ], [ -122.304690748992996, 47.531009569548203, 0.0 ], [ -122.304872541188999, 47.531210620381302, 0.0 ], [ -122.304983589052, 47.531383652952897, 0.0 ], [ -122.305062193149993, 47.531564656719802, 0.0 ], [ -122.305099108765006, 47.531703973777098, 0.0 ], [ -122.305527263726006, 47.531706547235103, 0.0 ], [ -122.306686962775004, 47.531716964303399, 0.0 ], [ -122.307785991483001, 47.5317268280942, 0.0 ], [ -122.308489551215004, 47.531732713169298, 0.0 ], [ -122.309396603753001, 47.531740556914102, 0.0 ], [ -122.310406260486005, 47.531749632814901, 0.0 ], [ -122.313136145241998, 47.531774125996002, 0.0 ], [ -122.316921432441006, 47.531809649245098, 0.0 ], [ -122.317564450326998, 47.531815683380799, 0.0 ], [ -122.318465582789003, 47.531824134292101, 0.0 ], [ -122.318482752026995, 47.5308497133244, 0.0 ], [ -122.318495325577999, 47.530136912031999, 0.0 ], [ -122.318500163180005, 47.529862658045701, 0.0 ], [ -122.318507703437007, 47.529435013807401, 0.0 ], [ -122.317563639027995, 47.529427662501803, 0.0 ], [ -122.317569856291001, 47.529059638390798, 0.0 ], [ -122.317571150261998, 47.528998567653097, 0.0 ], [ -122.317571430851999, 47.528972772297003, 0.0 ], [ -122.317583677242993, 47.5282301288509, 0.0 ], [ -122.317481334297, 47.528172428471898, 0.0 ], [ -122.317406801900006, 47.528149753409998, 0.0 ], [ -122.314894873588997, 47.527388173363804, 0.0 ], [ -122.314707040829006, 47.527331581183901, 0.0 ], [ -122.314549780201006, 47.527282347848498, 0.0 ], [ -122.313166187527003, 47.526941265669301, 0.0 ], [ -122.312893547596005, 47.526874081640401, 0.0 ], [ -122.312088392294001, 47.526676215204503, 0.0 ], [ -122.311780871690999, 47.526574351247, 0.0 ], [ -122.311702201219006, 47.526548338936202, 0.0 ], [ -122.311326375274007, 47.526161296359, 0.0 ], [ -122.310880254851, 47.525579240657699, 0.0 ], [ -122.310816689605005, 47.525496778170499, 0.0 ], [ -122.310734698841003, 47.525389151728298, 0.0 ], [ -122.309840870177993, 47.524614418533403, 0.0 ], [ -122.309785882963993, 47.524566890946303, 0.0 ], [ -122.309732453850003, 47.5245204989412, 0.0 ], [ -122.309695912242006, 47.524427404276103, 0.0 ], [ -122.309690331352002, 47.5243376743176, 0.0 ], [ -122.309805427477997, 47.523952687062199, 0.0 ], [ -122.309805325472993, 47.523895663300202, 0.0 ], [ -122.309575058834994, 47.523251203091299, 0.0 ], [ -122.309712810476995, 47.522344511910397, 0.0 ], [ -122.309675156108995, 47.522176237747402, 0.0 ], [ -122.309798123245002, 47.522176567371702, 0.0 ], [ -122.312853056972003, 47.522185576438503, 0.0 ], [ -122.312898603354995, 47.522185713004397, 0.0 ], [ -122.313478516725993, 47.5221874092977, 0.0 ], [ -122.313529624707002, 47.522187557512197, 0.0 ], [ -122.314698570450005, 47.522190998955502, 0.0 ], [ -122.314982411306005, 47.522190296432399, 0.0 ], [ -122.315103847426997, 47.522190214219698, 0.0 ], [ -122.315265331418999, 47.522192693126001, 0.0 ], [ -122.315712164236004, 47.522194059683599, 0.0 ], [ -122.317555629408005, 47.522198779135699, 0.0 ], [ -122.317553566420997, 47.521184392028097, 0.0 ], [ -122.317552888856, 47.520645340229699, 0.0 ], [ -122.317551944330006, 47.5203101449789, 0.0 ], [ -122.317546074210995, 47.5186647211912, 0.0 ], [ -122.317748512012002, 47.518666614885198, 0.0 ], [ -122.318376996772997, 47.51866941, 0.0 ], [ -122.318803024049004, 47.5186698379731, 0.0 ], [ -122.320219835860001, 47.518674181367601, 0.0 ], [ -122.320341275931, 47.5186745194626, 0.0 ], [ -122.320462713477994, 47.518674768873097, 0.0 ], [ -122.321792453458997, 47.518677448412703, 0.0 ], [ -122.322255547468004, 47.518682304879398, 0.0 ], [ -122.323106170404003, 47.518685975292399, 0.0 ], [ -122.323227607990006, 47.518686221747302, 0.0 ], [ -122.323287822086996, 47.518686334672402, 0.0 ], [ -122.324068570964997, 47.518688083821203, 0.0 ], [ -122.324132323206001, 47.518688234232997, 0.0 ], [ -122.324790118083001, 47.518689837205798, 0.0 ], [ -122.324914591131005, 47.518689961849503, 0.0 ], [ -122.324976826991005, 47.5186900009274, 0.0 ], [ -122.325036025114002, 47.518690079864598, 0.0 ], [ -122.325878976819993, 47.518690915298301, 0.0 ], [ -122.325880425942003, 47.519359819499897, 0.0 ], [ -122.325881742327994, 47.5199360076329, 0.0 ], [ -122.325883073661998, 47.520512499301603, 0.0 ], [ -122.325883834170995, 47.520910295523002, 0.0 ], [ -122.326648847019001, 47.520909150436196, 0.0 ], [ -122.32942809635, 47.5209050112516, 0.0 ], [ -122.329479701300997, 47.5209049348055, 0.0 ], [ -122.329649199605996, 47.5209046722088, 0.0 ], [ -122.330843769238001, 47.520902766813698, 0.0 ], [ -122.330919659930998, 47.520902639528998, 0.0 ], [ -122.329911276984006, 47.519547999650101, 0.0 ], [ -122.329687988269995, 47.518458528773699, 0.0 ], [ -122.329594765164998, 47.518277311922198, 0.0 ], [ -122.329606363196007, 47.518085644512901, 0.0 ], [ -122.329612572615005, 47.517983066384502, 0.0 ], [ -122.329617492571998, 47.517749660746198, 0.0 ], [ -122.329613865740995, 47.517561049803298, 0.0 ], [ -122.329607540061005, 47.517417472905301, 0.0 ], [ -122.329597270283998, 47.517377292208302, 0.0 ], [ -122.329579571083002, 47.517339044415898, 0.0 ], [ -122.329552581997007, 47.517305382143398, 0.0 ], [ -122.329524475891006, 47.5172779273028, 0.0 ], [ -122.329492298120996, 47.5172515849262, 0.0 ], [ -122.329459349740006, 47.517233322637303, 0.0 ], [ -122.329417577043998, 47.517212869063201, 0.0 ], [ -122.329362705478999, 47.517192946572202, 0.0 ], [ -122.329294898780006, 47.517178826084603, 0.0 ], [ -122.329249596211, 47.51717467273, 0.0 ], [ -122.329197455601005, 47.517171794804298, 0.0 ], [ -122.329166563022, 47.517118403416703, 0.0 ], [ -122.328636840317998, 47.516509434456403, 0.0 ], [ -122.328589904454006, 47.516419663074203, 0.0 ], [ -122.328512201056, 47.516271043990002, 0.0 ], [ -122.328099275141, 47.515481254189801, 0.0 ], [ -122.327827318570996, 47.514961079748197, 0.0 ], [ -122.327589236036999, 47.514505693570797, 0.0 ], [ -122.327330202303003, 47.5140102370571, 0.0 ], [ -122.328040184366003, 47.514005244960501, 0.0 ], [ -122.328960031041007, 47.5139985649705, 0.0 ], [ -122.330077131240003, 47.513998799351803, 0.0 ], [ -122.330247349697999, 47.5143247282777, 0.0 ], [ -122.330309931629003, 47.5144347903518, 0.0 ], [ -122.330367556217993, 47.514522479654097, 0.0 ], [ -122.330435736241, 47.514614754491603, 0.0 ], [ -122.330562350787005, 47.514761533717902, 0.0 ], [ -122.330647605646007, 47.514846234762103, 0.0 ], [ -122.330766602009007, 47.514962960525999, 0.0 ], [ -122.330868164253005, 47.515063008380999, 0.0 ], [ -122.330934161683999, 47.515128022382697, 0.0 ], [ -122.330974398373002, 47.515167655966202, 0.0 ], [ -122.331382527642006, 47.515134284104001, 0.0 ], [ -122.331402914354996, 47.515099621956601, 0.0 ], [ -122.333495087269995, 47.514726855822403, 0.0 ], [ -122.333632554505996, 47.514767937786303, 0.0 ], [ -122.333590325255003, 47.514530176734702, 0.0 ], [ -122.334357396296994, 47.5145252179572, 0.0 ], [ -122.334267983678998, 47.514021864951502, 0.0 ], [ -122.337041997672998, 47.513992988965001, 0.0 ], [ -122.337087779314999, 47.514567931787703, 0.0 ], [ -122.337123498379995, 47.515016562974097, 0.0 ], [ -122.337186075692003, 47.515371129124098, 0.0 ], [ -122.337257176253004, 47.515770728621298, 0.0 ], [ -122.337364637627005, 47.516373869422303, 0.0 ], [ -122.337422118353999, 47.516696497329399, 0.0 ], [ -122.337484354102003, 47.517257693519802, 0.0 ], [ -122.337928140892004, 47.517260168350099, 0.0 ], [ -122.340130897907002, 47.517272528620197, 0.0 ], [ -122.341601433989993, 47.517281203229999, 0.0 ], [ -122.342875635927996, 47.517288739133903, 0.0 ], [ -122.344149326587996, 47.517296225366103, 0.0 ], [ -122.345423514350003, 47.517303433376398, 0.0 ], [ -122.346697214407001, 47.517310975295501, 0.0 ], [ -122.347969899009996, 47.5173186894379, 0.0 ], [ -122.349244101674998, 47.517326115956799, 0.0 ], [ -122.350652906874004, 47.517334295017299, 0.0 ], [ -122.351735320518998, 47.517340568500202, 0.0 ], [ -122.352875923816001, 47.517347162683997, 0.0 ], [ -122.354016533747995, 47.517353749548903, 0.0 ], [ -122.355164730534995, 47.517360392054599, 0.0 ], [ -122.356510588872993, 47.5173612887316, 0.0 ], [ -122.357856952811005, 47.517362209081597, 0.0 ], [ -122.358531398897, 47.517362663172499, 0.0 ], [ -122.358510165322997, 47.515530247074999, 0.0 ], [ -122.359178498820995, 47.515529880544499, 0.0 ], [ -122.360518192224006, 47.5155291413976, 0.0 ], [ -122.360540008233002, 47.517361811784603, 0.0 ], [ -122.361124433369994, 47.517363460834197, 0.0 ], [ -122.361821134, 47.517363642454598, 0.0 ], [ -122.362617485238999, 47.5173631193706, 0.0 ], [ -122.363224147376002, 47.517363905594102, 0.0 ], [ -122.364567444786005, 47.517363585441501, 0.0 ], [ -122.365912763826003, 47.517363175722799, 0.0 ], [ -122.367283850190006, 47.517378816337597, 0.0 ], [ -122.368671132760994, 47.517394605373497, 0.0 ], [ -122.370026534437002, 47.517409994631002, 0.0 ], [ -122.371278177207003, 47.517424203610098, 0.0 ], [ -122.371254070602006, 47.5171043948326, 0.0 ], [ -122.371252261256998, 47.517077471413998, 0.0 ], [ -122.371234624414001, 47.516839751839903, 0.0 ], [ -122.371217085018003, 47.516605329830199, 0.0 ], [ -122.371198511128, 47.516353144976598, 0.0 ], [ -122.371180036945006, 47.516104122663997, 0.0 ], [ -122.371175833357, 47.516047541707003, 0.0 ], [ -122.371160868296002, 47.515848862123498, 0.0 ], [ -122.371150686931003, 47.515709539866897, 0.0 ], [ -122.371142358018005, 47.515598815198402, 0.0 ], [ -122.371123845309, 47.515348468790997, 0.0 ], [ -122.371105342974005, 47.515098679087899, 0.0 ], [ -122.371087560936999, 47.514855992059601, 0.0 ], [ -122.371069081594996, 47.514606758889599, 0.0 ], [ -122.371049905082998, 47.514351194720597, 0.0 ], [ -122.371042325814003, 47.514248559463503, 0.0 ], [ -122.371031467888002, 47.514103589328897, 0.0 ], [ -122.371014661985996, 47.513876873062202, 0.0 ], [ -122.371011229228003, 47.513829102596901, 0.0 ], [ -122.371002054331996, 47.5137065648657, 0.0 ], [ -122.370996295780003, 47.513631451903102, 0.0 ], [ -122.370981821079994, 47.513432251019502, 0.0 ], [ -122.370977559712998, 47.513373696576203, 0.0 ], [ -122.370959210275998, 47.513128832034603, 0.0 ], [ -122.370940742353, 47.512880155553603, 0.0 ], [ -122.370937218809999, 47.512829302578297, 0.0 ], [ -122.370922921417005, 47.512636098031301, 0.0 ], [ -122.370903556930003, 47.512374111597701, 0.0 ], [ -122.370891123, 47.512209669011703, 0.0 ], [ -122.370879481572999, 47.5120552051551, 0.0 ], [ -122.370872703857003, 47.511962624437601, 0.0 ], [ -122.370865044320993, 47.5118572440092, 0.0 ], [ -122.370854831692995, 47.511716808484998, 0.0 ], [ -122.37083644946, 47.511471003656098, 0.0 ], [ -122.370818579003, 47.511225234084101, 0.0 ], [ -122.370800707347001, 47.5109794181244, 0.0 ], [ -122.370782326872003, 47.510733655456598, 0.0 ], [ -122.370764455680003, 47.510487843709001, 0.0 ], [ -122.370746080404004, 47.5102420345669, 0.0 ], [ -122.370728305669004, 47.5099996933562, 0.0 ], [ -122.370734389608003, 47.5095884317535, 0.0 ], [ -122.370738853022004, 47.509259457466399, 0.0 ], [ -122.370741217204994, 47.509099357900404, 0.0 ], [ -122.370743825348995, 47.508930429886, 0.0 ], [ -122.370748288523004, 47.508601451383498, 0.0 ], [ -122.370754793670997, 47.508118764517903, 0.0 ], [ -122.370841796690002, 47.5081185737723, 0.0 ], [ -122.370807025389993, 47.508088839916702, 0.0 ], [ -122.370775239357997, 47.508057306512598, 0.0 ], [ -122.370747452025, 47.508024137020698, 0.0 ], [ -122.370723664623995, 47.5079895845384, 0.0 ], [ -122.370704400041006, 47.507953857133998, 0.0 ], [ -122.370687530683, 47.507913423180398, 0.0 ], [ -122.370617346049997, 47.507712019273796, 0.0 ], [ -122.370610580169, 47.507671326203599, 0.0 ], [ -122.370588176466001, 47.507529127845103, 0.0 ], [ -122.370582690993999, 47.507343085182903, 0.0 ], [ -122.370584936957002, 47.507178962759802, 0.0 ], [ -122.370574962313995, 47.507132483129404, 0.0 ], [ -122.370558792181001, 47.507081544017197, 0.0 ], [ -122.370409537731007, 47.506685968745899, 0.0 ], [ -122.370367673394995, 47.506552863126799, 0.0 ], [ -122.370339966255003, 47.506402210888503, 0.0 ], [ -122.370314909428004, 47.506204393464898, 0.0 ], [ -122.370285306737003, 47.505972319901197, 0.0 ], [ -122.370276046827001, 47.505898325825498, 0.0 ], [ -122.370270591869996, 47.505833447096798, 0.0 ], [ -122.370271203358001, 47.505768444077702, 0.0 ], [ -122.370279919275006, 47.505686495255297, 0.0 ], [ -122.370298262730003, 47.505605268268397, 0.0 ], [ -122.370315233952994, 47.505546131149302, 0.0 ], [ -122.370327582235007, 47.5055016611159, 0.0 ], [ -122.370361449799006, 47.505380852546999, 0.0 ], [ -122.370382986574, 47.505304897656799, 0.0 ], [ -122.370403702331998, 47.505218200865897, 0.0 ], [ -122.370416298913995, 47.5051308419809, 0.0 ], [ -122.370421805785995, 47.505043106585298, 0.0 ], [ -122.370427476583004, 47.504600663112903, 0.0 ], [ -122.370437205825993, 47.503866778841299, 0.0 ], [ -122.370442273996005, 47.503798589568603, 0.0 ], [ -122.370455457190005, 47.503730931661899, 0.0 ], [ -122.370476250178001, 47.503664195842703, 0.0 ], [ -122.370505173536998, 47.503598725196298, 0.0 ], [ -122.370541234032999, 47.503535039384403, 0.0 ], [ -122.370584434495001, 47.503473446313699, 0.0 ], [ -122.370610758515994, 47.503439755194002, 0.0 ], [ -122.370645835852002, 47.503394251824297, 0.0 ], [ -122.370721371765995, 47.503297000497803, 0.0 ], [ -122.370814057385005, 47.503198234484799, 0.0 ], [ -122.370862816491993, 47.503153528709703, 0.0 ], [ -122.370977540149994, 47.503047393912297, 0.0 ], [ -122.371243450554999, 47.5028022782733, 0.0 ], [ -122.371586976084004, 47.502479291291799, 0.0 ], [ -122.371951139328999, 47.5021357999792, 0.0 ], [ -122.372018146065002, 47.502075381321099, 0.0 ], [ -122.372089263174999, 47.502017134300303, 0.0 ], [ -122.372167963229003, 47.501958700098101, 0.0 ], [ -122.372255155600996, 47.501896721085998, 0.0 ], [ -122.372423103892004, 47.501777439846897, 0.0 ], [ -122.372521193181996, 47.5017077702027, 0.0 ], [ -122.372589507666007, 47.5016573187078, 0.0 ], [ -122.372752315526, 47.501535402571101, 0.0 ], [ -122.372914089266999, 47.501412643851999, 0.0 ], [ -122.373026855131997, 47.501326069404001, 0.0 ], [ -122.373086146977002, 47.501278524167198, 0.0 ], [ -122.373230427997996, 47.501162988056898, 0.0 ], [ -122.373611379626993, 47.500857652040402, 0.0 ], [ -122.373705749139006, 47.500782079450403, 0.0 ], [ -122.373736323293002, 47.500755400150702, 0.0 ], [ -122.373763815291994, 47.500727222894803, 0.0 ], [ -122.373788228752005, 47.500697669973299, 0.0 ], [ -122.373809071097995, 47.500666925249, 0.0 ], [ -122.373826343586998, 47.500635241818102, 0.0 ], [ -122.373840048963999, 47.500602712452803, 0.0 ], [ -122.373849696652002, 47.500569588484403, 0.0 ], [ -122.373856293987004, 47.500536252788699, 0.0 ], [ -122.373865702274998, 47.500460891985398, 0.0 ], [ -122.373925333895997, 47.499996977566198, 0.0 ], [ -122.373935972992996, 47.499911872138597, 0.0 ], [ -122.373965721372002, 47.499754657525102, 0.0 ], [ -122.374013233433004, 47.499599471435303, 0.0 ], [ -122.374084369301002, 47.499405107932702, 0.0 ], [ -122.374140510681997, 47.499251049148803, 0.0 ], [ -122.374158299605, 47.499202737665001, 0.0 ], [ -122.374323488319007, 47.498751012101899, 0.0 ], [ -122.374479797277999, 47.498323920637098, 0.0 ], [ -122.374488680517999, 47.498299290433302, 0.0 ], [ -122.374717543689002, 47.497674896274198, 0.0 ], [ -122.374729676271997, 47.497640586826002, 0.0 ], [ -122.374781154966996, 47.497516968574402, 0.0 ], [ -122.374851974533001, 47.497380533379001, 0.0 ], [ -122.374898282296996, 47.497304582890401, 0.0 ], [ -122.374920515585998, 47.497269790359198, 0.0 ], [ -122.375117312488001, 47.4969637387142, 0.0 ], [ -122.375158892624, 47.4968990778031, 0.0 ], [ -122.375200478878, 47.496834416792403, 0.0 ], [ -122.375476060224997, 47.496405100735998, 0.0 ], [ -122.375530509469002, 47.496330882878901, 0.0 ], [ -122.375563251794006, 47.496309231602297, 0.0 ], [ -122.375605632732004, 47.496288731819099, 0.0 ], [ -122.377164557173003, 47.494604369463303, 0.0 ], [ -122.378774731787004, 47.4929290526307, 0.0 ], [ -122.385022817926, 47.496309262475002, 0.0 ], [ -122.387156606290006, 47.4982960018936, 0.0 ], [ -122.391751920602005, 47.502573304327399, 0.0 ], [ -122.396036109557002, 47.5083605790402, 0.0 ], [ -122.400621642306007, 47.514496670068198, 0.0 ], [ -122.402634973448002, 47.517882394652901, 0.0 ], [ -122.398626722507998, 47.523273791502398, 0.0 ], [ -122.400750523959005, 47.524285076508001, 0.0 ], [ -122.408558491096997, 47.5280017419432, 0.0 ], [ -122.409738194024001, 47.530614206560799, 0.0 ], [ -122.406682421503007, 47.533010712473803, 0.0 ], [ -122.398263860168996, 47.536265822290602, 0.0 ], [ -122.398851208872003, 47.536913382961899, 0.0 ], [ -122.400900220324004, 47.539172185041402, 0.0 ], [ -122.404658150098996, 47.554265380407699, 0.0 ], [ -122.408224603516999, 47.559120504717797, 0.0 ], [ -122.409372268935996, 47.560484073289899, 0.0 ], [ -122.415440381207006, 47.5676914630846, 0.0 ], [ -122.424026645384998, 47.573574791653897, 0.0 ], [ -122.423972288822, 47.577499164660303, 0.0 ], [ -122.416742246642002, 47.5799934673528, 0.0 ], [ -122.413329342561994, 47.581791148802502, 0.0 ], [ -122.409550696069005, 47.583781537102503, 0.0 ], [ -122.405521145435003, 47.586917768261301, 0.0 ], [ -122.389941892506002, 47.599039715117001, 0.0 ], [ -122.386229275732006, 47.599051205292, 0.0 ], [ -122.380440153500004, 47.593885365030097, 0.0 ], [ -122.375298532247001, 47.589330773565301, 0.0 ], [ -122.370199305889003, 47.585543488290597, 0.0 ], [ -122.360211604582005, 47.5856780132859, 0.0 ], [ -122.360269982446994, 47.587312454238898, 0.0 ], [ -122.344942365174006, 47.592288239850603, 0.0 ], [ -122.341760987442996, 47.601753676429503, 0.0 ], [ -122.362377163073006, 47.618649363483499, 0.0 ], [ -122.361344978768997, 47.618654992341298, 0.0 ], [ -122.361481990239994, 47.618767288595897, 0.0 ], [ -122.379041528328997, 47.626011109129102, 0.0 ], [ -122.384492248129007, 47.626022647725897, 0.0 ], [ -122.384505873354996, 47.6272787323283, 0.0 ], [ -122.384521818549999, 47.631166385259, 0.0 ], [ -122.387098638710995, 47.630391182198302, 0.0 ], [ -122.389935154138001, 47.629537759665297, 0.0 ], [ -122.393319509896997, 47.629672327729601, 0.0 ], [ -122.395577206363001, 47.630279271322003, 0.0 ], [ -122.396286712847996, 47.6309535221178, 0.0 ], [ -122.397727252812999, 47.631469442659302, 0.0 ], [ -122.398447536693993, 47.631727398157402, 0.0 ], [ -122.398894181420999, 47.6318880449559, 0.0 ], [ -122.399477890425004, 47.632097772857598, 0.0 ], [ -122.408478452937004, 47.635605312053301, 0.0 ], [ -122.410614274631996, 47.6369702439953, 0.0 ] ], [ [ -122.408111629391001, 47.636234882071903, 0.0 ], [ -122.407438543083003, 47.6374190776679, 0.0 ], [ -122.408478452937004, 47.635605312053301, 0.0 ], [ -122.408111629391001, 47.636234882071903, 0.0 ] ] ] } }
]
}
