{
"type": "FeatureCollection",
"name": "special_use_airspace_wa",
"crs": { "type": "name", "properties": { "name": "urn:ogc:def:crs:OGC:1.3:CRS84" } },
"features": [
{ "type": "Feature", "properties": { "OBJECTID": 22, "GLOBAL_ID": "AA58840D-D7C1-444C-B2C0-694B5B1FD3FD", "NAME": "A-680", "TYPE_CODE": "A", "CLASS": null, "UPPER_DESC": "TI", "UPPER_VAL": "3000", "UPPER_UOM": "FT", "UPPER_CODE": "MSL", "LOWER_DESC": null, "LOWER_VAL": "0", "LOWER_UOM": "FT", "LOWER_CODE": "SFC", "LEVEL_CODE": "L", "CITY": "OLF COUPEVILLE", "STATE": "WA", "COUNTRY": "UNITED STATES", "CONT_AGENT": null, "COMM_NAME": null, "SECTOR": null, "ONSHORE": "1", "EXCLUSION": "0", "TIMESOFUSE": "APR - OCT, 1000 - 0130, MON - FRI; %NOV - MAR, 1000 - 2359, MON - FRI; OTHER TIMES BY NOTAM", "GMTOFFSET": "-8", "DST_CODE": "1", "REMARKS": null, "AK_LOW": 1, "AK_HIGH": 0, "US_LOW": 1, "US_HIGH": 0, "US_AREA": 0, "PACIFIC": 0, "Shape__Area": 0.011726141978670057, "Shape__Length": 0.39555139032043757 }, "geometry": { "type": "Polygon", "coordinates": [ [ [ -122.633397356611994, 48.133102213201198, 0.0 ], [ -122.636077229039003, 48.133102212901797, 0.0 ], [ -122.638755378482998, 48.133166545605903, 0.0 ], [ -122.641428364941007, 48.133295127313701, 0.0 ], [ -122.644092751413993, 48.133487794025697, 0.0 ], [ -122.646745112901002, 48.133744297742197, 0.0 ], [ -122.649382042401996, 48.1340643084635, 0.0 ], [ -122.652000149914997, 48.134447415190103, 0.0 ], [ -122.65459606844, 48.134893125922297, 0.0 ], [ -122.657166461976999, 48.135400867660401, 0.0 ], [ -122.659708025523997, 48.135969986404803, 0.0 ], [ -122.662217491080995, 48.136599752155803, 0.0 ], [ -122.664691631647003, 48.137289354913598, 0.0 ], [ -122.667127266221996, 48.138037907678701, 0.0 ], [ -122.669521260804999, 48.138844449451199, 0.0 ], [ -122.671870535395001, 48.139707941231599, 0.0 ], [ -122.674172067990995, 48.140627275020101, 0.0 ], [ -122.676422896592996, 48.141601266816899, 0.0 ], [ -122.678620125199004, 48.142628665622397, 0.0 ], [ -122.680760922809995, 48.143708149436698, 0.0 ], [ -122.682842534423003, 48.144838331260097, 0.0 ], [ -122.684862279040004, 48.146017756092903, 0.0 ], [ -122.686817554656997, 48.147244907935203, 0.0 ], [ -122.688705840276, 48.148518207787298, 0.0 ], [ -122.690524703894994, 48.149836018649303, 0.0 ], [ -122.692271799512994, 48.151196644521399, 0.0 ], [ -122.693944873128999, 48.152598335403802, 0.0 ], [ -122.695541766744, 48.154039287296698, 0.0 ], [ -122.697060418354994, 48.155517646200202, 0.0 ], [ -122.698498867962002, 48.157031510114301, 0.0 ], [ -122.699855256564007, 48.158578930039297, 0.0 ], [ -122.701127831161998, 48.160157914975102, 0.0 ], [ -122.702314945753002, 48.161766431921997, 0.0 ], [ -122.703415064336994, 48.163402410879897, 0.0 ], [ -122.704426761912998, 48.165063745848997, 0.0 ], [ -122.705348726481006, 48.166748295829201, 0.0 ], [ -122.706179764039007, 48.168453894820601, 0.0 ], [ -122.706918793588002, 48.170178343823203, 0.0 ], [ -122.707564855125995, 48.171919421837103, 0.0 ], [ -122.708117106653006, 48.173674887861999, 0.0 ], [ -122.708574827167993, 48.175442479898301, 0.0 ], [ -122.708937415671002, 48.177219920945497, 0.0 ], [ -122.709204398159997, 48.179004920003898, 0.0 ], [ -122.709375417635002, 48.1807951770732, 0.0 ], [ -122.709450246095997, 48.182588386153498, 0.0 ], [ -122.709428774540996, 48.184382235244499, 0.0 ], [ -122.709311022970994, 48.186174412346197, 0.0 ], [ -122.709097132384002, 48.187962606458498, 0.0 ], [ -122.708787366780996, 48.1897445125812, 0.0 ], [ -122.708382118160998, 48.191517833714201, 0.0 ], [ -122.707881898522004, 48.193280282857202, 0.0 ], [ -122.707287341866007, 48.195029586010101, 0.0 ], [ -122.706599207189996, 48.196763488172799, 0.0 ], [ -122.705818371495994, 48.198479753344998, 0.0 ], [ -122.704945833782006, 48.2001761655264, 0.0 ], [ -122.703982710047995, 48.201850537716901, 0.0 ], [ -122.702930235294005, 48.203500708916302, 0.0 ], [ -122.701789757518995, 48.2051245491242, 0.0 ], [ -122.700562740723001, 48.206719963340298, 0.0 ], [ -122.699250761906995, 48.2082848925645, 0.0 ], [ -122.697855505068006, 48.209817316796403, 0.0 ], [ -122.696378765209005, 48.211315258035803, 0.0 ], [ -122.694822441327005, 48.212776781282201, 0.0 ], [ -122.693188536422994, 48.214200001535502, 0.0 ], [ -122.691479153497994, 48.215583078795298, 0.0 ], [ -122.689696494550006, 48.216924229061199, 0.0 ], [ -122.687842855580001, 48.218221719332902, 0.0 ], [ -122.685920625587002, 48.219473873609999, 0.0 ], [ -122.683932282572997, 48.220679074892303, 0.0 ], [ -122.681880389536005, 48.221835766179296, 0.0 ], [ -122.679767594476004, 48.222942454470598, 0.0 ], [ -122.677596621394997, 48.2239977087659, 0.0 ], [ -122.675370273290994, 48.225000166064902, 0.0 ], [ -122.673091422165996, 48.225948531367102, 0.0 ], [ -122.670763011017996, 48.226841578672101, 0.0 ], [ -122.668388045848999, 48.227678153979497, 0.0 ], [ -122.665969593659, 48.228457177288902, 0.0 ], [ -122.663510777447001, 48.229177641600003, 0.0 ], [ -122.661014773215001, 48.229838614912403, 0.0 ], [ -122.658484805962004, 48.230439243225497, 0.0 ], [ -122.655924144688996, 48.230978750539101, 0.0 ], [ -122.653336098395002, 48.2314564398527, 0.0 ], [ -122.650724011082005, 48.2318716931658, 0.0 ], [ -122.648091259750998, 48.232223973478199, 0.0 ], [ -122.645441245399994, 48.232512826789502, 0.0 ], [ -122.642777394031, 48.232737878099002, 0.0 ], [ -122.640103149644005, 48.232898837406601, 0.0 ], [ -122.637421969239995, 48.232995496711801, 0.0 ], [ -122.634737317819003, 48.233027730014101, 0.0 ], [ -122.632052666381995, 48.232995497313297, 0.0 ], [ -122.629371485929994, 48.232898838608897, 0.0 ], [ -122.626697241461997, 48.232737879900498, 0.0 ], [ -122.624033390980003, 48.232512829187797, 0.0 ], [ -122.621383376484005, 48.232223976470301, 0.0 ], [ -122.618750623975004, 48.231871696747803, 0.0 ], [ -122.616138536452993, 48.231456444019798, 0.0 ], [ -122.613550489919007, 48.230978755286003, 0.0 ], [ -122.610989828374002, 48.230439248546098, 0.0 ], [ -122.608459860818996, 48.229838620799697, 0.0 ], [ -122.605963857253997, 48.229177648046402, 0.0 ], [ -122.603505040680005, 48.228457184286, 0.0 ], [ -122.601086587097996, 48.227678161518199, 0.0 ], [ -122.598711621508002, 48.226841586742601, 0.0 ], [ -122.596383209912005, 48.225948539958999, 0.0 ], [ -122.594104359309995, 48.225000175167096, 0.0 ], [ -122.591878009702, 48.223997718366597, 0.0 ], [ -122.589707037089994, 48.2229424645572, 0.0 ], [ -122.587594240474999, 48.2218357767388, 0.0 ], [ -122.585542347856006, 48.220679085911001, 0.0 ], [ -122.583554004236007, 48.219473885073697, 0.0 ], [ -122.581631772614003, 48.218221731226599, 0.0 ], [ -122.579778132992999, 48.216924241369597, 0.0 ], [ -122.577995473371004, 48.215583091502403, 0.0 ], [ -122.576286089750994, 48.2142000146249, 0.0 ], [ -122.574652184133001, 48.212776794737003, 0.0 ], [ -122.573095859518006, 48.211315271838401, 0.0 ], [ -122.571619118906, 48.209817330928999, 0.0 ], [ -122.570223862299002, 48.208284907008903, 0.0 ], [ -122.568911881697005, 48.2067199780777, 0.0 ], [ -122.567684865101, 48.205124564135502, 0.0 ], [ -122.566544386512007, 48.203500724182298, 0.0 ], [ -122.565491909930003, 48.201850553217703, 0.0 ], [ -122.564528785356998, 48.200176181242, 0.0 ], [ -122.563656246793002, 48.198479769255101, 0.0 ], [ -122.562875410237993, 48.196763504256801, 0.0 ], [ -122.562187274693997, 48.195029602247402, 0.0 ], [ -122.561592718160995, 48.193280299226601, 0.0 ], [ -122.561092496640001, 48.1915178501946, 0.0 ], [ -122.560687247131995, 48.189744529151398, 0.0 ], [ -122.560377481637005, 48.187962623097199, 0.0 ], [ -122.560163589154996, 48.186174429031901, 0.0 ], [ -122.560045836688005, 48.184382251955597, 0.0 ], [ -122.560024365236004, 48.182588402868497, 0.0 ], [ -122.560099191800006, 48.1807951937705, 0.0 ], [ -122.560270211380001, 48.179004936661997, 0.0 ], [ -122.560537191977005, 48.1772199375431, 0.0 ], [ -122.560899780590006, 48.175442496413801, 0.0 ], [ -122.561357499221998, 48.1736749042743, 0.0 ], [ -122.561909749872001, 48.171919438125002, 0.0 ], [ -122.562555810540005, 48.170178359965803, 0.0 ], [ -122.563294839228007, 48.168453910797098, 0.0 ], [ -122.564125875935005, 48.166748311619003, 0.0 ], [ -122.565047840662004, 48.165063761431803, 0.0 ], [ -122.566059537409004, 48.163402426235699, 0.0 ], [ -122.567159655176994, 48.161766447031098, 0.0 ], [ -122.568346767964997, 48.160157929818098, 0.0 ], [ -122.569619341774995, 48.158578944596997, 0.0 ], [ -122.570975729604996, 48.1570315243682, 0.0 ], [ -122.572414178458004, 48.1555176601318, 0.0 ], [ -122.573932830331998, 48.1540393008883, 0.0 ], [ -122.575529722227998, 48.152598348637902, 0.0 ], [ -122.577202796145997, 48.151196657381, 0.0 ], [ -122.578949890085994, 48.1498360311178, 0.0 ], [ -122.580768753048005, 48.148518219848803, 0.0 ], [ -122.582657039032, 48.147244919574298, 0.0 ], [ -122.584612313039003, 48.146017767294502, 0.0 ], [ -122.586632057067007, 48.144838342010097, 0.0 ], [ -122.588713668118004, 48.143708159721101, 0.0 ], [ -122.590854466191004, 48.142628675428099, 0.0 ], [ -122.593051693286, 48.141601276131397, 0.0 ], [ -122.595302521402999, 48.1406272838313, 0.0 ], [ -122.597604054542003, 48.1397079495284, 0.0 ], [ -122.599953328702, 48.138844457222902, 0.0 ], [ -122.602347322884, 48.138037914915301, 0.0 ], [ -122.604782956085998, 48.137289361605902, 0.0 ], [ -122.607257096308999, 48.136599758295098, 0.0 ], [ -122.609766562553006, 48.135969991983401, 0.0 ], [ -122.612308125816995, 48.135400872671198, 0.0 ], [ -122.614878519100998, 48.134893130358698, 0.0 ], [ -122.617474437404994, 48.134447419046602, 0.0 ], [ -122.620092543726997, 48.134064311735102, 0.0 ], [ -122.622729473069001, 48.133744300424603, 0.0 ], [ -122.625381835428001, 48.133487796115602, 0.0 ], [ -122.628046221806002, 48.133295128808399, 0.0 ], [ -122.630719207200002, 48.133166546503503, 0.0 ], [ -122.633397356611994, 48.133102213201198, 0.0 ] ] ] } },
{ "type": "Feature", "properties": { "OBJECTID": 72, "GLOBAL_ID": "827D738E-00B2-4AF1-A277-1EB808F75FF5", "NAME": "CHINOOK A MOA", "TYPE_CODE": "MOA", "CLASS": null, "UPPER_DESC": "TI", "UPPER_VAL": "5000", "UPPER_UOM": "FT", "UPPER_CODE": "MSL", "LOWER_DESC": null, "LOWER_VAL": "300", "LOWER_UOM": "FT", "LOWER_CODE": "MSL", "LEVEL_CODE": "L", "CITY": null, "STATE": "WA", "COUNTRY": "UNITED STATES", "CONT_AGENT": "U. S. NAVY, WHIDBEY ISLAND NAVAL AIR STATION APPROACH CONTROL", "COMM_NAME": null, "SECTOR": null, "ONSHORE": "1", "EXCLUSION": "0", "TIMESOFUSE": "INTERMITTENT BY NOTAM 2 HOURS IN ADVANCE, SUNRISE - SUNSET", "GMTOFFSET": "-8", "DST_CODE": "1", "REMARKS": null, "AK_LOW": 1, "AK_HIGH": 0, "US_LOW": 1, "US_HIGH": 0, "US_AREA": 0, "PACIFIC": 0, "Shape__Area": 0.011332062471865356, "Shape__Length": 0.5568920346834747 }, "geometry": { "type": "Polygon", "coordinates": [ [ [ -122.634737227979002, 47.870561152863402, 0.0 ], [ -122.659487231916003, 47.8705611501208, 0.0 ], [ -122.659487288622003, 48.100366716657, 0.0 ], [ -122.609987280289999, 48.0986167220928, 0.0 ], [ -122.609987224037994, 47.8705611556055, 0.0 ], [ -122.634737227979002, 47.870561152863402, 0.0 ] ] ] } },
{ "type": "Feature", "properties": { "OBJECTID": 73, "GLOBAL_ID": "4E21A161-BD47-485C-BCEF-4BFCC2F4F26A", "NAME": "CHINOOK B MOA", "TYPE_CODE": "MOA", "CLASS": null, "UPPER_DESC": "TI", "UPPER_VAL": "5000", "UPPER_UOM": "FT", "UPPER_CODE": "MSL", "LOWER_DESC": null, "LOWER_VAL": "300", "LOWER_UOM": "FT", "LOWER_CODE": "MSL", "LEVEL_CODE": "L", "CITY": null, "STATE": "WA", "COUNTRY": "UNITED STATES", "CONT_AGENT": "U. S. NAVY, WHIDBEY ISLAND NAVAL AIR STATION APPROACH CONTROL", "COMM_NAME": null, "SECTOR": null, "ONSHORE": "1", "EXCLUSION": "0", "TIMESOFUSE": "INTERMITTENT BY NOTAM 2 HOURS IN ADVANCE, SUNRISE - SUNSET", "GMTOFFSET": "-8", "DST_CODE": "1", "REMARKS": null, "AK_LOW": 1, "AK_HIGH": 0, "US_LOW": 1, "US_HIGH": 0, "US_AREA": 0, "PACIFIC": 0, "Shape__Area": 0.013881924255656486, "Shape__Length": 0.87543474287465894 }, "geometry": { "type": "Polygon", "coordinates": [ [ [ -122.684431751139002, 48.154700049571602, 0.0 ], [ -122.686820631789999, 48.119700047567498, 0.0 ], [ -123.084931830249005, 48.217422230752298, 0.0 ], [ -123.076404054842996, 48.233061121461297, 0.0 ], [ -123.06787627944, 48.2487000111703, 0.0 ], [ -122.684431751139002, 48.154700049571602, 0.0 ] ] ] } },
{ "type": "Feature", "properties": { "OBJECTID": 207, "GLOBAL_ID": "9A14EEA5-69E6-40D0-B4BF-049B5A9E6BEB", "NAME": "OKANOGAN A MOA", "TYPE_CODE": "MOA", "CLASS": null, "UPPER_DESC": "TNI", "UPPER_VAL": "180", "UPPER_UOM": "FL", "UPPER_CODE": "STD", "LOWER_DESC": null, "LOWER_VAL": "9000", "LOWER_UOM": "FT", "LOWER_CODE": "MSL", "LEVEL_CODE": "L", "CITY": null, "STATE": "WA", "COUNTRY": "UNITED STATES", "CONT_AGENT": "FAA, SEATTLE ARTCC", "COMM_NAME": null, "SECTOR": null, "ONSHORE": "1", "EXCLUSION": "0", "TIMESOFUSE": "INTERMITTENT BY NOTAM", "GMTOFFSET": "-8", "DST_CODE": "1", "REMARKS": null, "AK_LOW": 0, "AK_HIGH": 0, "US_LOW": 1, "US_HIGH": 0, "US_AREA": 0, "PACIFIC": 0, "Shape__Area": 1.0862337964499602, "Shape__Length": 4.4126709397498836 }, "geometry": { "type": "Polygon", "coordinates": [ [ [ -119.001125782330007, 49.000006063052403, 0.0 ], [ -119.001125547461996, 48.058339339004498, 0.0 ], [ -119.334458946005, 48.083339304321797, 0.0 ], [ -119.751125692624996, 48.108339260381598, 0.0 ], [ -120.459459156611999, 48.141394740643499, 0.0 ], [ -120.051125946618001, 48.911117051495197, 0.0 ], [ -120.037489580227003, 48.911117053024803, 0.0 ], [ -120.023853214835, 48.911117054554303, 0.0 ], [ -120.010216848441004, 48.911117056083597, 0.0 ], [ -119.996580483046998, 48.911117057612699, 0.0 ], [ -119.982944116650998, 48.911117059141702, 0.0 ], [ -119.969307750254998, 48.911117060670499, 0.0 ], [ -119.955671384856998, 48.911117062199096, 0.0 ], [ -119.942035018458995, 48.911117063727602, 0.0 ], [ -119.928398652059002, 48.911117065256001, 0.0 ], [ -119.914762286658998, 48.911117066784101, 0.0 ], [ -119.901125920257002, 48.911117068312102, 0.0 ], [ -119.887489553853996, 48.911117069840003, 0.0 ], [ -119.873853188450994, 48.911117071367599, 0.0 ], [ -119.860216822045999, 48.911117072895102, 0.0 ], [ -119.846580456639998, 48.911117074422499, 0.0 ], [ -119.832944090233994, 48.911117075949697, 0.0 ], [ -119.819307723826, 48.911117077476703, 0.0 ], [ -119.805671358417001, 48.911117079003503, 0.0 ], [ -119.792034992007999, 48.911117080530197, 0.0 ], [ -119.778398625597006, 48.911117082056798, 0.0 ], [ -119.764762260184995, 48.9111170835831, 0.0 ], [ -119.751125893771999, 48.911117085109296, 0.0 ], [ -119.751125916739994, 49.000005979151098, 0.0 ], [ -119.737685054357996, 49.000005980659097, 0.0 ], [ -119.724244191975004, 49.000005982167004, 0.0 ], [ -119.710803328591993, 49.000005983674697, 0.0 ], [ -119.697362466206997, 49.000005985182199, 0.0 ], [ -119.683921603821005, 49.000005986689601, 0.0 ], [ -119.670480741435, 49.000005988196897, 0.0 ], [ -119.657039879047005, 49.000005989703901, 0.0 ], [ -119.643599015659007, 49.000005991210799, 0.0 ], [ -119.630158153268994, 49.000005992717597, 0.0 ], [ -119.616717290878995, 49.000005994224203, 0.0 ], [ -119.603276428487007, 49.000005995730596, 0.0 ], [ -119.589835566093996, 49.000005997236798, 0.0 ], [ -119.576394702700995, 49.000005998742999, 0.0 ], [ -119.562953840305994, 49.000006000248902, 0.0 ], [ -119.549512977910993, 49.000006001754699, 0.0 ], [ -119.536072115514003, 49.000006003260303, 0.0 ], [ -119.522631252116994, 49.000006004765801, 0.0 ], [ -119.509190389718, 49.0000060062711, 0.0 ], [ -119.495749527319006, 49.0000060077762, 0.0 ], [ -119.482308664917994, 49.000006009281201, 0.0 ], [ -119.468867802516996, 49.000006010786002, 0.0 ], [ -119.455426939114005, 49.000006012290697, 0.0 ], [ -119.441986076711004, 49.0000060137952, 0.0 ], [ -119.428545214305998, 49.000006015299498, 0.0 ], [ -119.415104351900993, 49.000006016803702, 0.0 ], [ -119.401663489494993, 49.000006018307701, 0.0 ], [ -119.388222626087, 49.000006019811501, 0.0 ], [ -119.374781763678996, 49.000006021315201, 0.0 ], [ -119.361340901269003, 49.000006022818702, 0.0 ], [ -119.347900038858995, 49.000006024322097, 0.0 ], [ -119.334459175448004, 49.0000060258253, 0.0 ], [ -119.321125840055004, 49.000006027316303, 0.0 ], [ -119.307792504660995, 49.0000060288071, 0.0 ], [ -119.294459168266002, 49.000006030297797, 0.0 ], [ -119.281125832870003, 49.000006031788402, 0.0 ], [ -119.267792497472996, 49.000006033278702, 0.0 ], [ -119.254459161075005, 49.000006034769001, 0.0 ], [ -119.241125825675994, 49.000006036259002, 0.0 ], [ -119.227792490276002, 49.000006037748904, 0.0 ], [ -119.214459153874998, 49.000006039238599, 0.0 ], [ -119.201125818473002, 49.000006040728202, 0.0 ], [ -119.187792483070993, 49.000006042217599, 0.0 ], [ -119.174459146667004, 49.000006043706797, 0.0 ], [ -119.161125811261996, 49.000006045195903, 0.0 ], [ -119.147792475857003, 49.000006046684902, 0.0 ], [ -119.134459139450001, 49.000006048173603, 0.0 ], [ -119.121125804041995, 49.000006049662197, 0.0 ], [ -119.107792468634003, 49.000006051150699, 0.0 ], [ -119.094459132224003, 49.000006052639002, 0.0 ], [ -119.081125796814007, 49.000006054127098, 0.0 ], [ -119.067792461401993, 49.000006055615103, 0.0 ], [ -119.054459124990004, 49.000006057102802, 0.0 ], [ -119.041125789576, 49.0000060585905, 0.0 ], [ -119.027792454161997, 49.000006060078, 0.0 ], [ -119.014459117746995, 49.000006061565301, 0.0 ], [ -119.001125782330007, 49.000006063052403, 0.0 ] ] ] } },
{ "type": "Feature", "properties": { "OBJECTID": 245, "GLOBAL_ID": "04BDCD42-4702-49CF-BA72-7E69E2C8F705", "NAME": "ROOSEVELT A MOA", "TYPE_CODE": "MOA", "CLASS": null, "UPPER_DESC": "TNI", "UPPER_VAL": "180", "UPPER_UOM": "FL", "UPPER_CODE": "STD", "LOWER_DESC": null, "LOWER_VAL": "9000", "LOWER_UOM": "FT", "LOWER_CODE": "MSL", "LEVEL_CODE": "L", "CITY": null, "STATE": "WA", "COUNTRY": "UNITED STATES", "CONT_AGENT": "FAA, SEATTLE ARTCC", "COMM_NAME": null, "SECTOR": null, "ONSHORE": "1", "EXCLUSION": "0", "TIMESOFUSE": "INTERMITTENT BY NOTAM", "GMTOFFSET": "-8", "DST_CODE": "1", "REMARKS": null, "AK_LOW": 0, "AK_HIGH": 0, "US_LOW": 1, "US_HIGH": 0, "US_AREA": 0, "PACIFIC": 0, "Shape__Area": 1.3178819440681764, "Shape__Length": 5.6460615573769486 }, "geometry": { "type": "Polygon", "coordinates": [ [ [ -118.242792141470005, 48.325006105131401, 0.0 ], [ -119.001125547461996, 48.058339339004498, 0.0 ], [ -119.001125782330007, 49.000006063052403, 0.0 ], [ -118.987540345867004, 49.000006064567501, 0.0 ], [ -118.973954909403005, 49.000006066082499, 0.0 ], [ -118.960369472937998, 49.000006067597198, 0.0 ], [ -118.946784035472007, 49.000006069111798, 0.0 ], [ -118.933198599004996, 49.000006070626299, 0.0 ], [ -118.919613162537004, 49.000006072140501, 0.0 ], [ -118.906027726068004, 49.000006073654603, 0.0 ], [ -118.892442289597994, 49.000006075168599, 0.0 ], [ -118.878856853127004, 49.000006076682297, 0.0 ], [ -118.865271415655002, 49.000006078195902, 0.0 ], [ -118.851685979181994, 49.000006079709301, 0.0 ], [ -118.838100542708005, 49.000006081222601, 0.0 ], [ -118.824515106231999, 49.000006082735702, 0.0 ], [ -118.810929669756007, 49.000006084248596, 0.0 ], [ -118.797344233279006, 49.000006085761299, 0.0 ], [ -118.783758795801006, 49.000006087273903, 0.0 ], [ -118.770173359322001, 49.0000060887863, 0.0 ], [ -118.756587922842002, 49.000006090298498, 0.0 ], [ -118.743002486360993, 49.000006091810597, 0.0 ], [ -118.729417049879004, 49.000006093322497, 0.0 ], [ -118.715831612396002, 49.000006094834198, 0.0 ], [ -118.702246175911995, 49.0000060963458, 0.0 ], [ -118.688660739425998, 49.000006097857202, 0.0 ], [ -118.675075302940002, 49.000006099368399, 0.0 ], [ -118.661489866452996, 49.000006100879403, 0.0 ], [ -118.647904429964996, 49.000006102390302, 0.0 ], [ -118.634318992475997, 49.000006103901001, 0.0 ], [ -118.620733555986007, 49.0000061054116, 0.0 ], [ -118.607148119494994, 49.000006106921902, 0.0 ], [ -118.593562683002006, 49.000006108432103, 0.0 ], [ -118.579977246509003, 49.000006109942198, 0.0 ], [ -118.566391810015006, 49.000006111452002, 0.0 ], [ -118.552806372519996, 49.0000061129617, 0.0 ], [ -118.539220936023995, 49.000006114471198, 0.0 ], [ -118.525635499526999, 49.000006115980597, 0.0 ], [ -118.512050063028994, 49.000006117489697, 0.0 ], [ -118.498464626529, 49.000006118998698, 0.0 ], [ -118.484879190029005, 49.000006120507599, 0.0 ], [ -118.471293752527998, 49.000006122016202, 0.0 ], [ -118.457708316026, 49.000006123524699, 0.0 ], [ -118.444122879522993, 49.000006125033003, 0.0 ], [ -118.430537443019006, 49.000006126541201, 0.0 ], [ -118.416952006513995, 49.000006128049101, 0.0 ], [ -118.403366569007005, 49.000006129557001, 0.0 ], [ -118.389781132500005, 49.000006131064602, 0.0 ], [ -118.376195695991996, 49.000006132571997, 0.0 ], [ -118.362610259483006, 49.0000061340793, 0.0 ], [ -118.349024822973007, 49.000006135586403, 0.0 ], [ -118.335439386461999, 49.000006137093401, 0.0 ], [ -118.321853948949993, 49.000006138600199, 0.0 ], [ -118.308268512436001, 49.000006140106798, 0.0 ], [ -118.294683075921995, 49.000006141613198, 0.0 ], [ -118.281097639406994, 49.0000061431194, 0.0 ], [ -118.267512202890998, 49.000006144625502, 0.0 ], [ -118.253926766373993, 49.000006146131398, 0.0 ], [ -118.240341328856005, 49.000006147637201, 0.0 ], [ -118.226755892336996, 49.000006149142699, 0.0 ], [ -118.213170455815998, 49.000006150648098, 0.0 ], [ -118.199585019295, 49.000006152153297, 0.0 ], [ -118.185999582772993, 49.000006153658397, 0.0 ], [ -118.172414146250006, 49.000006155163298, 0.0 ], [ -118.158828708726006, 49.000006156668, 0.0 ], [ -118.145243272201, 49.000006158172503, 0.0 ], [ -118.131657835675, 49.000006159676801, 0.0 ], [ -118.118072399148005, 49.000006161180998, 0.0 ], [ -118.104486962619006, 49.000006162684997, 0.0 ], [ -118.090901525090004, 49.000006164188797, 0.0 ], [ -118.077316088559996, 49.000006165692497, 0.0 ], [ -118.063730652028994, 49.000006167195998, 0.0 ], [ -118.050145215496997, 49.000006168699301, 0.0 ], [ -118.036559778964005, 49.000006170202397, 0.0 ], [ -118.022974342430004, 49.000006171705401, 0.0 ], [ -118.009388904895005, 49.000006173208199, 0.0 ], [ -117.995803468359, 49.000006174710798, 0.0 ], [ -117.982218031822001, 49.000006176213297, 0.0 ], [ -117.968632595284006, 49.000006177715498, 0.0 ], [ -117.955047158743994, 49.0000061792176, 0.0 ], [ -117.941461722203996, 49.000006180719502, 0.0 ], [ -117.927876284663, 49.000006182221298, 0.0 ], [ -117.914290848120999, 49.000006183722803, 0.0 ], [ -117.900705411578002, 49.000006185224201, 0.0 ], [ -117.887119975033997, 49.0000061867254, 0.0 ], [ -117.873534538488997, 49.0000061882265, 0.0 ], [ -117.859949101943002, 49.000006189727401, 0.0 ], [ -117.846363664395994, 49.000006191228103, 0.0 ], [ -117.832778227847996, 49.000006192728598, 0.0 ], [ -117.819192791299002, 49.000006194228902, 0.0 ], [ -117.805607354749, 49.0000061957291, 0.0 ], [ -117.792021918198003, 49.000006197229098, 0.0 ], [ -117.778436480645993, 49.000006198728897, 0.0 ], [ -117.764851044093007, 49.000006200228498, 0.0 ], [ -117.751265607538997, 49.000006201727999, 0.0 ], [ -117.737680170984007, 49.000006203227301, 0.0 ], [ -117.724094734427993, 49.000006204726397, 0.0 ], [ -117.710509297870999, 49.000006206225301, 0.0 ], [ -117.696923860313007, 49.000006207724098, 0.0 ], [ -117.683338423753995, 49.000006209222697, 0.0 ], [ -117.669752987194002, 49.000006210721097, 0.0 ], [ -117.656167550633, 49.000006212219297, 0.0 ], [ -117.642582114071004, 49.000006213717398, 0.0 ], [ -117.628996677508994, 49.000006215215301, 0.0 ], [ -117.615411239945004, 49.000006216712997, 0.0 ], [ -117.601825803379995, 49.000006218210501, 0.0 ], [ -117.588240366814006, 49.000006219707899, 0.0 ], [ -117.574654930246993, 49.000006221204998, 0.0 ], [ -117.561069493679, 49.000006222701998, 0.0 ], [ -117.547484057109997, 49.000006224198799, 0.0 ], [ -117.533898619539997, 49.0000062256955, 0.0 ], [ -117.52031318297, 49.000006227192003, 0.0 ], [ -117.506727746397999, 49.0000062286882, 0.0 ], [ -117.493142309825004, 49.000006230184397, 0.0 ], [ -117.479556873250999, 49.000006231680302, 0.0 ], [ -117.465971435675996, 49.000006233176101, 0.0 ], [ -117.452385999100002, 49.000006234671602, 0.0 ], [ -117.438800562523994, 49.000006236167003, 0.0 ], [ -117.425215125945996, 49.000006237662298, 0.0 ], [ -117.411629689367004, 49.000006239157301, 0.0 ], [ -117.398044252787003, 49.000006240652198, 0.0 ], [ -117.384458815206997, 49.000006242146902, 0.0 ], [ -117.370892921628993, 49.000006243639199, 0.0 ], [ -117.357327027050005, 49.000006245131402, 0.0 ], [ -117.343761133469997, 49.0000062466234, 0.0 ], [ -117.330195239888994, 49.000006248115298, 0.0 ], [ -117.316629345307007, 49.000006249606898, 0.0 ], [ -117.303063451724, 49.000006251098398, 0.0 ], [ -117.289497557139995, 49.000006252589699, 0.0 ], [ -117.275931663554999, 49.000006254080802, 0.0 ], [ -117.262365768969005, 49.000006255571698, 0.0 ], [ -117.248799875382005, 49.000006257062502, 0.0 ], [ -117.235233980794007, 49.0000062585531, 0.0 ], [ -117.221668087205003, 49.000006260043499, 0.0 ], [ -117.208102192615996, 49.000006261533699, 0.0 ], [ -117.194536299025003, 49.0000062630237, 0.0 ], [ -117.180970404432998, 49.000006264513601, 0.0 ], [ -117.167404510840001, 49.000006266003297, 0.0 ], [ -117.153838616246006, 49.0000062674928, 0.0 ], [ -117.140272722652, 49.000006268982197, 0.0 ], [ -117.126706828056001, 49.000006270471303, 0.0 ], [ -117.113140934458997, 49.000006271960302, 0.0 ], [ -117.099575040860998, 49.000006273449102, 0.0 ], [ -117.086009146262995, 49.000006274937697, 0.0 ], [ -117.072443252663007, 49.000006276426099, 0.0 ], [ -117.058877358062006, 49.000006277914402, 0.0 ], [ -117.045311464460994, 49.000006279402498, 0.0 ], [ -117.031745569858003, 49.000006280890403, 0.0 ], [ -117.018179676253993, 49.000006282378102, 0.0 ], [ -117.004613781649994, 49.000006283865602, 0.0 ], [ -116.991047888043994, 49.000006285353003, 0.0 ], [ -116.977481993438005, 49.000006286840197, 0.0 ], [ -116.963916099830001, 49.000006288327199, 0.0 ], [ -116.950350205221994, 49.000006289814003, 0.0 ], [ -116.936784311612001, 49.0000062913006, 0.0 ], [ -116.923218417002005, 49.000006292787099, 0.0 ], [ -116.909652523389994, 49.000006294273398, 0.0 ], [ -116.896086628777994, 49.000006295759498, 0.0 ], [ -116.882520735163993, 49.000006297245399, 0.0 ], [ -116.868954840550003, 49.000006298731101, 0.0 ], [ -116.855388946934994, 49.000006300216697, 0.0 ], [ -116.841823053317995, 49.000006301702001, 0.0 ], [ -116.828257158701007, 49.000006303187199, 0.0 ], [ -116.814691265082999, 49.000006304672198, 0.0 ], [ -116.801125370462998, 49.000006306157097, 0.0 ], [ -117.467792007425999, 48.366672858830398, 0.0 ], [ -117.481267186961006, 48.366672857373899, 0.0 ], [ -117.494742366495004, 48.366672855917102, 0.0 ], [ -117.508217547029005, 48.366672854460198, 0.0 ], [ -117.521692726561, 48.366672853003102, 0.0 ], [ -117.535167906092994, 48.3666728515458, 0.0 ], [ -117.548643086623002, 48.366672850088399, 0.0 ], [ -117.562118266151998, 48.366672848630799, 0.0 ], [ -117.575593445680994, 48.366672847173, 0.0 ], [ -117.589068626208999, 48.366672845715101, 0.0 ], [ -117.602543805734996, 48.366672844257003, 0.0 ], [ -117.616018985260993, 48.3666728427987, 0.0 ], [ -117.629494164785996, 48.366672841340197, 0.0 ], [ -117.642969345308998, 48.366672839881602, 0.0 ], [ -117.656444524831997, 48.366672838422801, 0.0 ], [ -117.669919704354001, 48.3666728369639, 0.0 ], [ -117.683394884875, 48.366672835504801, 0.0 ], [ -117.696870064394005, 48.366672834045502, 0.0 ], [ -117.710345243912997, 48.366672832585998, 0.0 ], [ -117.723820424430997, 48.366672831126401, 0.0 ], [ -117.737295603947999, 48.366672829666598, 0.0 ], [ -117.750770783464006, 48.366672828206603, 0.0 ], [ -117.764245962979004, 48.366672826746502, 0.0 ], [ -117.777721143492997, 48.366672825286102, 0.0 ], [ -117.791196323006005, 48.366672823825702, 0.0 ], [ -117.804671502518005, 48.366672822364997, 0.0 ], [ -117.818146683028999, 48.366672820904199, 0.0 ], [ -117.831621862540004, 48.366672819443203, 0.0 ], [ -117.845097042049005, 48.366672817982099, 0.0 ], [ -117.858572222557001, 48.366672816520797, 0.0 ], [ -117.872047402063998, 48.366672815059303, 0.0 ], [ -117.885522581570001, 48.366672813597603, 0.0 ], [ -117.898997762075993, 48.366672812135803, 0.0 ], [ -117.912472941580006, 48.366672810673798, 0.0 ], [ -117.925948121084005, 48.3666728092117, 0.0 ], [ -117.939423300586, 48.366672807749403, 0.0 ], [ -117.952898481087004, 48.3666728062869, 0.0 ], [ -117.966373660588005, 48.366672804824198, 0.0 ], [ -117.979848840087001, 48.366672803361404, 0.0 ], [ -117.993324020586002, 48.366672801898403, 0.0 ], [ -118.006799200082995, 48.366672800435197, 0.0 ], [ -118.020274379580002, 48.366672798971898, 0.0 ], [ -118.033749560076004, 48.3666727975084, 0.0 ], [ -118.047224739569998, 48.366672796044803, 0.0 ], [ -118.060699919064007, 48.3666727945809, 0.0 ], [ -118.074175099556001, 48.366672793116997, 0.0 ], [ -118.087650279048006, 48.366672791652803, 0.0 ], [ -118.101125458539002, 48.366672790188503, 0.0 ], [ -118.242792141470005, 48.325006105131401, 0.0 ] ] ] } },
{ "type": "Feature", "properties": { "OBJECTID": 320, "GLOBAL_ID": "8720FAB6-C420-4133-A889-C67A567F1E3B", "NAME": "P-51", "TYPE_CODE": "P", "CLASS": null, "UPPER_DESC": "TNI", "UPPER_VAL": "2500", "UPPER_UOM": "FT", "UPPER_CODE": "MSL", "LOWER_DESC": null, "LOWER_VAL": "0", "LOWER_UOM": "FT", "LOWER_CODE": "SFC", "LEVEL_CODE": "L", "CITY": "BANGOR", "STATE": "WA", "COUNTRY": "UNITED STATES", "CONT_AGENT": null, "COMM_NAME": null, "SECTOR": null, "ONSHORE": "1", "EXCLUSION": "0", "TIMESOFUSE": "CONTINUOUS", "GMTOFFSET": "-8", "DST_CODE": "1", "REMARKS": null, "AK_LOW": 1, "AK_HIGH": 0, "US_LOW": 1, "US_HIGH": 0, "US_AREA": 0, "PACIFIC": 0, "Shape__Area": 0.0058242284653715615, "Shape__Length": 0.29947217908985346 }, "geometry": { "type": "Polygon", "coordinates": [ [ [ -122.690848305179998, 47.695005581739601, 0.0 ], [ -122.736403868262002, 47.6944500206885, 0.0 ], [ -122.769181658109005, 47.721950018467602, 0.0 ], [ -122.770015004195002, 47.775283355072297, 0.0 ], [ -122.691959435691004, 47.774727807672903, 0.0 ], [ -122.690848305179998, 47.695005581739601, 0.0 ] ] ] } },
{ "type": "Feature", "properties": { "OBJECTID": 642, "GLOBAL_ID": "52F0E645-7054-48DF-B3BF-654C78A5A3B9", "NAME": "R-6701", "TYPE_CODE": "R", "CLASS": null, "UPPER_DESC": "TI", "UPPER_VAL": "5000", "UPPER_UOM": "FT", "UPPER_CODE": "MSL", "LOWER_DESC": null, "LOWER_VAL": "0", "LOWER_UOM": "FT", "LOWER_CODE": "SFC", "LEVEL_CODE": "L", "CITY": "ADMIRALTY INLET", "STATE": "WA", "COUNTRY": "UNITED STATES", "CONT_AGENT": "WHIDBEY ISLAND NAS APPROACH CONTROL, WA", "COMM_NAME": null, "SECTOR": null, "ONSHORE": "1", "EXCLUSION": "0", "TIMESOFUSE": "INTERMITTENT BY NOTAM 2 HOURS IN ADVANCE", "GMTOFFSET": "-8", "DST_CODE": "1", "REMARKS": null, "AK_LOW": 1, "AK_HIGH": 0, "US_LOW": 1, "US_HIGH": 0, "US_AREA": 0, "PACIFIC": 0, "Shape__Area": 0.008887499986030889, "Shape__Length": 0.41882507697137311 }, "geometry": { "type": "Polygon", "coordinates": [ [ [ -122.581403959610995, 48.166394506670301, 0.0 ], [ -122.526403933165994, 48.095561176260901, 0.0 ], [ -122.688070627431003, 48.101394491517901, 0.0 ], [ -122.683626197932, 48.166394495241398, 0.0 ], [ -122.581403959610995, 48.166394506670301, 0.0 ] ] ] } },
{ "type": "Feature", "properties": { "OBJECTID": 643, "GLOBAL_ID": "3DC03B9D-168F-4D62-B3EF-307F3B1B9EA5", "NAME": "R-6703B", "TYPE_CODE": "R", "CLASS": null, "UPPER_DESC": "TI", "UPPER_VAL": "14000", "UPPER_UOM": "FT", "UPPER_CODE": "MSL", "LOWER_DESC": null, "LOWER_VAL": "0", "LOWER_UOM": "FT", "LOWER_CODE": "SFC", "LEVEL_CODE": "L", "CITY": "JOINT BASE LEWIS-MCCHORD", "STATE": "WA", "COUNTRY": "UNITED STATES", "CONT_AGENT": "FAA, SEATTLE TRACON", "COMM_NAME": null, "SECTOR": null, "ONSHORE": "1", "EXCLUSION": "0", "TIMESOFUSE": "0700 - 2300, MON - FRI; OTHER TIMES BY NOTAM 2 HOURS IN ADVANCE", "GMTOFFSET": "-8", "DST_CODE": "1", "REMARKS": null, "AK_LOW": 0, "AK_HIGH": 0, "US_LOW": 1, "US_HIGH": 0, "US_AREA": 0, "PACIFIC": 0, "Shape__Area": 0.00048028548781076097, "Shape__Length": 0.090539998547322725 }, "geometry": { "type": "Polygon", "coordinates": [ [ [ -122.607792578887, 47.025561111857897, 0.0 ], [ -122.614181468896007, 47.025561111168599, 0.0 ], [ -122.620014803458005, 47.028338887687497, 0.0 ], [ -122.625848138660999, 47.033894443354299, 0.0 ], [ -122.614181474925999, 47.0516722235609, 0.0 ], [ -122.596681472737998, 47.054172225583599, 0.0 ], [ -122.607792578887, 47.025561111857897, 0.0 ] ] ] } },
{ "type": "Feature", "properties": { "OBJECTID": 644, "GLOBAL_ID": "BAA625C4-D99B-41C6-9E44-8F2931A09A87", "NAME": "R-6703C", "TYPE_CODE": "R", "CLASS": null, "UPPER_DESC": "TI", "UPPER_VAL": "14000", "UPPER_UOM": "FT", "UPPER_CODE": "MSL", "LOWER_DESC": null, "LOWER_VAL": "0", "LOWER_UOM": "FT", "LOWER_CODE": "SFC", "LEVEL_CODE": "L", "CITY": "JOINT BASE LEWIS-MCCHORD", "STATE": "WA", "COUNTRY": "UNITED STATES", "CONT_AGENT": "FAA, SEATTLE TRACON", "COMM_NAME": null, "SECTOR": null, "ONSHORE": "1", "EXCLUSION": "0", "TIMESOFUSE": "0700 - 2300, MON - FRI; OTHER TIMES BY NOTAM 2 HOURS IN ADVANCE", "GMTOFFSET": "-8", "DST_CODE": "1", "REMARKS": null, "AK_LOW": 0, "AK_HIGH": 0, "US_LOW": 1, "US_HIGH": 0, "US_AREA": 0, "PACIFIC": 0, "Shape__Area": 0.0016504278523825633, "Shape__Length": 0.1864108258040556 }, "geometry": { "type": "Polygon", "coordinates": [ [ [ -122.671403703066005, 47.039172216717802, 0.0 ], [ -122.660292590186003, 47.038616661887801, 0.0 ], [ -122.653903700179001, 47.038616662577503, 0.0 ], [ -122.648070365937997, 47.037227774133299, 0.0 ], [ -122.642514808548, 47.035005552614699, 0.0 ], [ -122.625848138660999, 47.033894443354299, 0.0 ], [ -122.620014803458005, 47.028338887687497, 0.0 ], [ -122.614181468896007, 47.025561111168599, 0.0 ], [ -122.607792578887, 47.025561111857897, 0.0 ], [ -122.621959238610998, 46.988616663357099, 0.0 ], [ -122.632237017977005, 46.987505551190203, 0.0 ], [ -122.631809240188005, 46.9887138843009, 0.0 ], [ -122.633475909561, 46.997880551610699, 0.0 ], [ -122.637364799558, 46.999547218280398, 0.0 ], [ -122.645698135025, 47.0045472176487, 0.0 ], [ -122.649737025663995, 47.008894439444802, 0.0 ], [ -122.651125915842997, 47.013061106517, 0.0 ], [ -122.655570362183994, 47.015838883185602, 0.0 ], [ -122.657237029279997, 47.019449994197998, 0.0 ], [ -122.662514808880999, 47.022783327805897, 0.0 ], [ -122.663625921339005, 47.028338882981501, 0.0 ], [ -122.666403700930999, 47.033338882947497, 0.0 ], [ -122.671403703066005, 47.039172216717802, 0.0 ] ] ] } },
{ "type": "Feature", "properties": { "OBJECTID": 645, "GLOBAL_ID": "435B0A79-6B00-4A2C-8D04-CCF9C2E57434", "NAME": "R-6703E", "TYPE_CODE": "R", "CLASS": null, "UPPER_DESC": "TI", "UPPER_VAL": "14000", "UPPER_UOM": "FT", "UPPER_CODE": "MSL", "LOWER_DESC": null, "LOWER_VAL": "0", "LOWER_UOM": "FT", "LOWER_CODE": "SFC", "LEVEL_CODE": "L", "CITY": "JOINT BASE LEWIS-MCCHORD", "STATE": "WA", "COUNTRY": "UNITED STATES", "CONT_AGENT": "FAA, SEATTLE TRACON", "COMM_NAME": null, "SECTOR": null, "ONSHORE": "1", "EXCLUSION": "0", "TIMESOFUSE": "0700 - 2300, MON - FRI; OTHER TIMES BY NOTAM 2 HOURS IN ADVANCE", "GMTOFFSET": "-8", "DST_CODE": "1", "REMARKS": null, "AK_LOW": 0, "AK_HIGH": 0, "US_LOW": 1, "US_HIGH": 0, "US_AREA": 0, "PACIFIC": 0, "Shape__Area": 0.0030091821136011276, "Shape__Length": 0.23689474753459511 }, "geometry": { "type": "Polygon", "coordinates": [ [ [ -122.691403676381, 46.909449984650301, 0.0 ], [ -122.726681458846002, 46.904727758604501, 0.0 ], [ -122.742792575812999, 46.919727757670898, 0.0 ], [ -122.728348136256002, 46.953338872014598, 0.0 ], [ -122.647514790469003, 46.953061103703902, 0.0 ], [ -122.691403676381, 46.909449984650301, 0.0 ] ] ] } },
{ "type": "Feature", "properties": { "OBJECTID": 646, "GLOBAL_ID": "87D885B9-AA6F-4A04-94EB-59926921EED3", "NAME": "R-6703F", "TYPE_CODE": "R", "CLASS": null, "UPPER_DESC": "TI", "UPPER_VAL": "5000", "UPPER_UOM": "FT", "UPPER_CODE": "MSL", "LOWER_DESC": null, "LOWER_VAL": "0", "LOWER_UOM": "FT", "LOWER_CODE": "SFC", "LEVEL_CODE": "L", "CITY": "JOINT BASE LEWIS-MCCHORD", "STATE": "WA", "COUNTRY": "UNITED STATES", "CONT_AGENT": "FAA, SEATTLE TRACON", "COMM_NAME": null, "SECTOR": null, "ONSHORE": "1", "EXCLUSION": "0", "TIMESOFUSE": "0700 - 2300, MON - FRI; OTHER TIMES BY NOTAM 2 HOURS IN ADVANCE", "GMTOFFSET": "-8", "DST_CODE": "1", "REMARKS": null, "AK_LOW": 0, "AK_HIGH": 0, "US_LOW": 1, "US_HIGH": 0, "US_AREA": 0, "PACIFIC": 0, "Shape__Area": 0.00077256944950931938, "Shape__Length": 0.12665897713997792 }, "geometry": { "type": "Polygon", "coordinates": [ [ [ -122.601403688877994, 47.025561112547003, 0.0 ], [ -122.607792578887, 47.025561111857897, 0.0 ], [ -122.5944592508, 47.0602833371494, 0.0 ], [ -122.561125909317994, 47.046394451006002, 0.0 ], [ -122.568348132203994, 47.045283339167298, 0.0 ], [ -122.572792576816994, 47.0405611164352, 0.0 ], [ -122.577237020365004, 47.035561115688402, 0.0 ], [ -122.581125909595997, 47.033894448179801, 0.0 ], [ -122.584737020846006, 47.032505558715897, 0.0 ], [ -122.593625909969006, 47.0269500014602, 0.0 ], [ -122.601403688877994, 47.025561112547003, 0.0 ] ] ] } },
{ "type": "Feature", "properties": { "OBJECTID": 647, "GLOBAL_ID": "5B3A57CA-5747-41BE-95C7-5F6C14202749", "NAME": "R-6703G", "TYPE_CODE": "R", "CLASS": null, "UPPER_DESC": "TI", "UPPER_VAL": "5000", "UPPER_UOM": "FT", "UPPER_CODE": "MSL", "LOWER_DESC": null, "LOWER_VAL": "0", "LOWER_UOM": "FT", "LOWER_CODE": "SFC", "LEVEL_CODE": "L", "CITY": "JOINT BASE LEWIS-MCCHORD", "STATE": "WA", "COUNTRY": "UNITED STATES", "CONT_AGENT": "FAA, SEATTLE TRACON", "COMM_NAME": null, "SECTOR": null, "ONSHORE": "1", "EXCLUSION": "0", "TIMESOFUSE": "0700 - 2300, MON - FRI; OTHER TIMES BY NOTAM 2 HOURS IN ADVANCE", "GMTOFFSET": "-8", "DST_CODE": "1", "REMARKS": null, "AK_LOW": 0, "AK_HIGH": 0, "US_LOW": 1, "US_HIGH": 0, "US_AREA": 0, "PACIFIC": 0, "Shape__Area": 0.00066450618396629579, "Shape__Length": 0.11170271962288754 }, "geometry": { "type": "Polygon", "coordinates": [ [ [ -122.528348122281997, 47.029727786649097, 0.0 ], [ -122.528348121064994, 47.024450008365903, 0.0 ], [ -122.567237016283997, 47.024727782187497, 0.0 ], [ -122.572792576816994, 47.0405611164352, 0.0 ], [ -122.568348132203994, 47.045283339167298, 0.0 ], [ -122.561125909317994, 47.046394451006002, 0.0 ], [ -122.538625903576005, 47.036950007927899, 0.0 ], [ -122.528348122281997, 47.029727786649097, 0.0 ] ] ] } },
{ "type": "Feature", "properties": { "OBJECTID": 648, "GLOBAL_ID": "ACE0BCAA-8CDE-49D2-A0EC-E6011F55FB8A", "NAME": "R-6703H", "TYPE_CODE": "R", "CLASS": null, "UPPER_DESC": "TI", "UPPER_VAL": "5000", "UPPER_UOM": "FT", "UPPER_CODE": "MSL", "LOWER_DESC": null, "LOWER_VAL": "0", "LOWER_UOM": "FT", "LOWER_CODE": "SFC", "LEVEL_CODE": "L", "CITY": "JOINT BASE LEWIS-MCCHORD", "STATE": "WA", "COUNTRY": "UNITED STATES", "CONT_AGENT": "FAA, SEATTLE TRACON", "COMM_NAME": null, "SECTOR": null, "ONSHORE": "1", "EXCLUSION": "0", "TIMESOFUSE": "0700 - 2300, MON - FRI; OTHER TIMES BY NOTAM 2 HOURS IN ADVANCE", "GMTOFFSET": "-8", "DST_CODE": "1", "REMARKS": null, "AK_LOW": 0, "AK_HIGH": 0, "US_LOW": 1, "US_HIGH": 0, "US_AREA": 0, "PACIFIC": 0, "Shape__Area": 0.0010104938269250852, "Shape__Length": 0.1394919837909894 }, "geometry": { "type": "Polygon", "coordinates": [ [ [ -122.607514792394994, 46.988894442928398, 0.0 ], [ -122.621959238610998, 46.988616663357099, 0.0 ], [ -122.607792578887, 47.025561111857897, 0.0 ], [ -122.601403688877994, 47.025561112547003, 0.0 ], [ -122.593625909969006, 47.0269500014602, 0.0 ], [ -122.584737020846006, 47.032505558715897, 0.0 ], [ -122.581125909595997, 47.033894448179801, 0.0 ], [ -122.581125904662997, 47.012505558035798, 0.0 ], [ -122.594181459783002, 46.999727777944798, 0.0 ], [ -122.607514792394994, 46.988894442928398, 0.0 ] ] ] } },
{ "type": "Feature", "properties": { "OBJECTID": 649, "GLOBAL_ID": "7C79B0F2-437E-4F49-B302-A841A0BC42BB", "NAME": "R-6703I", "TYPE_CODE": "R", "CLASS": null, "UPPER_DESC": "TI", "UPPER_VAL": "5000", "UPPER_UOM": "FT", "UPPER_CODE": "MSL", "LOWER_DESC": null, "LOWER_VAL": "0", "LOWER_UOM": "FT", "LOWER_CODE": "SFC", "LEVEL_CODE": "L", "CITY": "JOINT BASE LEWIS-MCCHORD", "STATE": "WA", "COUNTRY": "UNITED STATES", "CONT_AGENT": "FAA, SEATTLE TRACON", "COMM_NAME": null, "SECTOR": null, "ONSHORE": "1", "EXCLUSION": "0", "TIMESOFUSE": "0700 - 2300, MON - FRI; OTHER TIMES BY NOTAM 2 HOURS IN ADVANCE", "GMTOFFSET": "-8", "DST_CODE": "1", "REMARKS": null, "AK_LOW": 0, "AK_HIGH": 0, "US_LOW": 1, "US_HIGH": 0, "US_AREA": 0, "PACIFIC": 0, "Shape__Area": 0.00099949843342983513, "Shape__Length": 0.18417975792022714 }, "geometry": { "type": "Polygon", "coordinates": [ [ [ -122.555570344597001, 47.008061116552497, 0.0 ], [ -122.594181459783002, 46.999727777944798, 0.0 ], [ -122.581125904662997, 47.012505558035798, 0.0 ], [ -122.581125909595997, 47.033894448179801, 0.0 ], [ -122.577237020365004, 47.035561115688402, 0.0 ], [ -122.572792576816994, 47.0405611164352, 0.0 ], [ -122.567237016283997, 47.024727782187497, 0.0 ], [ -122.528348121064994, 47.024450008365903, 0.0 ], [ -122.528070342164, 47.016394452963503, 0.0 ], [ -122.554459233188993, 47.011394449850897, 0.0 ], [ -122.555570344597001, 47.008061116552497, 0.0 ] ] ] } },
{ "type": "Feature", "properties": { "OBJECTID": 650, "GLOBAL_ID": "604E9E31-C68E-4575-8275-951CF0977A89", "NAME": "R-6703J", "TYPE_CODE": "R", "CLASS": null, "UPPER_DESC": "TI", "UPPER_VAL": "5000", "UPPER_UOM": "FT", "UPPER_CODE": "MSL", "LOWER_DESC": null, "LOWER_VAL": "0", "LOWER_UOM": "FT", "LOWER_CODE": "SFC", "LEVEL_CODE": "L", "CITY": "JOINT BASE LEWIS-MCCHORD", "STATE": "WA", "COUNTRY": "UNITED STATES", "CONT_AGENT": "FAA, SEATTLE TRACON", "COMM_NAME": null, "SECTOR": null, "ONSHORE": "1", "EXCLUSION": "0", "TIMESOFUSE": "0700 - 2300, MON - FRI; OTHER TIMES BY NOTAM 2 HOURS IN ADVANCE", "GMTOFFSET": "-8", "DST_CODE": "1", "REMARKS": null, "AK_LOW": 0, "AK_HIGH": 0, "US_LOW": 1, "US_HIGH": 0, "US_AREA": 0, "PACIFIC": 0, "Shape__Area": 0.00012542437752927071, "Shape__Length": 0.061087108125641436 }, "geometry": { "type": "Polygon", "coordinates": [ [ [ -122.607514792394994, 46.988894442928398, 0.0 ], [ -122.628903680682001, 46.9711166616733, 0.0 ], [ -122.621959238610998, 46.988616663357099, 0.0 ], [ -122.607514792394994, 46.988894442928398, 0.0 ] ] ] } },
{ "type": "Feature", "properties": { "OBJECTID": 651, "GLOBAL_ID": "2EDAF4B6-90BB-442B-AEA7-928439B75380", "NAME": "R-6714C", "TYPE_CODE": "R", "CLASS": null, "UPPER_DESC": "TNI", "UPPER_VAL": "29000", "UPPER_UOM": "FT", "UPPER_CODE": "MSL", "LOWER_DESC": null, "LOWER_VAL": "0", "LOWER_UOM": "FT", "LOWER_CODE": "SFC", "LEVEL_CODE": "B", "CITY": "YAKIMA", "STATE": "WA", "COUNTRY": "UNITED STATES", "CONT_AGENT": "FAA, SEATTLE ARTCC", "COMM_NAME": null, "SECTOR": null, "ONSHORE": "1", "EXCLUSION": "0", "TIMESOFUSE": "INTERMITTENT BY NOTAM", "GMTOFFSET": "-8", "DST_CODE": "1", "REMARKS": null, "AK_LOW": 0, "AK_HIGH": 1, "US_LOW": 1, "US_HIGH": 1, "US_AREA": 0, "PACIFIC": 0, "Shape__Area": 0.011879050983679917, "Shape__Length": 0.89077606782484919 }, "geometry": { "type": "Polygon", "coordinates": [ [ [ -119.917792027814997, 46.547228035020098, 0.0 ], [ -120.073625387513005, 46.547228018772302, 0.0 ], [ -120.340569893414994, 46.617505773294901, 0.0 ], [ -120.340569896296998, 46.630561330110403, 0.0 ], [ -120.047236502166996, 46.584450245894402, 0.0 ], [ -119.917792031770006, 46.565283592177998, 0.0 ], [ -119.917792027814997, 46.547228035020098, 0.0 ] ] ] } },
{ "type": "Feature", "properties": { "OBJECTID": 652, "GLOBAL_ID": "EC6B166F-4138-49C9-BCD2-32243F395FEE", "NAME": "R-6714D", "TYPE_CODE": "R", "CLASS": null, "UPPER_DESC": "TNI", "UPPER_VAL": "29000", "UPPER_UOM": "FT", "UPPER_CODE": "MSL", "LOWER_DESC": null, "LOWER_VAL": "0", "LOWER_UOM": "FT", "LOWER_CODE": "SFC", "LEVEL_CODE": "B", "CITY": "YAKIMA", "STATE": "WA", "COUNTRY": "UNITED STATES", "CONT_AGENT": "FAA, SEATTLE ARTCC", "COMM_NAME": null, "SECTOR": null, "ONSHORE": "1", "EXCLUSION": "0", "TIMESOFUSE": "INTERMITTENT BY NOTAM", "GMTOFFSET": "-8", "DST_CODE": "1", "REMARKS": null, "AK_LOW": 0, "AK_HIGH": 1, "US_LOW": 1, "US_HIGH": 1, "US_AREA": 0, "PACIFIC": 0, "Shape__Area": 0.0015136959964365815, "Shape__Length": 0.19730641396040938 }, "geometry": { "type": "Polygon", "coordinates": [ [ [ -120.370292127572995, 46.649727994189, 0.0 ], [ -120.395847686902997, 46.649727991507802, 0.0 ], [ -120.444181034929002, 46.676116877071202, 0.0 ], [ -120.436681040134005, 46.7052835466651, 0.0 ], [ -120.370292127572995, 46.649727994189, 0.0 ] ] ] } },
{ "type": "Feature", "properties": { "OBJECTID": 653, "GLOBAL_ID": "98610880-1C8A-4EDE-A9F7-930C85DC5E5A", "NAME": "R-6714G", "TYPE_CODE": "R", "CLASS": null, "UPPER_DESC": "TNI", "UPPER_VAL": "29000", "UPPER_UOM": "FT", "UPPER_CODE": "MSL", "LOWER_DESC": null, "LOWER_VAL": "0", "LOWER_UOM": "FT", "LOWER_CODE": "SFC", "LEVEL_CODE": "B", "CITY": "YAKIMA", "STATE": "WA", "COUNTRY": "UNITED STATES", "CONT_AGENT": "FAA, SEATTLE ARTCC", "COMM_NAME": null, "SECTOR": null, "ONSHORE": "1", "EXCLUSION": "0", "TIMESOFUSE": "INTERMITTENT BY NOTAM", "GMTOFFSET": "-8", "DST_CODE": "1", "REMARKS": null, "AK_LOW": 0, "AK_HIGH": 1, "US_LOW": 1, "US_HIGH": 1, "US_AREA": 0, "PACIFIC": 0, "Shape__Area": 0.0084220679486861627, "Shape__Length": 0.65855203821201813 }, "geometry": { "type": "Polygon", "coordinates": [ [ [ -120.251125497952998, 46.9080613567697, 0.0 ], [ -119.967792103340997, 46.8497280490148, 0.0 ], [ -120.148347689926993, 46.852505808168203, 0.0 ], [ -120.276125489734994, 46.852505794691197, 0.0 ], [ -120.251125497952998, 46.9080613567697, 0.0 ] ] ] } },
{ "type": "Feature", "properties": { "OBJECTID": 723, "GLOBAL_ID": "1580BD8B-8888-4945-B5C1-3D3D041E22A0", "NAME": "W-237C", "TYPE_CODE": "W", "CLASS": null, "UPPER_DESC": null, "UPPER_VAL": "-9998", "UPPER_UOM": null, "UPPER_CODE": "UNLTD", "LOWER_DESC": null, "LOWER_VAL": "0", "LOWER_UOM": "FT", "LOWER_CODE": "SFC", "LEVEL_CODE": "B", "CITY": "WASHINGTON COASTAL", "STATE": "WA", "COUNTRY": "UNITED STATES", "CONT_AGENT": "FAA, SEATTLE ARTCC", "COMM_NAME": null, "SECTOR": null, "ONSHORE": "0", "EXCLUSION": "0", "TIMESOFUSE": "INTERMITTENT BY NOTAM", "GMTOFFSET": "-8", "DST_CODE": "1", "REMARKS": null, "AK_LOW": 1, "AK_HIGH": 1, "US_LOW": 0, "US_HIGH": 1, "US_AREA": 0, "PACIFIC": 0, "Shape__Area": 0.63106975309210611, "Shape__Length": 3.4885309393770285 }, "geometry": { "type": "Polygon", "coordinates": [ [ [ -125.467515223964995, 47.000005243451298, 0.0 ], [ -126.250015333380006, 47.0000051574211, 0.0 ], [ -126.250015615237999, 48.149727424199803, 0.0 ], [ -125.934737793078, 48.149727460191698, 0.0 ], [ -125.467515223964995, 47.000005243451298, 0.0 ] ] ] } },
{ "type": "Feature", "properties": { "OBJECTID": 724, "GLOBAL_ID": "6F062CA5-6532-4E9B-974D-57AC56A0D62E", "NAME": "W-237D", "TYPE_CODE": "W", "CLASS": null, "UPPER_DESC": null, "UPPER_VAL": "-9998", "UPPER_UOM": null, "UPPER_CODE": "UNLTD", "LOWER_DESC": null, "LOWER_VAL": "0", "LOWER_UOM": "FT", "LOWER_CODE": "SFC", "LEVEL_CODE": "B", "CITY": "WASHINGTON COASTAL", "STATE": "WA", "COUNTRY": "UNITED STATES", "CONT_AGENT": "FAA, SEATTLE ARTCC", "COMM_NAME": null, "SECTOR": null, "ONSHORE": "0", "EXCLUSION": "0", "TIMESOFUSE": "INTERMITTENT BY NOTAM", "GMTOFFSET": "-8", "DST_CODE": "1", "REMARKS": null, "AK_LOW": 1, "AK_HIGH": 1, "US_LOW": 0, "US_HIGH": 1, "US_AREA": 0, "PACIFIC": 0, "Shape__Area": 0.65762438291176295, "Shape__Length": 3.6028146124393854 }, "geometry": { "type": "Polygon", "coordinates": [ [ [ -125.467515223964995, 47.000005243451298, 0.0 ], [ -125.401404064676996, 46.833060799376199, 0.0 ], [ -125.113070703640005, 46.890005277364303, 0.0 ], [ -125.300015092590996, 46.533338573963903, 0.0 ], [ -126.250015128084002, 46.100005119711902, 0.0 ], [ -126.250015333380006, 47.0000051574211, 0.0 ], [ -125.467515223964995, 47.000005243451298, 0.0 ] ] ] } },
{ "type": "Feature", "properties": { "OBJECTID": 725, "GLOBAL_ID": "8B08BE82-2D28-43AE-9473-70EC172A2B6B", "NAME": "W-237E", "TYPE_CODE": "W", "CLASS": null, "UPPER_DESC": "TI", "UPPER_VAL": "270", "UPPER_UOM": "FL", "UPPER_CODE": "STD", "LOWER_DESC": null, "LOWER_VAL": "0", "LOWER_UOM": "FT", "LOWER_CODE": "SFC", "LEVEL_CODE": "B", "CITY": "WASHINGTON COASTAL", "STATE": "WA", "COUNTRY": "UNITED STATES", "CONT_AGENT": "FAA, SEATTLE ARTCC", "COMM_NAME": null, "SECTOR": null, "ONSHORE": "0", "EXCLUSION": "0", "TIMESOFUSE": "INTERMITTENT BY NOTAM", "GMTOFFSET": "-8", "DST_CODE": "1", "REMARKS": null, "AK_LOW": 1, "AK_HIGH": 1, "US_LOW": 0, "US_HIGH": 1, "US_AREA": 0, "PACIFIC": 0, "Shape__Area": 0.75506647379006608, "Shape__Length": 6.2369731991697881 }, "geometry": { "type": "Polygon", "coordinates": [ [ [ -127.898831002861002, 48.149727234973902, 0.0 ], [ -127.912238060598, 48.1497272334286, 0.0 ], [ -128.000015897535008, 48.333338339973103, 0.0 ], [ -125.150293324985995, 48.4936164524321, 0.0 ], [ -125.083348781986999, 48.149727557063699, 0.0 ], [ -125.096755840941995, 48.149727555541901, 0.0 ], [ -125.110162898894998, 48.149727554020103, 0.0 ], [ -125.123569956848002, 48.149727552498099, 0.0 ], [ -125.136977015799999, 48.149727550976003, 0.0 ], [ -125.150384073750004, 48.149727549453701, 0.0 ], [ -125.163791131699995, 48.149727547931398, 0.0 ], [ -125.177198190647999, 48.149727546408897, 0.0 ], [ -125.190605248595006, 48.149727544886296, 0.0 ], [ -125.204012306541998, 48.149727543363603, 0.0 ], [ -125.217419365487004, 48.149727541840797, 0.0 ], [ -125.230826423432006, 48.149727540317798, 0.0 ], [ -125.244233481375005, 48.1497275387947, 0.0 ], [ -125.257640540316999, 48.149727537271602, 0.0 ], [ -125.271047598259003, 48.149727535748198, 0.0 ], [ -125.284454657199007, 48.149727534224802, 0.0 ], [ -125.297861715137998, 48.149727532701299, 0.0 ], [ -125.311268773077003, 48.149727531177597, 0.0 ], [ -125.324675832013995, 48.149727529653802, 0.0 ], [ -125.338082889950002, 48.149727528129901, 0.0 ], [ -125.351489947885, 48.149727526605901, 0.0 ], [ -125.364897006819007, 48.149727525081701, 0.0 ], [ -125.378304064752001, 48.149727523557502, 0.0 ], [ -125.391711122684995, 48.149727522032997, 0.0 ], [ -125.405118181616004, 48.149727520508499, 0.0 ], [ -125.418525239546, 48.149727518983902, 0.0 ], [ -125.431932297475001, 48.149727517459198, 0.0 ], [ -125.445339356402997, 48.149727515934302, 0.0 ], [ -125.458746414329994, 48.1497275144093, 0.0 ], [ -125.472153472255997, 48.149727512884297, 0.0 ], [ -125.485560531179999, 48.149727511359004, 0.0 ], [ -125.498967589103998, 48.149727509833703, 0.0 ], [ -125.512374647027002, 48.149727508308203, 0.0 ], [ -125.525781705949001, 48.149727506782703, 0.0 ], [ -125.539188763870001, 48.149727505256998, 0.0 ], [ -125.552595821790007, 48.149727503731199, 0.0 ], [ -125.566002880707998, 48.149727502205202, 0.0 ], [ -125.579409938626, 48.149727500679198, 0.0 ], [ -125.592816996542993, 48.149727499153002, 0.0 ], [ -125.606224055458995, 48.149727497626799, 0.0 ], [ -125.619631113373003, 48.149727496100397, 0.0 ], [ -125.633038171286998, 48.149727494573902, 0.0 ], [ -125.646445230199006, 48.149727493047202, 0.0 ], [ -125.659852288110997, 48.149727491520501, 0.0 ], [ -125.673259347021997, 48.149727489993602, 0.0 ], [ -125.686666404931003, 48.149727488466603, 0.0 ], [ -125.700073462839995, 48.149727486939497, 0.0 ], [ -125.713480521747002, 48.149727485412299, 0.0 ], [ -125.726887579654004, 48.149727483885002, 0.0 ], [ -125.740294637559003, 48.149727482357498, 0.0 ], [ -125.753701696462997, 48.149727480830002, 0.0 ], [ -125.767108754367001, 48.1497274793023, 0.0 ], [ -125.780515812269002, 48.149727477774498, 0.0 ], [ -125.793922871169997, 48.149727476246603, 0.0 ], [ -125.807329929071003, 48.149727474718503, 0.0 ], [ -125.820736986970005, 48.149727473190403, 0.0 ], [ -125.834144045868001, 48.149727471662104, 0.0 ], [ -125.847551103764999, 48.149727470133698, 0.0 ], [ -125.860958161661998, 48.149727468605199, 0.0 ], [ -125.874365220556996, 48.149727467076602, 0.0 ], [ -125.887772278450996, 48.149727465547898, 0.0 ], [ -125.901179336344001, 48.149727464019001, 0.0 ], [ -125.914586395236, 48.149727462490098, 0.0 ], [ -125.927993453127002, 48.149727460961003, 0.0 ], [ -125.941400511016994, 48.149727459431801, 0.0 ], [ -125.954807569905995, 48.1497274579025, 0.0 ], [ -125.968214627793998, 48.1497274563731, 0.0 ], [ -125.981621685681006, 48.1497274548435, 0.0 ], [ -125.995028744566994, 48.149727453313901, 0.0 ], [ -126.008435802451004, 48.149727451784102, 0.0 ], [ -126.021842861335003, 48.149727450254197, 0.0 ], [ -126.035249919218003, 48.1497274487242, 0.0 ], [ -126.048656977099995, 48.149727447194103, 0.0 ], [ -126.062064035980995, 48.149727445663899, 0.0 ], [ -126.075471093860003, 48.149727444133497, 0.0 ], [ -126.088878151738996, 48.149727442603101, 0.0 ], [ -126.102285210616998, 48.1497274410725, 0.0 ], [ -126.115692268493007, 48.149727439541799, 0.0 ], [ -126.129099326369001, 48.149727438010999, 0.0 ], [ -126.142506385242996, 48.149727436480099, 0.0 ], [ -126.155913443117001, 48.149727434949099, 0.0 ], [ -126.169320500989002, 48.149727433417901, 0.0 ], [ -126.182727559860993, 48.149727431886703, 0.0 ], [ -126.196134617731005, 48.149727430355298, 0.0 ], [ -126.209541675601002, 48.149727428823802, 0.0 ], [ -126.222948734469, 48.149727427292198, 0.0 ], [ -126.236355792335999, 48.149727425760503, 0.0 ], [ -126.249762850202998, 48.149727424228701, 0.0 ], [ -126.263169909067997, 48.149727422696699, 0.0 ], [ -126.276576966931998, 48.149727421164698, 0.0 ], [ -126.289984024795004, 48.149727419632498, 0.0 ], [ -126.303391083657004, 48.149727418100198, 0.0 ], [ -126.316798141519001, 48.149727416567799, 0.0 ], [ -126.330205199378995, 48.149727415035301, 0.0 ], [ -126.343612258237997, 48.149727413502703, 0.0 ], [ -126.357019316096, 48.149727411969899, 0.0 ], [ -126.370426373952995, 48.149727410437102, 0.0 ], [ -126.383833432808999, 48.149727408904099, 0.0 ], [ -126.397240490664004, 48.149727407371103, 0.0 ], [ -126.410647549518004, 48.149727405837901, 0.0 ], [ -126.424054607371005, 48.149727404304599, 0.0 ], [ -126.437461665222003, 48.149727402771198, 0.0 ], [ -126.450868724073004, 48.149727401237698, 0.0 ], [ -126.464275781923007, 48.149727399703998, 0.0 ], [ -126.477682839772001, 48.149727398170299, 0.0 ], [ -126.491089898618995, 48.149727396636401, 0.0 ], [ -126.504496956465999, 48.149727395102502, 0.0 ], [ -126.517904014311995, 48.149727393568398, 0.0 ], [ -126.531311073156004, 48.149727392034201, 0.0 ], [ -126.544718131, 48.149727390499898, 0.0 ], [ -126.558125188842993, 48.149727388965402, 0.0 ], [ -126.571532247684004, 48.1497273874309, 0.0 ], [ -126.584939305524998, 48.149727385896298, 0.0 ], [ -126.598346363364001, 48.149727384361498, 0.0 ], [ -126.611753422202, 48.149727382826697, 0.0 ], [ -126.625160480039995, 48.149727381291697, 0.0 ], [ -126.638567537876, 48.149727379756598, 0.0 ], [ -126.651974596711995, 48.149727378221399, 0.0 ], [ -126.665381654545996, 48.149727376686101, 0.0 ], [ -126.678788712379003, 48.149727375150697, 0.0 ], [ -126.692195771211004, 48.1497273736151, 0.0 ], [ -126.705602829041993, 48.149727372079496, 0.0 ], [ -126.719009886872996, 48.149727370543701, 0.0 ], [ -126.732416945701999, 48.149727369007898, 0.0 ], [ -126.745824003530004, 48.149727367471897, 0.0 ], [ -126.759231062357003, 48.149727365935803, 0.0 ], [ -126.772638120183004, 48.149727364399602, 0.0 ], [ -126.786045178007996, 48.149727362863302, 0.0 ], [ -126.799452236831996, 48.149727361326903, 0.0 ], [ -126.812859294654999, 48.149727359790397, 0.0 ], [ -126.826266352475997, 48.149727358253699, 0.0 ], [ -126.839673411296999, 48.149727356717001, 0.0 ], [ -126.853080469117003, 48.149727355180097, 0.0 ], [ -126.866487526935998, 48.1497273536432, 0.0 ], [ -126.879894585754002, 48.149727352106098, 0.0 ], [ -126.893301643569998, 48.149727350568902, 0.0 ], [ -126.906708701385995, 48.1497273490316, 0.0 ], [ -126.920115760200005, 48.149727347494199, 0.0 ], [ -126.933522818013998, 48.149727345956698, 0.0 ], [ -126.946929875826996, 48.149727344419098, 0.0 ], [ -126.960336934637994, 48.149727342881398, 0.0 ], [ -126.973743992447993, 48.1497273413435, 0.0 ], [ -126.987151050258007, 48.149727339805601, 0.0 ], [ -127.000558109066006, 48.149727338267503, 0.0 ], [ -127.013965166874002, 48.149727336729299, 0.0 ], [ -127.027372224679993, 48.149727335191102, 0.0 ], [ -127.040779283484994, 48.149727333652699, 0.0 ], [ -127.054186341288997, 48.149727332114203, 0.0 ], [ -127.067593399092999, 48.149727330575601, 0.0 ], [ -127.081000457895001, 48.149727329036899, 0.0 ], [ -127.094407515696005, 48.149727327498098, 0.0 ], [ -127.107814573496, 48.149727325959098, 0.0 ], [ -127.121221632295004, 48.149727324420098, 0.0 ], [ -127.134628690092995, 48.149727322880999, 0.0 ], [ -127.148035748889995, 48.1497273213417, 0.0 ], [ -127.161442806685997, 48.149727319802402, 0.0 ], [ -127.174849864481004, 48.149727318262897, 0.0 ], [ -127.188256923275006, 48.1497273167233, 0.0 ], [ -127.201663981067995, 48.149727315183597, 0.0 ], [ -127.215071038858994, 48.149727313643801, 0.0 ], [ -127.228478097649997, 48.149727312103899, 0.0 ], [ -127.241885155440002, 48.149727310563897, 0.0 ], [ -127.255292213228003, 48.149727309023802, 0.0 ], [ -127.268699272015994, 48.149727307483602, 0.0 ], [ -127.282106329803, 48.149727305943301, 0.0 ], [ -127.295513387588002, 48.149727304402802, 0.0 ], [ -127.308920446372994, 48.149727302862303, 0.0 ], [ -127.322327504155993, 48.149727301321697, 0.0 ], [ -127.335734561939006, 48.149727299780899, 0.0 ], [ -127.349141620720005, 48.149727298240101, 0.0 ], [ -127.362548678500005, 48.149727296699098, 0.0 ], [ -127.375955736280005, 48.149727295158002, 0.0 ], [ -127.389362795058005, 48.149727293616799, 0.0 ], [ -127.402769852834993, 48.149727292075497, 0.0 ], [ -127.416176910611, 48.149727290534202, 0.0 ], [ -127.429583969386997, 48.1497272889927, 0.0 ], [ -127.442991027161, 48.1497272874511, 0.0 ], [ -127.456398084933994, 48.1497272859093, 0.0 ], [ -127.469805143705997, 48.149727284367501, 0.0 ], [ -127.483212201477002, 48.149727282825602, 0.0 ], [ -127.496619260247002, 48.149727281283603, 0.0 ], [ -127.510026318016003, 48.149727279741398, 0.0 ], [ -127.523433375783, 48.149727278199201, 0.0 ], [ -127.536840434550001, 48.149727276656797, 0.0 ], [ -127.550247492316004, 48.149727275114401, 0.0 ], [ -127.563654550080997, 48.149727273571798, 0.0 ], [ -127.577061608845, 48.149727272029203, 0.0 ], [ -127.590468666606995, 48.149727270486402, 0.0 ], [ -127.603875724369004, 48.149727268943501, 0.0 ], [ -127.617282783128999, 48.1497272674006, 0.0 ], [ -127.630689840889005, 48.1497272658575, 0.0 ], [ -127.644096898647007, 48.149727264314301, 0.0 ], [ -127.657503957404998, 48.149727262771002, 0.0 ], [ -127.670911015160996, 48.149727261227603, 0.0 ], [ -127.684318072916994, 48.149727259684099, 0.0 ], [ -127.697725131671007, 48.149727258140501, 0.0 ], [ -127.711132189424006, 48.149727256596798, 0.0 ], [ -127.724539247175997, 48.149727255053001, 0.0 ], [ -127.737946305928006, 48.149727253508999, 0.0 ], [ -127.751353363678007, 48.149727251964997, 0.0 ], [ -127.764760421426999, 48.149727250420902, 0.0 ], [ -127.778167480175, 48.149727248876701, 0.0 ], [ -127.791574537922003, 48.149727247332301, 0.0 ], [ -127.804981595667996, 48.149727245787901, 0.0 ], [ -127.818388654412999, 48.149727244243302, 0.0 ], [ -127.831795712157003, 48.149727242698702, 0.0 ], [ -127.845202769899998, 48.149727241153897, 0.0 ], [ -127.858609828642003, 48.149727239609099, 0.0 ], [ -127.872016886381999, 48.149727238064102, 0.0 ], [ -127.885423945122, 48.149727236519098, 0.0 ], [ -127.898831002861002, 48.149727234973902, 0.0 ] ] ] } },
{ "type": "Feature", "properties": { "OBJECTID": 726, "GLOBAL_ID": "1531D49C-3A2C-4539-B850-8E38AE4BEF2C", "NAME": "W-237F", "TYPE_CODE": "W", "CLASS": null, "UPPER_DESC": null, "UPPER_VAL": "-9998", "UPPER_UOM": null, "UPPER_CODE": "UNLTD", "LOWER_DESC": null, "LOWER_VAL": "0", "LOWER_UOM": "FT", "LOWER_CODE": "SFC", "LEVEL_CODE": "B", "CITY": "WASHINGTON COASTAL", "STATE": "WA", "COUNTRY": "UNITED STATES", "CONT_AGENT": "FAA, SEATTLE ARTCC", "COMM_NAME": null, "SECTOR": null, "ONSHORE": "0", "EXCLUSION": "0", "TIMESOFUSE": "INTERMITTENT BY NOTAM", "GMTOFFSET": "-8", "DST_CODE": "1", "REMARKS": null, "AK_LOW": 1, "AK_HIGH": 1, "US_LOW": 0, "US_HIGH": 1, "US_AREA": 0, "PACIFIC": 0, "Shape__Area": 1.6016269286396891, "Shape__Length": 5.2053466118511906 }, "geometry": { "type": "Polygon", "coordinates": [ [ [ -126.250015333380006, 47.0000051574211, 0.0 ], [ -127.373904373469998, 47.0000050332225, 0.0 ], [ -127.912238060598, 48.1497272334286, 0.0 ], [ -126.250015615237999, 48.149727424199803, 0.0 ], [ -126.250015333380006, 47.0000051574211, 0.0 ] ] ] } },
{ "type": "Feature", "properties": { "OBJECTID": 727, "GLOBAL_ID": "729C6E1B-7A0C-4305-92F8-033C3C13B09B", "NAME": "W-237G", "TYPE_CODE": "W", "CLASS": null, "UPPER_DESC": null, "UPPER_VAL": "-9998", "UPPER_UOM": null, "UPPER_CODE": "UNLTD", "LOWER_DESC": null, "LOWER_VAL": "0", "LOWER_UOM": "FT", "LOWER_CODE": "SFC", "LEVEL_CODE": "B", "CITY": "WASHINGTON COASTAL", "STATE": "WA", "COUNTRY": "UNITED STATES", "CONT_AGENT": "FAA, SEATTLE ARTCC", "COMM_NAME": null, "SECTOR": null, "ONSHORE": "0", "EXCLUSION": "0", "TIMESOFUSE": "INTERMITTENT BY NOTAM", "GMTOFFSET": "-8", "DST_CODE": "1", "REMARKS": null, "AK_LOW": 1, "AK_HIGH": 1, "US_LOW": 0, "US_HIGH": 1, "US_AREA": 0, "PACIFIC": 0, "Shape__Area": 0.93749498455872526, "Shape__Length": 3.9893722256178363 }, "geometry": { "type": "Polygon", "coordinates": [ [ [ -126.250015128084002, 46.100005119711902, 0.0 ], [ -126.846959588900006, 45.809727265762199, 0.0 ], [ -127.373904373469998, 47.0000050332225, 0.0 ], [ -126.250015333380006, 47.0000051574211, 0.0 ], [ -126.250015128084002, 46.100005119711902, 0.0 ] ] ] } },
{ "type": "Feature", "properties": { "OBJECTID": 728, "GLOBAL_ID": "B6693616-1E0D-4877-BA93-FE74D3AF3F8C", "NAME": "W-237H", "TYPE_CODE": "W", "CLASS": null, "UPPER_DESC": "TI", "UPPER_VAL": "270", "UPPER_UOM": "FL", "UPPER_CODE": "STD", "LOWER_DESC": null, "LOWER_VAL": "0", "LOWER_UOM": "FT", "LOWER_CODE": "SFC", "LEVEL_CODE": "B", "CITY": "WASHINGTON COASTAL", "STATE": "WA", "COUNTRY": "UNITED STATES", "CONT_AGENT": "FAA, OAKLAND ARTCC", "COMM_NAME": null, "SECTOR": null, "ONSHORE": "0", "EXCLUSION": "0", "TIMESOFUSE": "INTERMITTENT BY NOTAM", "GMTOFFSET": "-8", "DST_CODE": "1", "REMARKS": null, "AK_LOW": 1, "AK_HIGH": 1, "US_LOW": 0, "US_HIGH": 1, "US_AREA": 0, "PACIFIC": 0, "Shape__Area": 2.4260185182292844, "Shape__Length": 6.7796831664017168 }, "geometry": { "type": "Polygon", "coordinates": [ [ [ -127.373904373469998, 47.0000050332225, 0.0 ], [ -129.000015690320993, 47.000004852287503, 0.0 ], [ -130.000016148958991, 48.350560330343697, 0.0 ], [ -128.000015897535008, 48.333338339973103, 0.0 ], [ -127.373904373469998, 47.0000050332225, 0.0 ] ] ] } },
{ "type": "Feature", "properties": { "OBJECTID": 729, "GLOBAL_ID": "DF895886-4306-46CC-B966-83B10D761C46", "NAME": "W-237J", "TYPE_CODE": "W", "CLASS": null, "UPPER_DESC": "TI", "UPPER_VAL": "270", "UPPER_UOM": "FL", "UPPER_CODE": "STD", "LOWER_DESC": null, "LOWER_VAL": "0", "LOWER_UOM": "FT", "LOWER_CODE": "SFC", "LEVEL_CODE": "B", "CITY": "WASHINGTON COASTAL", "STATE": "WA", "COUNTRY": "UNITED STATES", "CONT_AGENT": "FAA, OAKLAND ARTCC", "COMM_NAME": null, "SECTOR": null, "ONSHORE": "0", "EXCLUSION": "0", "TIMESOFUSE": "INTERMITTENT BY NOTAM", "GMTOFFSET": "-8", "DST_CODE": "1", "REMARKS": null, "AK_LOW": 1, "AK_HIGH": 1, "US_LOW": 0, "US_HIGH": 1, "US_AREA": 0, "PACIFIC": 0, "Shape__Area": 1.7277619607152701, "Shape__Length": 5.6814687676618778 }, "geometry": { "type": "Polygon", "coordinates": [ [ [ -127.373904373469998, 47.0000050332225, 0.0 ], [ -126.846959588900006, 45.809727265762199, 0.0 ], [ -128.166681987499999, 45.833338237036202, 0.0 ], [ -129.000015690320993, 47.000004852287503, 0.0 ], [ -127.373904373469998, 47.0000050332225, 0.0 ] ] ] } },
{ "type": "Feature", "properties": { "OBJECTID": 883, "GLOBAL_ID": "9AEE2B3B-6DFC-485F-B14B-16C024699603", "NAME": "OKANOGAN B MOA", "TYPE_CODE": "MOA", "CLASS": null, "UPPER_DESC": "TNI", "UPPER_VAL": "9000", "UPPER_UOM": "FT", "UPPER_CODE": "MSL", "LOWER_DESC": null, "LOWER_VAL": "300", "LOWER_UOM": "FT", "LOWER_CODE": "SFC", "LEVEL_CODE": "L", "CITY": null, "STATE": "WA", "COUNTRY": "UNITED STATES", "CONT_AGENT": "FAA, SEATTLE ARTCC", "COMM_NAME": null, "SECTOR": null, "ONSHORE": "1", "EXCLUSION": "0", "TIMESOFUSE": "INTERMITTENT BY NOTAM", "GMTOFFSET": "-8", "DST_CODE": "1", "REMARKS": null, "AK_LOW": 0, "AK_HIGH": 0, "US_LOW": 1, "US_HIGH": 0, "US_AREA": 0, "PACIFIC": 0, "Shape__Area": 0.39977546287445875, "Shape__Length": 2.6832076502016742 }, "geometry": { "type": "Polygon", "coordinates": [ [ [ -119.751125893771999, 48.911117085109296, 0.0 ], [ -119.751125692624996, 48.108339260381598, 0.0 ], [ -120.459459156611999, 48.141394740643499, 0.0 ], [ -120.051125946618001, 48.911117051495197, 0.0 ], [ -119.751125893771999, 48.911117085109296, 0.0 ] ] ] } },
{ "type": "Feature", "properties": { "OBJECTID": 884, "GLOBAL_ID": "4FA0CB22-B3D5-4101-9CAE-70745F707D13", "NAME": "OKANOGAN B MOA", "TYPE_CODE": "MOA", "CLASS": null, "UPPER_DESC": "TNI", "UPPER_VAL": "9000", "UPPER_UOM": "FT", "UPPER_CODE": "MSL", "LOWER_DESC": "ANI", "LOWER_VAL": "1500", "LOWER_UOM": "FT", "LOWER_CODE": "SFC", "LEVEL_CODE": "L", "CITY": null, "STATE": "WA", "COUNTRY": "UNITED STATES", "CONT_AGENT": "FAA, SEATTLE ARTCC", "COMM_NAME": null, "SECTOR": "EXCLUSION1 EXCLUDES 1500 FT AGL AND BELOW", "ONSHORE": "1", "EXCLUSION": "1", "TIMESOFUSE": "INTERMITTENT BY NOTAM", "GMTOFFSET": "-8", "DST_CODE": "1", "REMARKS": "EXCLUDES 1500 FT AGL AND BELOW", "AK_LOW": 0, "AK_HIGH": 0, "US_LOW": 1, "US_HIGH": 0, "US_AREA": 0, "PACIFIC": 0, "Shape__Area": 0.022541871021076076, "Shape__Length": 0.62506009381744054 }, "geometry": { "type": "Polygon", "coordinates": [ [ [ -120.092257343423995, 48.3005801052187, 0.0 ], [ -120.094950157891006, 48.300572921921599, 0.0 ], [ -120.097641623372994, 48.300630237628198, 0.0 ], [ -120.100328275869998, 48.300751980339101, 0.0 ], [ -120.103006654382, 48.3009379920546, 0.0 ], [ -120.105673309907004, 48.301188033775098, 0.0 ], [ -120.108324808446, 48.301501782500999, 0.0 ], [ -120.110957734997001, 48.3018788352325, 0.0 ], [ -120.113568697559998, 48.302318706970098, 0.0 ], [ -120.116154334133, 48.302820829714001, 0.0 ], [ -120.118711312716997, 48.303384557464597, 0.0 ], [ -120.121236338310993, 48.304009163222297, 0.0 ], [ -120.123726159913005, 48.304693843987302, 0.0 ], [ -120.126177567523001, 48.305437716759798, 0.0 ], [ -120.128587401141004, 48.306239824540398, 0.0 ], [ -120.130952555763997, 48.3070991323291, 0.0 ], [ -120.133269981393994, 48.308014534126301, 0.0 ], [ -120.135536690028005, 48.308984850932298, 0.0 ], [ -120.137749757666001, 48.310008831747197, 0.0 ], [ -120.139906331307003, 48.311085157571299, 0.0 ], [ -120.142003626950995, 48.312212441404903, 0.0 ], [ -120.144038939596001, 48.313389231248202, 0.0 ], [ -120.146009640241999, 48.314614009101298, 0.0 ], [ -120.147913184887997, 48.315885197964498, 0.0 ], [ -120.149747115533003, 48.3172011578379, 0.0 ], [ -120.151509062174995, 48.318560194721698, 0.0 ], [ -120.153196747815997, 48.319960554616102, 0.0 ], [ -120.154807991452998, 48.321400432521102, 0.0 ], [ -120.156340708084997, 48.322877973437002, 0.0 ], [ -120.157792914712999, 48.324391270363797, 0.0 ], [ -120.159162732335005, 48.325938373301497, 0.0 ], [ -120.160448385950005, 48.327517285250401, 0.0 ], [ -120.161648209557001, 48.329125972210399, 0.0 ], [ -120.162760648155995, 48.330762357181598, 0.0 ], [ -120.163784257746997, 48.332424330164201, 0.0 ], [ -120.164717708327004, 48.3341097461579, 0.0 ], [ -120.165559787896996, 48.3358164321629, 0.0 ], [ -120.166309400456001, 48.337542184179298, 0.0 ], [ -120.166965568001999, 48.339284776206902, 0.0 ], [ -120.167527435536002, 48.341041958245697, 0.0 ], [ -120.167994267056997, 48.342811463295803, 0.0 ], [ -120.168365449564007, 48.3445910063569, 0.0 ], [ -120.168640496056, 48.346378290429101, 0.0 ], [ -120.168819039531996, 48.3481710075122, 0.0 ], [ -120.168900838992997, 48.3499668426062, 0.0 ], [ -120.168885780436995, 48.351763476711, 0.0 ], [ -120.168773870864001, 48.353558588826303, 0.0 ], [ -120.168565246273005, 48.355349861952099, 0.0 ], [ -120.168260165663995, 48.357134979088201, 0.0 ], [ -120.167859012036004, 48.3589116372343, 0.0 ], [ -120.167362295388997, 48.360677538390497, 0.0 ], [ -120.166770646722, 48.362430400556299, 0.0 ], [ -120.166084821035994, 48.364167959731702, 0.0 ], [ -120.165305695328001, 48.3658879699164, 0.0 ], [ -120.164434267600001, 48.367588207110202, 0.0 ], [ -120.163471654850994, 48.369266473312699, 0.0 ], [ -120.162419093080004, 48.370920599523899, 0.0 ], [ -120.161277934287, 48.372548445743298, 0.0 ], [ -120.160049646472004, 48.374147907970702, 0.0 ], [ -120.158750263637998, 48.375722519204501, 0.0 ], [ -120.161414183187006, 48.376068814930001, 0.0 ], [ -120.164043602744002, 48.376472652662599, 0.0 ], [ -120.166649589312996, 48.376939114401203, 0.0 ], [ -120.169228786892006, 48.377467597146399, 0.0 ], [ -120.171777872481996, 48.378057420898401, 0.0 ], [ -120.174293563080994, 48.3787078276576, 0.0 ], [ -120.176772614688005, 48.3794179784242, 0.0 ], [ -120.179211835302993, 48.3801869581986, 0.0 ], [ -120.181608079924999, 48.381013776981, 0.0 ], [ -120.183958260552998, 48.3818973697717, 0.0 ], [ -120.186259346186006, 48.382836598570997, 0.0 ], [ -120.188508369824007, 48.383830252379099, 0.0 ], [ -120.190702431465994, 48.384877052196401, 0.0 ], [ -120.192838701110006, 48.385975648022999, 0.0 ], [ -120.194914420757001, 48.387124624859098, 0.0 ], [ -120.196926913404994, 48.388322502705002, 0.0 ], [ -120.198873579053, 48.389567737560903, 0.0 ], [ -120.200751905700997, 48.390858724426899, 0.0 ], [ -120.202559467347001, 48.3921937993033, 0.0 ], [ -120.204293926991994, 48.393571241190102, 0.0 ], [ -120.205953043633002, 48.3949892740875, 0.0 ], [ -120.207534672270995, 48.396446070995701, 0.0 ], [ -120.209036765904003, 48.397939752914802, 0.0 ], [ -120.210457382531999, 48.399468394844902, 0.0 ], [ -120.211794682152998, 48.401030023785999, 0.0 ], [ -120.213046930768002, 48.402622627738303, 0.0 ], [ -120.214212508374999, 48.404244151701803, 0.0 ], [ -120.215289899973001, 48.405892503676597, 0.0 ], [ -120.216277709561993, 48.4075655576627, 0.0 ], [ -120.217174653141001, 48.409261156660101, 0.0 ], [ -120.217979563708994, 48.410977110668803, 0.0 ], [ -120.218691394266003, 48.412711206688897, 0.0 ], [ -120.21930921581, 48.414461205720201, 0.0 ], [ -120.219832222340997, 48.416224850762902, 0.0 ], [ -120.220259726858998, 48.4179998648167, 0.0 ], [ -120.220591170361999, 48.419783956881602, 0.0 ], [ -120.220826112850006, 48.421574821957599, 0.0 ], [ -120.220964241323003, 48.423370150044597, 0.0 ], [ -120.221005366780005, 48.4251676211424, 0.0 ], [ -120.220949426218993, 48.426964914250902, 0.0 ], [ -120.220796481641003, 48.428759709370098, 0.0 ], [ -120.220546721046006, 48.430549685499599, 0.0 ], [ -120.220200455430998, 48.432332532639499, 0.0 ], [ -120.219758123798002, 48.434105946789401, 0.0 ], [ -120.219220286145998, 48.4358676359493, 0.0 ], [ -120.218587628473003, 48.437615324118902, 0.0 ], [ -120.217860957780005, 48.439346752297901, 0.0 ], [ -120.217041205067005, 48.441059683486102, 0.0 ], [ -120.216129420331995, 48.442751901683501, 0.0 ], [ -120.215126772575999, 48.444421220889602, 0.0 ], [ -120.214034548797997, 48.446065482104103, 0.0 ], [ -120.212854154997999, 48.4476825593269, 0.0 ], [ -120.211587106175998, 48.449270361557701, 0.0 ], [ -120.210235035330996, 48.450826835796001, 0.0 ], [ -120.208799683462999, 48.452349968041702, 0.0 ], [ -120.207282897572, 48.453837789294496, 0.0 ], [ -120.205686635657997, 48.455288373553898, 0.0 ], [ -120.204012953721005, 48.456699844819802, 0.0 ], [ -120.202264012761006, 48.458070377091502, 0.0 ], [ -120.200442068776994, 48.459398196369001, 0.0 ], [ -120.198549473770001, 48.460681584651802, 0.0 ], [ -120.196588672740006, 48.461918881939503, 0.0 ], [ -120.194562197685997, 48.4631084852318, 0.0 ], [ -120.192472667608996, 48.4642488565284, 0.0 ], [ -120.190322782509, 48.465338518828602, 0.0 ], [ -120.188115322385002, 48.466376061132401, 0.0 ], [ -120.185853141238994, 48.467360141439201, 0.0 ], [ -120.183539165070002, 48.468289484748603, 0.0 ], [ -120.181176386877993, 48.469162888060197, 0.0 ], [ -120.178767862664003, 48.469979220373602, 0.0 ], [ -120.176316711428996, 48.470737425688498, 0.0 ], [ -120.173826103170995, 48.471436520004403, 0.0 ], [ -120.171299262892006, 48.472075600320899, 0.0 ], [ -120.168739460591993, 48.472653837637601, 0.0 ], [ -120.166150012271004, 48.473170483954, 0.0 ], [ -120.163534268931002, 48.473624869269898, 0.0 ], [ -120.160895618569995, 48.474016405584599, 0.0 ], [ -120.158237478190003, 48.474344584897999, 0.0 ], [ -120.155563290790994, 48.474608984209503, 0.0 ], [ -120.152876518374001, 48.4748092595187, 0.0 ], [ -120.150180643940004, 48.474945150825299, 0.0 ], [ -120.147479156488004, 48.475016484128801, 0.0 ], [ -120.144775556018999, 48.475023165428802, 0.0 ], [ -120.142073344533998, 48.474965186724901, 0.0 ], [ -120.139376023034004, 48.474842623016897, 0.0 ], [ -120.136687085519995, 48.474655633304202, 0.0 ], [ -120.134010012990998, 48.474404458586598, 0.0 ], [ -120.131348273449007, 48.474089425863603, 0.0 ], [ -120.128705314894006, 48.4737109421349, 0.0 ], [ -120.126084560327001, 48.473269497400103, 0.0 ], [ -120.123489401748998, 48.472765663658897, 0.0 ], [ -120.120923201161006, 48.472200094910903, 0.0 ], [ -120.118389280561999, 48.471573521155896, 0.0 ], [ -120.115890919955007, 48.470886755393501, 0.0 ], [ -120.113431353340005, 48.470140686623303, 0.0 ], [ -120.111013763718006, 48.469336280845198, 0.0 ], [ -120.108641280089003, 48.468474580058803, 0.0 ], [ -120.106316972453996, 48.467556699263802, 0.0 ], [ -120.104043846813994, 48.4665838274599, 0.0 ], [ -120.101824843171002, 48.465557223646996, 0.0 ], [ -120.099662831524, 48.464478217824698, 0.0 ], [ -120.097560605875003, 48.463348205993, 0.0 ], [ -120.095520884224001, 48.462168651151302, 0.0 ], [ -120.093546302573003, 48.460941079299701, 0.0 ], [ -120.091639410921999, 48.459667080438003, 0.0 ], [ -120.089802672271006, 48.458348302565902, 0.0 ], [ -120.088038458623004, 48.456986452683203, 0.0 ], [ -120.086349045977997, 48.455583292789903, 0.0 ], [ -120.084736614335995, 48.4541406378857, 0.0 ], [ -120.083203242698005, 48.4526603559707, 0.0 ], [ -120.081750909066002, 48.451144360044502, 0.0 ], [ -120.080381483439993, 48.449594611107301, 0.0 ], [ -120.079096729819994, 48.448013115158901, 0.0 ], [ -120.077898301207995, 48.446401917199097, 0.0 ], [ -120.076787740604999, 48.444763099227998, 0.0 ], [ -120.075766474011004, 48.443098782245599, 0.0 ], [ -120.074835814427004, 48.441411117251803, 0.0 ], [ -120.073996954853996, 48.439702285246497, 0.0 ], [ -120.073250971291998, 48.437974496229998, 0.0 ], [ -120.072598816742001, 48.436229984202001, 0.0 ], [ -120.072041326204996, 48.434471001162699, 0.0 ], [ -120.071579209682, 48.432699823112102, 0.0 ], [ -120.071213054173995, 48.430918736050401, 0.0 ], [ -120.070943322679994, 48.429130043977501, 0.0 ], [ -120.070770354201997, 48.427336054893601, 0.0 ], [ -120.070694360740006, 48.425539087798803, 0.0 ], [ -120.070715430294996, 48.423741462693201, 0.0 ], [ -120.070833525867002, 48.421945502577003, 0.0 ], [ -120.071048485456998, 48.4201535244502, 0.0 ], [ -120.071360020065995, 48.418367844313202, 0.0 ], [ -120.071767718692996, 48.416590766165903, 0.0 ], [ -120.072271043339995, 48.414824585008802, 0.0 ], [ -120.072869335006999, 48.413071579841898, 0.0 ], [ -120.073561812693995, 48.411334013665503, 0.0 ], [ -120.074347572402004, 48.409614128479703, 0.0 ], [ -120.075225590130998, 48.407914144284902, 0.0 ], [ -120.076194725880995, 48.406236253081303, 0.0 ], [ -120.077253718652997, 48.404582621869203, 0.0 ], [ -120.078401193448002, 48.402955381648802, 0.0 ], [ -120.079635663264, 48.401356632420402, 0.0 ], [ -120.080985119111006, 48.399799950181801, 0.0 ], [ -120.078365556573004, 48.399470934452403, 0.0 ], [ -120.075736529013994, 48.3990671777198, 0.0 ], [ -120.073131031444007, 48.398600715980898, 0.0 ], [ -120.070552437863, 48.398072153235503, 0.0 ], [ -120.068004088272005, 48.397482173483098, 0.0 ], [ -120.065489281672001, 48.396831542723604, 0.0 ], [ -120.063011273062997, 48.396121101956602, 0.0 ], [ -120.060573270446, 48.395351771181701, 0.0 ], [ -120.058178427822995, 48.394524547398703, 0.0 ], [ -120.055829847192996, 48.393640501607301, 0.0 ], [ -120.053530563558994, 48.392700778807203, 0.0 ], [ -120.051283553919006, 48.391706594998197, 0.0 ], [ -120.049091722276003, 48.390659237180003, 0.0 ], [ -120.046957904631, 48.389560061352398, 0.0 ], [ -120.044884858982996, 48.388410491515103, 0.0 ], [ -120.042875263333997, 48.387212014668002, 0.0 ], [ -120.040931715685005, 48.385966182810797, 0.0 ], [ -120.039056726037003, 48.384674607943403, 0.0 ], [ -120.037252715389997, 48.383338961065597, 0.0 ], [ -120.035522013744995, 48.3819609711773, 0.0 ], [ -120.033866853103007, 48.3805424212782, 0.0 ], [ -120.032289370466003, 48.379085146368297, 0.0 ], [ -120.030791597833002, 48.377591032447398, 0.0 ], [ -120.029375467205, 48.376062012515398, 0.0 ], [ -120.028042802583997, 48.374500063572398, 0.0 ], [ -120.026795320971004, 48.372907206618102, 0.0 ], [ -120.025634625365001, 48.371285500652597, 0.0 ], [ -120.024562209768007, 48.369637043675702, 0.0 ], [ -120.023579453181, 48.367963967687501, 0.0 ], [ -120.022687615603999, 48.366268433687999, 0.0 ], [ -120.021887842037998, 48.364552636677097, 0.0 ], [ -120.021181156482996, 48.362818791654902, 0.0 ], [ -120.020568463941999, 48.361069142621297, 0.0 ], [ -120.020050544412996, 48.359305947576502, 0.0 ], [ -120.019628058899002, 48.357531487520497, 0.0 ], [ -120.019301543398996, 48.3557480544534, 0.0 ], [ -120.019071408914002, 48.3539579533753, 0.0 ], [ -120.018937943444996, 48.352163495286099, 0.0 ], [ -120.018901308992994, 48.350366999186299, 0.0 ], [ -120.018961542556994, 48.348570785075701, 0.0 ], [ -120.019118555139002, 48.346777172954603, 0.0 ], [ -120.019372135739999, 48.344988478822998, 0.0 ], [ -120.019721945358, 48.343207012681397, 0.0 ], [ -120.020167522996005, 48.341435073529702, 0.0 ], [ -120.020708283654002, 48.339674950368099, 0.0 ], [ -120.021343518332003, 48.337928913196997, 0.0 ], [ -120.022072399029994, 48.3361992170165, 0.0 ], [ -120.022893974748001, 48.334488093826799, 0.0 ], [ -120.023807176488006, 48.332797750628202, 0.0 ], [ -120.02481081725, 48.331130369421103, 0.0 ], [ -120.025903593032993, 48.329488102205502, 0.0 ], [ -120.027084084837995, 48.327873065981798, 0.0 ], [ -120.028350762665994, 48.326287343750302, 0.0 ], [ -120.029701985515999, 48.324732982511399, 0.0 ], [ -120.031136001389001, 48.3232119862652, 0.0 ], [ -120.032650955285007, 48.3217263150121, 0.0 ], [ -120.034244886203993, 48.3202778867525, 0.0 ], [ -120.035915732145995, 48.318868566486699, 0.0 ], [ -120.037661334110993, 48.317500173215102, 0.0 ], [ -120.039479434098993, 48.316174469937899, 0.0 ], [ -120.041367684110995, 48.314893166655601, 0.0 ], [ -120.043323645146003, 48.313657912368498, 0.0 ], [ -120.045344791202993, 48.312470302077003, 0.0 ], [ -120.047428514283993, 48.311331863781398, 0.0 ], [ -120.049572123388003, 48.310244066482198, 0.0 ], [ -120.051772853515004, 48.309208311179702, 0.0 ], [ -120.054027866664995, 48.308225931874297, 0.0 ], [ -120.056334252835995, 48.3072981945664, 0.0 ], [ -120.05868903903, 48.306426295256401, 0.0 ], [ -120.061089189246999, 48.305611355944798, 0.0 ], [ -120.063531608483999, 48.304854427631803, 0.0 ], [ -120.066013150743004, 48.3041564843179, 0.0 ], [ -120.068530616024006, 48.303518426003599, 0.0 ], [ -120.071080762324002, 48.302941073689198, 0.0 ], [ -120.073660302646005, 48.302425172375003, 0.0 ], [ -120.076265914987005, 48.301971384061702, 0.0 ], [ -120.078894241347001, 48.301580295749403, 0.0 ], [ -120.081541898726996, 48.301252409438597, 0.0 ], [ -120.084205475125003, 48.300988148129797, 0.0 ], [ -120.086881541541004, 48.300787852823198, 0.0 ], [ -120.089566649974003, 48.300651779519498, 0.0 ], [ -120.092257343423995, 48.3005801052187, 0.0 ] ] ] } },
{ "type": "Feature", "properties": { "OBJECTID": 885, "GLOBAL_ID": "58AD6D3F-AEE3-40CF-BF78-92F6B48EF74E", "NAME": "OKANOGAN C MOA", "TYPE_CODE": "MOA", "CLASS": null, "UPPER_DESC": "TNI", "UPPER_VAL": "9000", "UPPER_UOM": "FT", "UPPER_CODE": "MSL", "LOWER_DESC": null, "LOWER_VAL": "300", "LOWER_UOM": "FT", "LOWER_CODE": "SFC", "LEVEL_CODE": "L", "CITY": null, "STATE": "WA", "COUNTRY": "UNITED STATES", "CONT_AGENT": "FAA, SEATTLE ARTCC", "COMM_NAME": null, "SECTOR": null, "ONSHORE": "1", "EXCLUSION": "0", "TIMESOFUSE": "INTERMITTENT BY NOTAM", "GMTOFFSET": "-8", "DST_CODE": "1", "REMARKS": null, "AK_LOW": 0, "AK_HIGH": 0, "US_LOW": 1, "US_HIGH": 0, "US_AREA": 0, "PACIFIC": 0, "Shape__Area": 0.29833827080528863, "Shape__Length": 2.8059742085084061 }, "geometry": { "type": "Polygon", "coordinates": [ [ [ -119.001125782330007, 49.000006063052403, 0.0 ], [ -119.001142809813999, 48.604470684454, 0.0 ], [ -119.00269541246, 48.605932097371003, 0.0 ], [ -119.004309094109999, 48.607363766279398, 0.0 ], [ -119.005998927763997, 48.608756284176998, 0.0 ], [ -119.007762760421002, 48.610107871064002, 0.0 ], [ -119.009598343080995, 48.6114167999405, 0.0 ], [ -119.011503336741995, 48.6126813968066, 0.0 ], [ -119.013475309403006, 48.613900047662497, 0.0 ], [ -119.015511746064007, 48.615071192508402, 0.0 ], [ -119.017610047724006, 48.616193335344597, 0.0 ], [ -119.019767535382996, 48.617265041171201, 0.0 ], [ -119.021981455038002, 48.6182849399883, 0.0 ], [ -119.024248979689006, 48.619251727796403, 0.0 ], [ -119.026567211336001, 48.620164168595501, 0.0 ], [ -119.028933188978002, 48.621021094386101, 0.0 ], [ -119.031343889614007, 48.621821411168199, 0.0 ], [ -119.033796231241993, 48.622564093942302, 0.0 ], [ -119.036287079863001, 48.623248193708598, 0.0 ], [ -119.038813250475997, 48.623872835467402, 0.0 ], [ -119.041371514077994, 48.624437219219097, 0.0 ], [ -119.043958599671001, 48.624940624963799, 0.0 ], [ -119.046571197253002, 48.625382406702002, 0.0 ], [ -119.049205966822996, 48.625762000434001, 0.0 ], [ -119.051859537381006, 48.6260789211602, 0.0 ], [ -119.054528515925995, 48.626332761880903, 0.0 ], [ -119.057209486456998, 48.626523199596399, 0.0 ], [ -119.059899021972996, 48.6266499903072, 0.0 ], [ -119.062593679474006, 48.6267129700135, 0.0 ], [ -119.065290012960006, 48.626712060715803, 0.0 ], [ -119.067984572428998, 48.626647261414398, 0.0 ], [ -119.070673910880998, 48.626518657109898, 0.0 ], [ -119.073354588315993, 48.626326410802399, 0.0 ], [ -119.076023174732001, 48.626070768492497, 0.0 ], [ -119.078676257129999, 48.625752057180499, 0.0 ], [ -119.081310441507995, 48.625370685866798, 0.0 ], [ -119.083922358867, 48.624927140551797, 0.0 ], [ -119.086508669205998, 48.624421990236002, 0.0 ], [ -119.089066063524001, 48.623855879919702, 0.0 ], [ -119.091591273820995, 48.6232295336034, 0.0 ], [ -119.094081070097005, 48.622543753287403, 0.0 ], [ -119.096532269351002, 48.621799415972099, 0.0 ], [ -119.098941737583004, 48.620997473658001, 0.0 ], [ -119.101306397792996, 48.620138951345503, 0.0 ], [ -119.103623225980996, 48.619224947035001, 0.0 ], [ -119.105889264145006, 48.618256629726801, 0.0 ], [ -119.108101616287001, 48.617235237421298, 0.0 ], [ -119.110257456404995, 48.616162076118997, 0.0 ], [ -119.112354033499997, 48.615038517820203, 0.0 ], [ -119.114388670571003, 48.613865998525398, 0.0 ], [ -119.116358770619001, 48.612646018234699, 0.0 ], [ -119.118261819644005, 48.611380135948799, 0.0 ], [ -119.120095391644995, 48.610069969667897, 0.0 ], [ -119.121857147621995, 48.608717193392401, 0.0 ], [ -119.123544842575996, 48.6073235361226, 0.0 ], [ -119.125156325505998, 48.6058907788589, 0.0 ], [ -119.126689544412002, 48.604420752601598, 0.0 ], [ -119.128142546296004, 48.602915335351, 0.0 ], [ -119.129513483156003, 48.601376450107502, 0.0 ], [ -119.130800610994001, 48.599806062871401, 0.0 ], [ -119.132002292807996, 48.598206179642901, 0.0 ], [ -119.133117002600002, 48.5965788434224, 0.0 ], [ -119.134143324370001, 48.594926132210098, 0.0 ], [ -119.135079958117998, 48.5932501580062, 0.0 ], [ -119.135925715845005, 48.5915530588113, 0.0 ], [ -119.136679526549997, 48.589837002625202, 0.0 ], [ -119.137340437234002, 48.588104178448397, 0.0 ], [ -119.137907614897998, 48.586356800281102, 0.0 ], [ -119.138380344542, 48.584597097123499, 0.0 ], [ -119.138758033166994, 48.582827314975702, 0.0 ], [ -119.139040207771998, 48.581049711837998, 0.0 ], [ -119.139226520359003, 48.579266555710603, 0.0 ], [ -119.139316741927004, 48.577480121593403, 0.0 ], [ -119.139310767479003, 48.575692688486903, 0.0 ], [ -119.139208615013004, 48.573906537390997, 0.0 ], [ -119.139010425530998, 48.572123944306, 0.0 ], [ -119.138716461032999, 48.570347183231803, 0.0 ], [ -119.138327107519999, 48.5685785201686, 0.0 ], [ -119.137842869992994, 48.566820210116497, 0.0 ], [ -119.137264376453004, 48.565074494075503, 0.0 ], [ -119.136592373899006, 48.563343598045599, 0.0 ], [ -119.135827728332004, 48.561629727027103, 0.0 ], [ -119.134971422755001, 48.559935067019701, 0.0 ], [ -119.134024559165994, 48.558261776023599, 0.0 ], [ -119.132988352566997, 48.556611987038799, 0.0 ], [ -119.131864129958998, 48.554987801065103, 0.0 ], [ -119.130653334342, 48.553391289102599, 0.0 ], [ -119.129357514717995, 48.5518244831513, 0.0 ], [ -119.127978329086005, 48.550289379211002, 0.0 ], [ -119.126517543448003, 48.548787933281702, 0.0 ], [ -119.124977022804998, 48.547322055363402, 0.0 ], [ -119.123358737158, 48.5458936144557, 0.0 ], [ -119.121664752506007, 48.544504428558902, 0.0 ], [ -119.119897232851997, 48.543156265672501, 0.0 ], [ -119.118058432194999, 48.541850843796503, 0.0 ], [ -119.116150698536998, 48.540589821930801, 0.0 ], [ -119.114176464878994, 48.539374808075202, 0.0 ], [ -119.112138248221001, 48.538207346229399, 0.0 ], [ -119.110038646564007, 48.537088924393302, 0.0 ], [ -119.107880335909996, 48.536020963566699, 0.0 ], [ -119.105666066257996, 48.535004825749397, 0.0 ], [ -119.103398659609994, 48.534041800940997, 0.0 ], [ -119.101081001967003, 48.533133116141499, 0.0 ], [ -119.098716045328999, 48.532279927350501, 0.0 ], [ -119.096306801696997, 48.531483318567801, 0.0 ], [ -119.093856336071994, 48.530744305793, 0.0 ], [ -119.091367769453996, 48.530063827025998, 0.0 ], [ -119.088844267846, 48.529442749266401, 0.0 ], [ -119.086289041246005, 48.528881861513902, 0.0 ], [ -119.083705343657002, 48.528381876768201, 0.0 ], [ -119.081096459077997, 48.527943433028902, 0.0 ], [ -119.078465707511, 48.527567086295797, 0.0 ], [ -119.075816435956, 48.527253315568501, 0.0 ], [ -119.073152013414003, 48.527002519846597, 0.0 ], [ -119.070475828886003, 48.526815019129799, 0.0 ], [ -119.067791285371996, 48.526691050417803, 0.0 ], [ -119.065101797872998, 48.526630771710202, 0.0 ], [ -119.062410786390004, 48.526634260006603, 0.0 ], [ -119.059721672923004, 48.526701510306602, 0.0 ], [ -119.057037877471998, 48.526832438609901, 0.0 ], [ -119.054362814038996, 48.527026876916104, 0.0 ], [ -119.051699883623996, 48.527284578224702, 0.0 ], [ -119.049052474228006, 48.527605215535402, 0.0 ], [ -119.046423952850006, 48.527988379847798, 0.0 ], [ -119.043817662492003, 48.528433584161597, 0.0 ], [ -119.041236919154002, 48.528940263476201, 0.0 ], [ -119.038685005836001, 48.529507771791401, 0.0 ], [ -119.036165169537995, 48.530135387106597, 0.0 ], [ -119.033680617261993, 48.530822312421598, 0.0 ], [ -119.031234511007, 48.5315676737358, 0.0 ], [ -119.028829962775006, 48.532370522049, 0.0 ], [ -119.026470035564003, 48.5332298353607, 0.0 ], [ -119.024157732375997, 48.534144522670402, 0.0 ], [ -119.021895998209999, 48.535113417978003, 0.0 ], [ -119.019687714067004, 48.5361352902828, 0.0 ], [ -119.017535692947007, 48.5372088375846, 0.0 ], [ -119.015442677850004, 48.538332694882897, 0.0 ], [ -119.013411334777004, 48.539505431177503, 0.0 ], [ -119.011444253727007, 48.540725555467802, 0.0 ], [ -119.009543944699999, 48.541991512753597, 0.0 ], [ -119.007712829696999, 48.543301693034401, 0.0 ], [ -119.005953245716995, 48.544654427309901, 0.0 ], [ -119.004267437761001, 48.546047995579798, 0.0 ], [ -119.002657559829004, 48.5474806208437, 0.0 ], [ -119.001125667919993, 48.548950480101198, 0.0 ], [ -119.001125547461996, 48.058339339004498, 0.0 ], [ -119.334458946005, 48.083339304321797, 0.0 ], [ -119.334459175448004, 49.0000060258253, 0.0 ], [ -119.001125782330007, 49.000006063052403, 0.0 ] ] ] } },
{ "type": "Feature", "properties": { "OBJECTID": 886, "GLOBAL_ID": "D63F56B9-B8A8-4402-8445-313360AFD6F7", "NAME": "OKANOGAN C MOA", "TYPE_CODE": "MOA", "CLASS": null, "UPPER_DESC": "TNI", "UPPER_VAL": "9000", "UPPER_UOM": "FT", "UPPER_CODE": "MSL", "LOWER_DESC": "ANI", "LOWER_VAL": "1500", "LOWER_UOM": "FT", "LOWER_CODE": "SFC", "LEVEL_CODE": "L", "CITY": null, "STATE": "WA", "COUNTRY": "UNITED STATES", "CONT_AGENT": "FAA, SEATTLE ARTCC", "COMM_NAME": null, "SECTOR": "EXCLUSION1 EXCLUDES 1500 FT AGL AND BELOW", "ONSHORE": "1", "EXCLUSION": "1", "TIMESOFUSE": "INTERMITTENT BY NOTAM", "GMTOFFSET": "-8", "DST_CODE": "1", "REMARKS": "EXCLUDES 1500 FT AGL AND BELOW", "AK_LOW": 0, "AK_HIGH": 0, "US_LOW": 1, "US_HIGH": 0, "US_AREA": 0, "PACIFIC": 0, "Shape__Area": 0.011380088379155495, "Shape__Length": 0.39107842744307614 }, "geometry": { "type": "Polygon", "coordinates": [ [ [ -119.062410786390004, 48.526634260006603, 0.0 ], [ -119.065101797872998, 48.526630771710202, 0.0 ], [ -119.067791285371996, 48.526691050417803, 0.0 ], [ -119.070475828886003, 48.526815019129799, 0.0 ], [ -119.073152013414003, 48.527002519846597, 0.0 ], [ -119.075816435956, 48.527253315568501, 0.0 ], [ -119.078465707511, 48.527567086295797, 0.0 ], [ -119.081096459077997, 48.527943433028902, 0.0 ], [ -119.083705343657002, 48.528381876768201, 0.0 ], [ -119.086289041246005, 48.528881861513902, 0.0 ], [ -119.088844267846, 48.529442749266401, 0.0 ], [ -119.091367769453996, 48.530063827025998, 0.0 ], [ -119.093856336071994, 48.530744305793, 0.0 ], [ -119.096306801696997, 48.531483318567801, 0.0 ], [ -119.098716045328999, 48.532279927350501, 0.0 ], [ -119.101081001967003, 48.533133116141499, 0.0 ], [ -119.103398659609994, 48.534041800940997, 0.0 ], [ -119.105666066257996, 48.535004825749397, 0.0 ], [ -119.107880335909996, 48.536020963566699, 0.0 ], [ -119.110038646564007, 48.537088924393302, 0.0 ], [ -119.112138248221001, 48.538207346229399, 0.0 ], [ -119.114176464878994, 48.539374808075202, 0.0 ], [ -119.116150698536998, 48.540589821930801, 0.0 ], [ -119.118058432194999, 48.541850843796503, 0.0 ], [ -119.119897232851997, 48.543156265672501, 0.0 ], [ -119.121664752506007, 48.544504428558902, 0.0 ], [ -119.123358737158, 48.5458936144557, 0.0 ], [ -119.124977022804998, 48.547322055363402, 0.0 ], [ -119.126517543448003, 48.548787933281702, 0.0 ], [ -119.127978329086005, 48.550289379211002, 0.0 ], [ -119.129357514717995, 48.5518244831513, 0.0 ], [ -119.130653334342, 48.553391289102599, 0.0 ], [ -119.131864129958998, 48.554987801065103, 0.0 ], [ -119.132988352566997, 48.556611987038799, 0.0 ], [ -119.134024559165994, 48.558261776023599, 0.0 ], [ -119.134971422755001, 48.559935067019701, 0.0 ], [ -119.135827728332004, 48.561629727027103, 0.0 ], [ -119.136592373899006, 48.563343598045599, 0.0 ], [ -119.137264376453004, 48.565074494075503, 0.0 ], [ -119.137842869992994, 48.566820210116497, 0.0 ], [ -119.138327107519999, 48.5685785201686, 0.0 ], [ -119.138716461032999, 48.570347183231803, 0.0 ], [ -119.139010425530998, 48.572123944306, 0.0 ], [ -119.139208615013004, 48.573906537390997, 0.0 ], [ -119.139310767479003, 48.575692688486903, 0.0 ], [ -119.139316741927004, 48.577480121593403, 0.0 ], [ -119.139226520359003, 48.579266555710603, 0.0 ], [ -119.139040207771998, 48.581049711837998, 0.0 ], [ -119.138758033166994, 48.582827314975702, 0.0 ], [ -119.138380344542, 48.584597097123499, 0.0 ], [ -119.137907614897998, 48.586356800281102, 0.0 ], [ -119.137340437234002, 48.588104178448397, 0.0 ], [ -119.136679526549997, 48.589837002625202, 0.0 ], [ -119.135925715845005, 48.5915530588113, 0.0 ], [ -119.135079958117998, 48.5932501580062, 0.0 ], [ -119.134143324370001, 48.594926132210098, 0.0 ], [ -119.133117002600002, 48.5965788434224, 0.0 ], [ -119.132002292807996, 48.598206179642901, 0.0 ], [ -119.130800610994001, 48.599806062871401, 0.0 ], [ -119.129513483156003, 48.601376450107502, 0.0 ], [ -119.128142546296004, 48.602915335351, 0.0 ], [ -119.126689544412002, 48.604420752601598, 0.0 ], [ -119.125156325505998, 48.6058907788589, 0.0 ], [ -119.123544842575996, 48.6073235361226, 0.0 ], [ -119.121857147621995, 48.608717193392401, 0.0 ], [ -119.120095391644995, 48.610069969667897, 0.0 ], [ -119.118261819644005, 48.611380135948799, 0.0 ], [ -119.116358770619001, 48.612646018234699, 0.0 ], [ -119.114388670571003, 48.613865998525398, 0.0 ], [ -119.112354033499997, 48.615038517820203, 0.0 ], [ -119.110257456404995, 48.616162076118997, 0.0 ], [ -119.108101616287001, 48.617235237421298, 0.0 ], [ -119.105889264145006, 48.618256629726801, 0.0 ], [ -119.103623225980996, 48.619224947035001, 0.0 ], [ -119.101306397792996, 48.620138951345503, 0.0 ], [ -119.098941737583004, 48.620997473658001, 0.0 ], [ -119.096532269351002, 48.621799415972099, 0.0 ], [ -119.094081070097005, 48.622543753287403, 0.0 ], [ -119.091591273820995, 48.6232295336034, 0.0 ], [ -119.089066063524001, 48.623855879919702, 0.0 ], [ -119.086508669205998, 48.624421990236002, 0.0 ], [ -119.083922358867, 48.624927140551797, 0.0 ], [ -119.081310441507995, 48.625370685866798, 0.0 ], [ -119.078676257129999, 48.625752057180499, 0.0 ], [ -119.076023174732001, 48.626070768492497, 0.0 ], [ -119.073354588315993, 48.626326410802399, 0.0 ], [ -119.070673910880998, 48.626518657109898, 0.0 ], [ -119.067984572428998, 48.626647261414398, 0.0 ], [ -119.065290012960006, 48.626712060715803, 0.0 ], [ -119.062593679474006, 48.6267129700135, 0.0 ], [ -119.059899021972996, 48.6266499903072, 0.0 ], [ -119.057209486456998, 48.626523199596399, 0.0 ], [ -119.054528515925995, 48.626332761880903, 0.0 ], [ -119.051859537381006, 48.6260789211602, 0.0 ], [ -119.049205966822996, 48.625762000434001, 0.0 ], [ -119.046571197253002, 48.625382406702002, 0.0 ], [ -119.043958599671001, 48.624940624963799, 0.0 ], [ -119.041371514077994, 48.624437219219097, 0.0 ], [ -119.038813250475997, 48.623872835467402, 0.0 ], [ -119.036287079863001, 48.623248193708598, 0.0 ], [ -119.033796231241993, 48.622564093942302, 0.0 ], [ -119.031343889614007, 48.621821411168199, 0.0 ], [ -119.028933188978002, 48.621021094386101, 0.0 ], [ -119.026567211336001, 48.620164168595501, 0.0 ], [ -119.024248979689006, 48.619251727796403, 0.0 ], [ -119.021981455038002, 48.6182849399883, 0.0 ], [ -119.019767535382996, 48.617265041171201, 0.0 ], [ -119.017610047724006, 48.616193335344597, 0.0 ], [ -119.015511746064007, 48.615071192508402, 0.0 ], [ -119.013475309403006, 48.613900047662497, 0.0 ], [ -119.011503336741995, 48.6126813968066, 0.0 ], [ -119.009598343080995, 48.6114167999405, 0.0 ], [ -119.007762760421002, 48.610107871064002, 0.0 ], [ -119.005998927763997, 48.608756284176998, 0.0 ], [ -119.004309094109999, 48.607363766279398, 0.0 ], [ -119.00269541246, 48.605932097371003, 0.0 ], [ -119.001142809813999, 48.604470684454, 0.0 ], [ -119.001125667919993, 48.548950480101198, 0.0 ], [ -119.002657559829004, 48.5474806208437, 0.0 ], [ -119.004267437761001, 48.546047995579798, 0.0 ], [ -119.005953245716995, 48.544654427309901, 0.0 ], [ -119.007712829696999, 48.543301693034401, 0.0 ], [ -119.009543944699999, 48.541991512753597, 0.0 ], [ -119.011444253727007, 48.540725555467802, 0.0 ], [ -119.013411334777004, 48.539505431177503, 0.0 ], [ -119.015442677850004, 48.538332694882897, 0.0 ], [ -119.017535692947007, 48.5372088375846, 0.0 ], [ -119.019687714067004, 48.5361352902828, 0.0 ], [ -119.021895998209999, 48.535113417978003, 0.0 ], [ -119.024157732375997, 48.534144522670402, 0.0 ], [ -119.026470035564003, 48.5332298353607, 0.0 ], [ -119.028829962775006, 48.532370522049, 0.0 ], [ -119.031234511007, 48.5315676737358, 0.0 ], [ -119.033680617261993, 48.530822312421598, 0.0 ], [ -119.036165169537995, 48.530135387106597, 0.0 ], [ -119.038685005836001, 48.529507771791401, 0.0 ], [ -119.041236919154002, 48.528940263476201, 0.0 ], [ -119.043817662492003, 48.528433584161597, 0.0 ], [ -119.046423952850006, 48.527988379847798, 0.0 ], [ -119.049052474228006, 48.527605215535402, 0.0 ], [ -119.051699883623996, 48.527284578224702, 0.0 ], [ -119.054362814038996, 48.527026876916104, 0.0 ], [ -119.057037877471998, 48.526832438609901, 0.0 ], [ -119.059721672923004, 48.526701510306602, 0.0 ], [ -119.062410786390004, 48.526634260006603, 0.0 ] ] ] } },
{ "type": "Feature", "properties": { "OBJECTID": 911, "GLOBAL_ID": "DD53DB46-E7C3-4320-8E48-A48DE416FC53", "NAME": "ROOSEVELT B MOA", "TYPE_CODE": "MOA", "CLASS": null, "UPPER_DESC": "TNI", "UPPER_VAL": "9000", "UPPER_UOM": "FT", "UPPER_CODE": "MSL", "LOWER_DESC": null, "LOWER_VAL": "300", "LOWER_UOM": "FT", "LOWER_CODE": "SFC", "LEVEL_CODE": "L", "CITY": null, "STATE": "WA", "COUNTRY": "UNITED STATES", "CONT_AGENT": "FAA, SEATTLE ARTCC", "COMM_NAME": null, "SECTOR": null, "ONSHORE": "1", "EXCLUSION": "0", "TIMESOFUSE": "INTERMITTENT BY NOTAM", "GMTOFFSET": "-8", "DST_CODE": "1", "REMARKS": null, "AK_LOW": 0, "AK_HIGH": 0, "US_LOW": 1, "US_HIGH": 0, "US_AREA": 0, "PACIFIC": 0, "Shape__Area": 0.91267126565981016, "Shape__Length": 4.906628262091 }, "geometry": { "type": "Polygon", "coordinates": [ [ [ -118.242792141470005, 48.325006105131401, 0.0 ], [ -119.001125547461996, 48.058339339004498, 0.0 ], [ -119.001125782330007, 49.000006063052403, 0.0 ], [ -118.987540345867004, 49.000006064567501, 0.0 ], [ -118.973954909403005, 49.000006066082499, 0.0 ], [ -118.960369472937998, 49.000006067597198, 0.0 ], [ -118.946784035472007, 49.000006069111798, 0.0 ], [ -118.933198599004996, 49.000006070626299, 0.0 ], [ -118.919613162537004, 49.000006072140501, 0.0 ], [ -118.906027726068004, 49.000006073654603, 0.0 ], [ -118.892442289597994, 49.000006075168599, 0.0 ], [ -118.878856853127004, 49.000006076682297, 0.0 ], [ -118.865271415655002, 49.000006078195902, 0.0 ], [ -118.851685979181994, 49.000006079709301, 0.0 ], [ -118.838100542708005, 49.000006081222601, 0.0 ], [ -118.824515106231999, 49.000006082735702, 0.0 ], [ -118.810929669756007, 49.000006084248596, 0.0 ], [ -118.797344233279006, 49.000006085761299, 0.0 ], [ -118.783758795801006, 49.000006087273903, 0.0 ], [ -118.770173359322001, 49.0000060887863, 0.0 ], [ -118.756587922842002, 49.000006090298498, 0.0 ], [ -118.743002486360993, 49.000006091810597, 0.0 ], [ -118.729417049879004, 49.000006093322497, 0.0 ], [ -118.715831612396002, 49.000006094834198, 0.0 ], [ -118.702246175911995, 49.0000060963458, 0.0 ], [ -118.688660739425998, 49.000006097857202, 0.0 ], [ -118.675075302940002, 49.000006099368399, 0.0 ], [ -118.661489866452996, 49.000006100879403, 0.0 ], [ -118.647904429964996, 49.000006102390302, 0.0 ], [ -118.634318992475997, 49.000006103901001, 0.0 ], [ -118.620733555986007, 49.0000061054116, 0.0 ], [ -118.607148119494994, 49.000006106921902, 0.0 ], [ -118.593562683002006, 49.000006108432103, 0.0 ], [ -118.579977246509003, 49.000006109942198, 0.0 ], [ -118.566391810015006, 49.000006111452002, 0.0 ], [ -118.552806372519996, 49.0000061129617, 0.0 ], [ -118.539220936023995, 49.000006114471198, 0.0 ], [ -118.525635499526999, 49.000006115980597, 0.0 ], [ -118.512050063028994, 49.000006117489697, 0.0 ], [ -118.498464626529, 49.000006118998698, 0.0 ], [ -118.484879190029005, 49.000006120507599, 0.0 ], [ -118.471293752527998, 49.000006122016202, 0.0 ], [ -118.457708316026, 49.000006123524699, 0.0 ], [ -118.444122879522993, 49.000006125033003, 0.0 ], [ -118.430537443019006, 49.000006126541201, 0.0 ], [ -118.416952006513995, 49.000006128049101, 0.0 ], [ -118.403366569007005, 49.000006129557001, 0.0 ], [ -118.389781132500005, 49.000006131064602, 0.0 ], [ -118.376195695991996, 49.000006132571997, 0.0 ], [ -118.362610259483006, 49.0000061340793, 0.0 ], [ -118.349024822973007, 49.000006135586403, 0.0 ], [ -118.335439386461999, 49.000006137093401, 0.0 ], [ -118.321853948949993, 49.000006138600199, 0.0 ], [ -118.308268512436001, 49.000006140106798, 0.0 ], [ -118.294683075921995, 49.000006141613198, 0.0 ], [ -118.281097639406994, 49.0000061431194, 0.0 ], [ -118.267512202890998, 49.000006144625502, 0.0 ], [ -118.253926766373993, 49.000006146131398, 0.0 ], [ -118.240341328856005, 49.000006147637201, 0.0 ], [ -118.226755892336996, 49.000006149142699, 0.0 ], [ -118.213170455815998, 49.000006150648098, 0.0 ], [ -118.199585019295, 49.000006152153297, 0.0 ], [ -118.185999582772993, 49.000006153658397, 0.0 ], [ -118.172414146250006, 49.000006155163298, 0.0 ], [ -118.158828708726006, 49.000006156668, 0.0 ], [ -118.145243272201, 49.000006158172503, 0.0 ], [ -118.131657835675, 49.000006159676801, 0.0 ], [ -118.118072399148005, 49.000006161180998, 0.0 ], [ -118.104486962619006, 49.000006162684997, 0.0 ], [ -118.090901525090004, 49.000006164188797, 0.0 ], [ -118.077316088559996, 49.000006165692497, 0.0 ], [ -118.063730652028994, 49.000006167195998, 0.0 ], [ -118.050145215496997, 49.000006168699301, 0.0 ], [ -118.036559778964005, 49.000006170202397, 0.0 ], [ -118.022974342430004, 49.000006171705401, 0.0 ], [ -118.009388904895005, 49.000006173208199, 0.0 ], [ -117.995803468359, 49.000006174710798, 0.0 ], [ -117.982218031822001, 49.000006176213297, 0.0 ], [ -117.968632595284006, 49.000006177715498, 0.0 ], [ -117.955047158743994, 49.0000061792176, 0.0 ], [ -117.941461722203996, 49.000006180719502, 0.0 ], [ -117.927876284663, 49.000006182221298, 0.0 ], [ -117.914290848120999, 49.000006183722803, 0.0 ], [ -117.900705411578002, 49.000006185224201, 0.0 ], [ -117.887119975033997, 49.0000061867254, 0.0 ], [ -117.873534538488997, 49.0000061882265, 0.0 ], [ -117.859949101943002, 49.000006189727401, 0.0 ], [ -117.846363664395994, 49.000006191228103, 0.0 ], [ -117.832778227847996, 49.000006192728598, 0.0 ], [ -117.819192791299002, 49.000006194228902, 0.0 ], [ -117.805607354749, 49.0000061957291, 0.0 ], [ -117.792021918198003, 49.000006197229098, 0.0 ], [ -117.778436480645993, 49.000006198728897, 0.0 ], [ -117.764851044093007, 49.000006200228498, 0.0 ], [ -117.751265607538997, 49.000006201727999, 0.0 ], [ -117.737680170984007, 49.000006203227301, 0.0 ], [ -117.724094734427993, 49.000006204726397, 0.0 ], [ -117.710509297870999, 49.000006206225301, 0.0 ], [ -117.696923860313007, 49.000006207724098, 0.0 ], [ -117.683338423753995, 49.000006209222697, 0.0 ], [ -117.669752987194002, 49.000006210721097, 0.0 ], [ -117.656167550633, 49.000006212219297, 0.0 ], [ -117.642582114071004, 49.000006213717398, 0.0 ], [ -117.628996677508994, 49.000006215215301, 0.0 ], [ -117.615411239945004, 49.000006216712997, 0.0 ], [ -117.601825803379995, 49.000006218210501, 0.0 ], [ -117.588240366814006, 49.000006219707899, 0.0 ], [ -117.574654930246993, 49.000006221204998, 0.0 ], [ -117.561069493679, 49.000006222701998, 0.0 ], [ -117.547484057109997, 49.000006224198799, 0.0 ], [ -117.533898619539997, 49.0000062256955, 0.0 ], [ -117.52031318297, 49.000006227192003, 0.0 ], [ -117.506727746397999, 49.0000062286882, 0.0 ], [ -117.493142309825004, 49.000006230184397, 0.0 ], [ -117.479556873250999, 49.000006231680302, 0.0 ], [ -117.465971435675996, 49.000006233176101, 0.0 ], [ -117.452385999100002, 49.000006234671602, 0.0 ], [ -117.438800562523994, 49.000006236167003, 0.0 ], [ -117.425215125945996, 49.000006237662298, 0.0 ], [ -117.411629689367004, 49.000006239157301, 0.0 ], [ -117.398044252787003, 49.000006240652198, 0.0 ], [ -117.384458815206997, 49.000006242146902, 0.0 ], [ -117.394431039021001, 48.995756240777297, 0.0 ], [ -117.400264369813002, 48.982700683298503, 0.0 ], [ -117.401931035225999, 48.975200682634203, 0.0 ], [ -117.397208810202002, 48.970756238868198, 0.0 ], [ -117.396375475141994, 48.963256238478301, 0.0 ], [ -117.394153251101002, 48.956867349312198, 0.0 ], [ -117.388875470198997, 48.949367349409997, 0.0 ], [ -117.386375468387996, 48.944089571345302, 0.0 ], [ -117.387764355261993, 48.934645126585202, 0.0 ], [ -117.390819909944994, 48.927145125767098, 0.0 ], [ -117.397486575033, 48.918534013481, 0.0 ], [ -117.409153240597007, 48.904089566270699, 0.0 ], [ -117.417486571601998, 48.889922898444098, 0.0 ], [ -117.426375458923999, 48.876589562610299, 0.0 ], [ -117.434153235668006, 48.865756228059503, 0.0 ], [ -117.440819900644001, 48.852700670487302, 0.0 ], [ -117.442764342635996, 48.8432562256653, 0.0 ], [ -117.440819896590995, 48.836589558448303, 0.0 ], [ -117.444153228477006, 48.829645113635102, 0.0 ], [ -117.452764339850006, 48.824645112369197, 0.0 ], [ -117.459986561891, 48.8193673332377, 0.0 ], [ -117.464431005779005, 48.811589554249103, 0.0 ], [ -117.468319893354007, 48.802978442267602, 0.0 ], [ -117.470542113475005, 48.793811775432602, 0.0 ], [ -117.467208776546997, 48.784645108205297, 0.0 ], [ -117.459986551371998, 48.777422886528498, 0.0 ], [ -117.453875438034004, 48.772700663891499, 0.0 ], [ -117.454986547714995, 48.766589552374498, 0.0 ], [ -117.459986547062002, 48.760200662414398, 0.0 ], [ -117.463319879121997, 48.749922884384603, 0.0 ], [ -117.460542096850006, 48.7349228837165, 0.0 ], [ -117.457486537014006, 48.721867327203803, 0.0 ], [ -117.454153199852001, 48.707700659648403, 0.0 ], [ -117.448319862567004, 48.694922882455003, 0.0 ], [ -117.445819860781, 48.689645104384702, 0.0 ], [ -117.449986526117002, 48.683811770550903, 0.0 ], [ -117.448319858282005, 48.677700658335297, 0.0 ], [ -117.441097632536, 48.672145103761302, 0.0 ], [ -117.431375405593002, 48.659645104007097, 0.0 ], [ -117.426653179804006, 48.6479784367611, 0.0 ], [ -117.417792063498993, 48.633339547770802, 0.0 ], [ -117.431333732057993, 48.633339546296199, 0.0 ], [ -117.444875401616002, 48.633339544821403, 0.0 ], [ -117.458417071173997, 48.633339543346402, 0.0 ], [ -117.471958739729999, 48.633339541871301, 0.0 ], [ -117.485500409284995, 48.633339540396001, 0.0 ], [ -117.499042078838997, 48.633339538920502, 0.0 ], [ -117.512583747392, 48.633339537444797, 0.0 ], [ -117.526125416945007, 48.633339535969, 0.0 ], [ -117.539667086495996, 48.633339534492997, 0.0 ], [ -117.553208755046001, 48.633339533016802, 0.0 ], [ -117.566750424595995, 48.6333395315404, 0.0 ], [ -117.580292094143999, 48.6333395300639, 0.0 ], [ -117.593833762691006, 48.6333395285872, 0.0 ], [ -117.607375432238001, 48.633339527110302, 0.0 ], [ -117.620917101782993, 48.633339525633303, 0.0 ], [ -117.634458770327996, 48.633339524156099, 0.0 ], [ -117.648000439870998, 48.633339522678703, 0.0 ], [ -117.661542109414, 48.633339521201101, 0.0 ], [ -117.675083777954995, 48.6333395197234, 0.0 ], [ -117.688625447495994, 48.633339518245499, 0.0 ], [ -117.702167117035003, 48.6333395167674, 0.0 ], [ -117.715708785573995, 48.633339515289101, 0.0 ], [ -117.729250455111, 48.633339513810697, 0.0 ], [ -117.742792124648005, 48.6333395123321, 0.0 ], [ -117.756333793183003, 48.633339510853297, 0.0 ], [ -117.769875462718005, 48.633339509374402, 0.0 ], [ -117.783417132251998, 48.6333395078953, 0.0 ], [ -117.796958800783997, 48.633339506416, 0.0 ], [ -117.810500470316001, 48.633339504936501, 0.0 ], [ -117.824042139846995, 48.633339503456902, 0.0 ], [ -117.837583808375996, 48.633339501977098, 0.0 ], [ -117.851125477905001, 48.633339500497101, 0.0 ], [ -117.864667147432996, 48.633339499016998, 0.0 ], [ -117.878208815959994, 48.633339497536603, 0.0 ], [ -117.891750485486, 48.633339496056102, 0.0 ], [ -117.905292155010002, 48.633339494575502, 0.0 ], [ -117.918833823534001, 48.633339493094603, 0.0 ], [ -117.932375493056995, 48.633339491613597, 0.0 ], [ -117.945917162578993, 48.633339490132499, 0.0 ], [ -117.959458831099994, 48.633339488651103, 0.0 ], [ -117.973000500620003, 48.6333394871696, 0.0 ], [ -117.986542170139003, 48.633339485687898, 0.0 ], [ -118.000083838655996, 48.633339484206097, 0.0 ], [ -118.013625508173007, 48.633339482723997, 0.0 ], [ -118.027167177688995, 48.633339481241798, 0.0 ], [ -118.040708846203998, 48.633339479759499, 0.0 ], [ -118.054250515717996, 48.633339478276902, 0.0 ], [ -118.067792185230999, 48.633339476794198, 0.0 ], [ -118.081333853743004, 48.633339475311402, 0.0 ], [ -118.094875523254004, 48.6333394738283, 0.0 ], [ -118.108417192763994, 48.633339472345099, 0.0 ], [ -118.121958861273001, 48.633339470861699, 0.0 ], [ -118.135500530781997, 48.6333394693781, 0.0 ], [ -118.149042200289003, 48.633339467894402, 0.0 ], [ -118.162583868794997, 48.633339466410497, 0.0 ], [ -118.176125538299999, 48.633339464926401, 0.0 ], [ -118.183625538135004, 48.627117241713201, 0.0 ], [ -118.18668109283, 48.619617240906699, 0.0 ], [ -118.189736645834003, 48.609339461925501, 0.0 ], [ -118.18890331019, 48.599339461387302, 0.0 ], [ -118.185292196448998, 48.591006128257902, 0.0 ], [ -118.181125527158997, 48.584895017328897, 0.0 ], [ -118.183903304153006, 48.578783905639597, 0.0 ], [ -118.191681082900004, 48.5760061266134, 0.0 ], [ -118.195569970755002, 48.568506125714997, 0.0 ], [ -118.199736635592998, 48.560728346768798, 0.0 ], [ -118.202792189468994, 48.549895012751399, 0.0 ], [ -118.204181077623005, 48.545450567319101, 0.0 ], [ -118.215292190122994, 48.543228343964003, 0.0 ], [ -118.222236634509002, 48.539617231976898, 0.0 ], [ -118.227514410935001, 48.529339452751799, 0.0 ], [ -118.234181075723995, 48.515450562146903, 0.0 ], [ -118.242514407992005, 48.506283894657898, 0.0 ], [ -118.252792184108003, 48.491006114570901, 0.0 ], [ -118.260847736406006, 48.474061668621403, 0.0 ], [ -118.267792176447998, 48.448783888266298, 0.0 ], [ -118.270292172528997, 48.431006108869198, 0.0 ], [ -118.266681057105004, 48.4157283302956, 0.0 ], [ -118.258625494162004, 48.393506107764502, 0.0 ], [ -118.253903267612003, 48.378506107326501, 0.0 ], [ -118.245014372754, 48.361283885199299, 0.0 ], [ -118.240014368093995, 48.346006106771, 0.0 ], [ -118.241403253748999, 48.331283883682403, 0.0 ], [ -118.242792141470005, 48.325006105131401, 0.0 ] ] ] } },
{ "type": "Feature", "properties": { "OBJECTID": 912, "GLOBAL_ID": "3CBF2607-8AB8-4399-B231-DBCC37CFA973", "NAME": "ROOSEVELT B MOA", "TYPE_CODE": "MOA", "CLASS": null, "UPPER_DESC": "TNI", "UPPER_VAL": "9000", "UPPER_UOM": "FT", "UPPER_CODE": "MSL", "LOWER_DESC": "ANI", "LOWER_VAL": "1500", "LOWER_UOM": "FT", "LOWER_CODE": "SFC", "LEVEL_CODE": "L", "CITY": null, "STATE": "WA", "COUNTRY": "UNITED STATES", "CONT_AGENT": "FAA, SEATTLE ARTCC", "COMM_NAME": null, "SECTOR": "EXCLUSION1 EXCLUDES 1500 FT AND BELOW", "ONSHORE": "1", "EXCLUSION": "1", "TIMESOFUSE": "INTERMITTENT BY NOTAM", "GMTOFFSET": "-8", "DST_CODE": "1", "REMARKS": "EXCLUDES 1500 FT AND BELOW", "AK_LOW": 0, "AK_HIGH": 0, "US_LOW": 1, "US_HIGH": 0, "US_AREA": 0, "PACIFIC": 0, "Shape__Area": 0.011848929983898415, "Shape__Length": 0.39824363430756432 }, "geometry": { "type": "Polygon", "coordinates": [ [ [ -118.655049345050998, 48.668385132479401, 0.0 ], [ -118.657757481545005, 48.668385132181101, 0.0 ], [ -118.660463879055001, 48.668449457886901, 0.0 ], [ -118.663165057580002, 48.668578025597199, 0.0 ], [ -118.665857546119, 48.668770670312398, 0.0 ], [ -118.668537884673, 48.6690271450328, 0.0 ], [ -118.671202629239005, 48.6693471207588, 0.0 ], [ -118.673848352817998, 48.669730184490803, 0.0 ], [ -118.676471655407994, 48.670175846229, 0.0 ], [ -118.679069165008997, 48.670683530973903, 0.0 ], [ -118.681637542619995, 48.6712525867257, 0.0 ], [ -118.684173485241004, 48.671882282484802, 0.0 ], [ -118.686673732870005, 48.672571809251401, 0.0 ], [ -118.689135068506005, 48.673320280025898, 0.0 ], [ -118.691554327150001, 48.674126731808499, 0.0 ], [ -118.693928397798999, 48.674990129599699, 0.0 ], [ -118.696254224453995, 48.675909362399501, 0.0 ], [ -118.698528814113999, 48.676883248208298, 0.0 ], [ -118.700749240776005, 48.677910536026197, 0.0 ], [ -118.702912644441994, 48.678989902853601, 0.0 ], [ -118.705016239109, 48.680119962690803, 0.0 ], [ -118.707057317777995, 48.681299260537699, 0.0 ], [ -118.709033248446005, 48.6825262813948, 0.0 ], [ -118.710941486113995, 48.683799446262, 0.0 ], [ -118.712779571780004, 48.685117117139697, 0.0 ], [ -118.714545133444005, 48.686477599028002, 0.0 ], [ -118.716235896103996, 48.687879142927002, 0.0 ], [ -118.717849676761006, 48.6893199438369, 0.0 ], [ -118.719384392411996, 48.690798149757804, 0.0 ], [ -118.720838061058004, 48.692311856689699, 0.0 ], [ -118.722208805696994, 48.693859117632798, 0.0 ], [ -118.723494853328006, 48.695437941587102, 0.0 ], [ -118.724694540952001, 48.697046295552802, 0.0 ], [ -118.725806315566004, 48.698682108529702, 0.0 ], [ -118.726828738169999, 48.700343276518097, 0.0 ], [ -118.727760482763998, 48.702027659517903, 0.0 ], [ -118.728600341347004, 48.703733088528999, 0.0 ], [ -118.729347221916996, 48.705457367551602, 0.0 ], [ -118.730000153473995, 48.707198275585498, 0.0 ], [ -118.730558285018006, 48.708953570630698, 0.0 ], [ -118.731020888548002, 48.7107209926872, 0.0 ], [ -118.731387357062005, 48.712498262754899, 0.0 ], [ -118.731657208561003, 48.714283090833597, 0.0 ], [ -118.731830085043995, 48.716073178923402, 0.0 ], [ -118.731905753510006, 48.717866220024099, 0.0 ], [ -118.731884105958002, 48.7196599011356, 0.0 ], [ -118.731765159388004, 48.721451912257599, 0.0 ], [ -118.731549057799995, 48.723239941390197, 0.0 ], [ -118.731236069191993, 48.7250216855331, 0.0 ], [ -118.730826586565001, 48.726794845686101, 0.0 ], [ -118.730321126917005, 48.728557135849002, 0.0 ], [ -118.729720334248995, 48.730306283021598, 0.0 ], [ -118.729024972559998, 48.732040031203802, 0.0 ], [ -118.728235927848999, 48.733756144395201, 0.0 ], [ -118.727354211117003, 48.735452408595599, 0.0 ], [ -118.726380948362007, 48.737126635804898, 0.0 ], [ -118.725317386585004, 48.738776664022602, 0.0 ], [ -118.724164890785005, 48.740400365248497, 0.0 ], [ -118.722924939961004, 48.741995644482401, 0.0 ], [ -118.721599124115002, 48.743560441723901, 0.0 ], [ -118.720189149245002, 48.745092737972698, 0.0 ], [ -118.718696826351007, 48.746590553228501, 0.0 ], [ -118.717124074433997, 48.748051956491103, 0.0 ], [ -118.715472919492001, 48.749475058759899, 0.0 ], [ -118.713745484526996, 48.750858024034798, 0.0 ], [ -118.711943996537002, 48.752199064315199, 0.0 ], [ -118.710070774523004, 48.753496449601101, 0.0 ], [ -118.708128233484999, 48.754748503891697, 0.0 ], [ -118.706118876423005, 48.755953609186903, 0.0 ], [ -118.704045295338005, 48.757110209486299, 0.0 ], [ -118.701910165228, 48.758216809789502, 0.0 ], [ -118.699716239094002, 48.759271981095999, 0.0 ], [ -118.697466348936999, 48.7602743594055, 0.0 ], [ -118.695163397757, 48.7612226507175, 0.0 ], [ -118.692810360552997, 48.762115629031797, 0.0 ], [ -118.690410273327004, 48.762952140347799, 0.0 ], [ -118.687966236077997, 48.763731103665201, 0.0 ], [ -118.685481406807, 48.764451512983499, 0.0 ], [ -118.682958994513996, 48.765112435302399, 0.0 ], [ -118.680402257199006, 48.765713018621398, 0.0 ], [ -118.677814499863004, 48.766252484940097, 0.0 ], [ -118.675199065506007, 48.766730138258197, 0.0 ], [ -118.672559335128994, 48.767145359575103, 0.0 ], [ -118.669898719732998, 48.767497613890399, 0.0 ], [ -118.667220658317007, 48.767786445203903, 0.0 ], [ -118.664528613881998, 48.768011479515003, 0.0 ], [ -118.661826064428993, 48.768172426823398, 0.0 ], [ -118.659116504959002, 48.768269079128601, 0.0 ], [ -118.656403438471003, 48.768301310430303, 0.0 ], [ -118.653690371967997, 48.7682690797281, 0.0 ], [ -118.650980812447997, 48.768172428021501, 0.0 ], [ -118.648278262914005, 48.768011481310197, 0.0 ], [ -118.645586217364993, 48.767786447593899, 0.0 ], [ -118.642908156803003, 48.767497616872099, 0.0 ], [ -118.640247541228007, 48.7671453631445, 0.0 ], [ -118.637607810640006, 48.7667301424108, 0.0 ], [ -118.634992376042007, 48.766252489670499, 0.0 ], [ -118.632404618432005, 48.765713023923396, 0.0 ], [ -118.629847880813003, 48.765112441169201, 0.0 ], [ -118.627325468185006, 48.764451519407501, 0.0 ], [ -118.624840637548999, 48.763731110637899, 0.0 ], [ -118.622396600905006, 48.762952147860297, 0.0 ], [ -118.619996513255003, 48.762115637074203, 0.0 ], [ -118.617643474599006, 48.761222659279603, 0.0 ], [ -118.615340523938997, 48.760274368475997, 0.0 ], [ -118.613090633273998, 48.759271990663201, 0.0 ], [ -118.610896706605999, 48.758216819841003, 0.0 ], [ -118.608761575936001, 48.757110220009103, 0.0 ], [ -118.606687994265002, 48.755953620167404, 0.0 ], [ -118.604678636592993, 48.754748515315498, 0.0 ], [ -118.602736094921994, 48.753496461453501, 0.0 ], [ -118.600862872251994, 48.752199076580901, 0.0 ], [ -118.599061382583997, 48.750858036697799, 0.0 ], [ -118.597333947918997, 48.7494750718039, 0.0 ], [ -118.595682791258, 48.748051969899102, 0.0 ], [ -118.594110039601006, 48.746590566983301, 0.0 ], [ -118.592617715949999, 48.745092752056401, 0.0 ], [ -118.591207740306004, 48.743560456118203, 0.0 ], [ -118.589881923668003, 48.741995659168701, 0.0 ], [ -118.588641971038996, 48.740400380208001, 0.0 ], [ -118.587489474419002, 48.738776679235698, 0.0 ], [ -118.586425912807996, 48.737126651252098, 0.0 ], [ -118.585452649207994, 48.735452424256898, 0.0 ], [ -118.584570930618995, 48.733756160250302, 0.0 ], [ -118.583781886042004, 48.732040047232204, 0.0 ], [ -118.583086523478002, 48.730306299202702, 0.0 ], [ -118.582485728928006, 48.728557152161898, 0.0 ], [ -118.581980269390996, 48.726794862109699, 0.0 ], [ -118.581570785869005, 48.725021702046199, 0.0 ], [ -118.581257796363005, 48.723239957971501, 0.0 ], [ -118.581041692873995, 48.721451928885799, 0.0 ], [ -118.580922746400006, 48.719659917789102, 0.0 ], [ -118.580901097945002, 48.717866236681502, 0.0 ], [ -118.580976765507003, 48.716073195563297, 0.0 ], [ -118.581149641088004, 48.714283107434497, 0.0 ], [ -118.581419491687996, 48.712498279295303, 0.0 ], [ -118.581785959307993, 48.7107210091459, 0.0 ], [ -118.582248560948003, 48.708953586986603, 0.0 ], [ -118.582806692608003, 48.707198291817399, 0.0 ], [ -118.583459623289997, 48.705457383638702, 0.0 ], [ -118.584206502992998, 48.703733104450599, 0.0 ], [ -118.585046360717001, 48.702027675253497, 0.0 ], [ -118.585978104464004, 48.700343292047499, 0.0 ], [ -118.587000526232998, 48.698682123832903, 0.0 ], [ -118.588112300025003, 48.697046310610098, 0.0 ], [ -118.589311986840002, 48.695437956379202, 0.0 ], [ -118.590598033679001, 48.693859132140702, 0.0 ], [ -118.591968777540004, 48.692311870894798, 0.0 ], [ -118.593422445426, 48.690798163641801, 0.0 ], [ -118.594957160334999, 48.689319957381997, 0.0 ], [ -118.596570940267995, 48.687879156115798, 0.0 ], [ -118.598261702225003, 48.6864776118436, 0.0 ], [ -118.600027263206002, 48.685117129565597, 0.0 ], [ -118.601865348209998, 48.683799458282301, 0.0 ], [ -118.603773585238997, 48.682526292994098, 0.0 ], [ -118.605749515292004, 48.6812992717011, 0.0 ], [ -118.607790592369, 48.680119973403997, 0.0 ], [ -118.609894187468996, 48.678989913102903, 0.0 ], [ -118.612057590594006, 48.677910545798497, 0.0 ], [ -118.614278015740993, 48.6768832574909, 0.0 ], [ -118.616552605912005, 48.675909371180701, 0.0 ], [ -118.618878432106001, 48.6749901378682, 0.0 ], [ -118.621252501322999, 48.674126739553699, 0.0 ], [ -118.623671760562004, 48.6733202872378, 0.0 ], [ -118.626133095824002, 48.672571815920897, 0.0 ], [ -118.628633342106994, 48.6718822886032, 0.0 ], [ -118.631169285412, 48.671252592285299, 0.0 ], [ -118.633737661737996, 48.670683535967598, 0.0 ], [ -118.636335172084998, 48.670175850650402, 0.0 ], [ -118.638958474451996, 48.6697301883341, 0.0 ], [ -118.641604197839001, 48.669347124019197, 0.0 ], [ -118.644268941245002, 48.669027147706103, 0.0 ], [ -118.64694928067, 48.668770672395198, 0.0 ], [ -118.649641769113003, 48.668578027086802, 0.0 ], [ -118.652342947573004, 48.668449458781502, 0.0 ], [ -118.655049345050998, 48.668385132479401, 0.0 ] ] ] } },
{ "type": "Feature", "properties": { "OBJECTID": 1197, "GLOBAL_ID": "0CD5C191-EE18-4BDD-876A-3D186460DFB2", "NAME": "R-6703D", "TYPE_CODE": "R", "CLASS": null, "UPPER_DESC": "TI", "UPPER_VAL": "14000", "UPPER_UOM": "FT", "UPPER_CODE": "MSL", "LOWER_DESC": null, "LOWER_VAL": "0", "LOWER_UOM": "FT", "LOWER_CODE": "SFC", "LEVEL_CODE": "L", "CITY": "JOINT BASE LEWIS-MCCHORD", "STATE": "WA", "COUNTRY": "UNITED STATES", "CONT_AGENT": "FAA, SEATTLE TRACON", "COMM_NAME": null, "SECTOR": null, "ONSHORE": "1", "EXCLUSION": "0", "TIMESOFUSE": "0700 - 2300, MON - FRI; OTHER TIMES BY NOTAM 2 HOURS IN ADVANCE", "GMTOFFSET": "-8", "DST_CODE": "1", "REMARKS": null, "AK_LOW": 0, "AK_HIGH": 0, "US_LOW": 1, "US_HIGH": 0, "US_AREA": 0, "PACIFIC": 0, "Shape__Area": 0.0058245720970262482, "Shape__Length": 0.33358630398245176 }, "geometry": { "type": "Polygon", "coordinates": [ [ [ -122.631809240188005, 46.9887138843009, 0.0 ], [ -122.632237017977005, 46.987505551190203, 0.0 ], [ -122.621959238610998, 46.988616663357099, 0.0 ], [ -122.628903680682001, 46.9711166616733, 0.0 ], [ -122.647514790469003, 46.953061103703902, 0.0 ], [ -122.728348136256002, 46.953338872014598, 0.0 ], [ -122.685848152296003, 47.051949992836001, 0.0 ], [ -122.680292595713993, 47.048894438273997, 0.0 ], [ -122.680014816707001, 47.044727771082897, 0.0 ], [ -122.677514816121004, 47.043894438308698, 0.0 ], [ -122.671403703066005, 47.039172216717802, 0.0 ], [ -122.666403700930999, 47.033338882947497, 0.0 ], [ -122.663625921339005, 47.028338882981501, 0.0 ], [ -122.662514808880999, 47.022783327805897, 0.0 ], [ -122.657237029279997, 47.019449994197998, 0.0 ], [ -122.655570362183994, 47.015838883185602, 0.0 ], [ -122.651125915842997, 47.013061106517, 0.0 ], [ -122.649737025663995, 47.008894439444802, 0.0 ], [ -122.645698135025, 47.0045472176487, 0.0 ], [ -122.637364799558, 46.999547218280398, 0.0 ], [ -122.633475909561, 46.997880551610699, 0.0 ], [ -122.631809240188005, 46.9887138843009, 0.0 ] ] ] } },
{ "type": "Feature", "properties": { "OBJECTID": 1246, "GLOBAL_ID": "22AD89BB-94FF-47B1-B9E3-BF6F698DECF2", "NAME": "R-6703A", "TYPE_CODE": "R", "CLASS": null, "UPPER_DESC": "TI", "UPPER_VAL": "14000", "UPPER_UOM": "FT", "UPPER_CODE": "MSL", "LOWER_DESC": null, "LOWER_VAL": "0", "LOWER_UOM": "FT", "LOWER_CODE": "SFC", "LEVEL_CODE": "L", "CITY": "JOINT BASE LEWIS-MCCHORD", "STATE": "WA", "COUNTRY": "UNITED STATES", "CONT_AGENT": "FAA, SEATTLE TRACON", "COMM_NAME": null, "SECTOR": null, "ONSHORE": "1", "EXCLUSION": "0", "TIMESOFUSE": "0700 - 2300, MON - FRI; OTHER TIMES BY NOTAM 2 HOURS IN ADVANCE", "GMTOFFSET": "-8", "DST_CODE": "1", "REMARKS": null, "AK_LOW": 0, "AK_HIGH": 0, "US_LOW": 1, "US_HIGH": 0, "US_AREA": 0, "PACIFIC": 0, "Shape__Area": 0.0028103395161451772, "Shape__Length": 0.23155560600884539 }, "geometry": { "type": "Polygon", "coordinates": [ [ [ -122.614181474925999, 47.0516722235609, 0.0 ], [ -122.625848138660999, 47.033894443354299, 0.0 ], [ -122.642514808548, 47.035005552614699, 0.0 ], [ -122.648070365937997, 47.037227774133299, 0.0 ], [ -122.653903700179001, 47.038616662577503, 0.0 ], [ -122.660292590186003, 47.038616661887801, 0.0 ], [ -122.671403703066005, 47.039172216717802, 0.0 ], [ -122.677514816121004, 47.043894438308698, 0.0 ], [ -122.680014816707001, 47.044727771082897, 0.0 ], [ -122.680292595713993, 47.048894438273997, 0.0 ], [ -122.685848152296003, 47.051949992836001, 0.0 ], [ -122.685848157888998, 47.0761166611166, 0.0 ], [ -122.638625928891003, 47.078061111324097, 0.0 ], [ -122.5944592508, 47.0602833371494, 0.0 ], [ -122.596681472737998, 47.054172225583599, 0.0 ], [ -122.614181474925999, 47.0516722235609, 0.0 ] ] ] } },
{ "type": "Feature", "properties": { "OBJECTID": 1247, "GLOBAL_ID": "88949620-7864-4340-B8B5-540548EE48B9", "NAME": "R-6714A", "TYPE_CODE": "R", "CLASS": null, "UPPER_DESC": "TNI", "UPPER_VAL": "29000", "UPPER_UOM": "FT", "UPPER_CODE": "MSL", "LOWER_DESC": null, "LOWER_VAL": "0", "LOWER_UOM": "FT", "LOWER_CODE": "SFC", "LEVEL_CODE": "B", "CITY": "YAKIMA", "STATE": "WA", "COUNTRY": "UNITED STATES", "CONT_AGENT": "FAA, SEATTLE ARTCC", "COMM_NAME": null, "SECTOR": null, "ONSHORE": "1", "EXCLUSION": "0", "TIMESOFUSE": "INTERMITTENT BY NOTAM", "GMTOFFSET": "-8", "DST_CODE": "1", "REMARKS": null, "AK_LOW": 0, "AK_HIGH": 1, "US_LOW": 1, "US_HIGH": 1, "US_AREA": 0, "PACIFIC": 0, "Shape__Area": 0.092406948130701494, "Shape__Length": 1.2880658095555679 }, "geometry": { "type": "Polygon", "coordinates": [ [ [ -119.971958738466995, 46.707783595603601, 0.0 ], [ -120.047236502166996, 46.584450245894402, 0.0 ], [ -120.340569896296998, 46.630561330110403, 0.0 ], [ -120.340292120643994, 46.641394663815802, 0.0 ], [ -120.370292127572995, 46.649727994189, 0.0 ], [ -120.436681040134005, 46.7052835466651, 0.0 ], [ -120.437026040264996, 46.705614101649203, 0.0 ], [ -120.429435206213995, 46.711161602790803, 0.0 ], [ -120.426143262012005, 46.712763548235998, 0.0 ], [ -120.415466315334996, 46.713349382395101, 0.0 ], [ -120.413572149123993, 46.713844660625, 0.0 ], [ -120.411779371055005, 46.714898549878697, 0.0 ], [ -120.404387149664004, 46.723270773174697, 0.0 ], [ -120.390977148093995, 46.726428552780803, 0.0 ], [ -120.387700202964993, 46.728346053244302, 0.0 ], [ -120.385703259131006, 46.7306135535948, 0.0 ], [ -120.384771314860998, 46.7346046649402, 0.0 ], [ -120.388922152270993, 46.7467596652561, 0.0 ], [ -120.388627152975005, 46.750144665496698, 0.0 ], [ -120.386377153305006, 46.753335776931003, 0.0 ], [ -120.382566597346994, 46.756426610523498, 0.0 ], [ -120.380617153510997, 46.758642721865897, 0.0 ], [ -120.379168819921006, 46.761583000200297, 0.0 ], [ -120.376552155520997, 46.770748557042999, 0.0 ], [ -120.368827156923999, 46.782906613608802, 0.0 ], [ -120.358349379306006, 46.792581615311299, 0.0 ], [ -120.357859379664006, 46.794558560485299, 0.0 ], [ -120.358028547060997, 46.796204393569198, 0.0 ], [ -120.355292157763003, 46.796950226903803, 0.0 ], [ -120.150569913306995, 46.852505807934001, 0.0 ], [ -119.967792103340997, 46.8497280490148, 0.0 ], [ -119.960175991002998, 46.849606105808803, 0.0 ], [ -119.959519323742995, 46.848946660836397, 0.0 ], [ -119.959587379192996, 46.846432771670699, 0.0 ], [ -119.956085154853994, 46.843140549831801, 0.0 ], [ -119.955422099239996, 46.840901660760402, 0.0 ], [ -119.952789042424001, 46.839279716935103, 0.0 ], [ -119.949988485483999, 46.832749716817801, 0.0 ], [ -119.932564588508001, 46.814931384524598, 0.0 ], [ -119.930586254347006, 46.811249995499701, 0.0 ], [ -119.929792364698002, 46.804466939154103, 0.0 ], [ -119.934118195582997, 46.7916308268873, 0.0 ], [ -119.943029583466, 46.779728603197903, 0.0 ], [ -119.949049583255999, 46.774128602211299, 0.0 ], [ -119.961242083884997, 46.767532489513599, 0.0 ], [ -119.965827361590001, 46.762661377724001, 0.0 ], [ -119.970649583874007, 46.760212210062903, 0.0 ], [ -119.974830693805998, 46.752175264115401, 0.0 ], [ -119.974174582033996, 46.749203319996099, 0.0 ], [ -119.979110412443006, 46.733715262497697, 0.0 ], [ -119.978538188738995, 46.726475262099001, 0.0 ], [ -119.977378187902005, 46.7235991510384, 0.0 ], [ -119.977537909507006, 46.721695261900997, 0.0 ], [ -119.972845684320006, 46.710945261711203, 0.0 ], [ -119.971402350573001, 46.708693039719599, 0.0 ], [ -119.971958738466995, 46.707783595603601, 0.0 ] ] ] } },
{ "type": "Feature", "properties": { "OBJECTID": 1248, "GLOBAL_ID": "68054A5A-E7F1-4940-85F5-A44F2F039426", "NAME": "R-6714E", "TYPE_CODE": "R", "CLASS": null, "UPPER_DESC": "TNI", "UPPER_VAL": "55000", "UPPER_UOM": "FT", "UPPER_CODE": "MSL", "LOWER_DESC": null, "LOWER_VAL": "29000", "LOWER_UOM": "FT", "LOWER_CODE": "MSL", "LEVEL_CODE": "U", "CITY": "YAKIMA", "STATE": "WA", "COUNTRY": "UNITED STATES", "CONT_AGENT": "FAA, SEATTLE ARTCC", "COMM_NAME": null, "SECTOR": null, "ONSHORE": "1", "EXCLUSION": "0", "TIMESOFUSE": "INTERMITTENT BY NOTAM", "GMTOFFSET": "-8", "DST_CODE": "1", "REMARKS": null, "AK_LOW": 0, "AK_HIGH": 1, "US_LOW": 0, "US_HIGH": 0, "US_AREA": 0, "PACIFIC": 0, "Shape__Area": 0.13029317172458832, "Shape__Length": 1.6053319902880854 }, "geometry": { "type": "Polygon", "coordinates": [ [ [ -119.935847608436006, 46.649728039691098, 0.0 ], [ -119.936958716503995, 46.635561372671397, 0.0 ], [ -119.917792047210995, 46.635561374674602, 0.0 ], [ -119.917792031770006, 46.565283592177998, 0.0 ], [ -119.917792029579005, 46.555283591536799, 0.0 ], [ -119.917792027814997, 46.547228035020098, 0.0 ], [ -120.073625387513005, 46.547228018772302, 0.0 ], [ -120.340569893414994, 46.617505773294901, 0.0 ], [ -120.340569896296998, 46.630561330110403, 0.0 ], [ -120.340292120643994, 46.641394663815802, 0.0 ], [ -120.370292127572995, 46.649727994189, 0.0 ], [ -120.395847686902997, 46.649727991507802, 0.0 ], [ -120.444181034929002, 46.676116877071202, 0.0 ], [ -120.436681040134005, 46.7052835466651, 0.0 ], [ -120.437026040264996, 46.705614101649203, 0.0 ], [ -120.429435206213995, 46.711161602790803, 0.0 ], [ -120.426143262012005, 46.712763548235998, 0.0 ], [ -120.415466315334996, 46.713349382395101, 0.0 ], [ -120.413572149123993, 46.713844660625, 0.0 ], [ -120.411779371055005, 46.714898549878697, 0.0 ], [ -120.404387149664004, 46.723270773174697, 0.0 ], [ -120.390977148093995, 46.726428552780803, 0.0 ], [ -120.387700202964993, 46.728346053244302, 0.0 ], [ -120.385703259131006, 46.7306135535948, 0.0 ], [ -120.384771314860998, 46.7346046649402, 0.0 ], [ -120.388922152270993, 46.7467596652561, 0.0 ], [ -120.388627152975005, 46.750144665496698, 0.0 ], [ -120.386377153305006, 46.753335776931003, 0.0 ], [ -120.382566597346994, 46.756426610523498, 0.0 ], [ -120.380617153510997, 46.758642721865897, 0.0 ], [ -120.379168819921006, 46.761583000200297, 0.0 ], [ -120.376552155520997, 46.770748557042999, 0.0 ], [ -120.368827156923999, 46.782906613608802, 0.0 ], [ -120.358349379306006, 46.792581615311299, 0.0 ], [ -120.357859379664006, 46.794558560485299, 0.0 ], [ -120.358028547060997, 46.796204393569198, 0.0 ], [ -120.358112713257, 46.797016615610602, 0.0 ], [ -120.358663270548007, 46.8023757828839, 0.0 ], [ -120.352163271240002, 46.810408562065703, 0.0 ], [ -120.352373271752001, 46.812536617175098, 0.0 ], [ -120.357062163259997, 46.8201846731532, 0.0 ], [ -120.360569942610994, 46.8235596729916, 0.0 ], [ -120.360569943246006, 46.826394673166703, 0.0 ], [ -120.360569949099002, 46.852505785777602, 0.0 ], [ -120.276125489734994, 46.852505794691197, 0.0 ], [ -120.251125497952998, 46.9080613567697, 0.0 ], [ -119.967792103340997, 46.8497280490148, 0.0 ], [ -119.960175991002998, 46.849606105808803, 0.0 ], [ -119.959519323742995, 46.848946660836397, 0.0 ], [ -119.959587379192996, 46.846432771670699, 0.0 ], [ -119.956085154853994, 46.843140549831801, 0.0 ], [ -119.955422099239996, 46.840901660760402, 0.0 ], [ -119.952789042424001, 46.839279716935103, 0.0 ], [ -119.949988485483999, 46.832749716817801, 0.0 ], [ -119.932564588508001, 46.814931384524598, 0.0 ], [ -119.930586254347006, 46.811249995499701, 0.0 ], [ -119.929792364698002, 46.804466939154103, 0.0 ], [ -119.934118195582997, 46.7916308268873, 0.0 ], [ -119.943029583466, 46.779728603197903, 0.0 ], [ -119.949049583255999, 46.774128602211299, 0.0 ], [ -119.961242083884997, 46.767532489513599, 0.0 ], [ -119.965827361590001, 46.762661377724001, 0.0 ], [ -119.970649583874007, 46.760212210062903, 0.0 ], [ -119.974830693805998, 46.752175264115401, 0.0 ], [ -119.974174582033996, 46.749203319996099, 0.0 ], [ -119.979110412443006, 46.733715262497697, 0.0 ], [ -119.978538188738995, 46.726475262099001, 0.0 ], [ -119.977378187902005, 46.7235991510384, 0.0 ], [ -119.977537909507006, 46.721695261900997, 0.0 ], [ -119.972845684320006, 46.710945261711203, 0.0 ], [ -119.971402350573001, 46.708693039719599, 0.0 ], [ -119.956761231000996, 46.685837484801802, 0.0 ], [ -119.956563175457006, 46.683529428675797, 0.0 ], [ -119.954800952615003, 46.6810913737052, 0.0 ], [ -119.954006784442996, 46.6764035954902, 0.0 ], [ -119.943943168038004, 46.659752484483299, 0.0 ], [ -119.939563999792, 46.657517761798999, 0.0 ], [ -119.937144554151004, 46.651962761698002, 0.0 ], [ -119.935750664691, 46.650962484780003, 0.0 ], [ -119.935847608436006, 46.649728039691098, 0.0 ] ] ] } },
{ "type": "Feature", "properties": { "OBJECTID": 1249, "GLOBAL_ID": "2269EC38-C088-4A39-B0BD-D55B57C3C04E", "NAME": "R-6714F", "TYPE_CODE": "R", "CLASS": null, "UPPER_DESC": "TNI", "UPPER_VAL": "29000", "UPPER_UOM": "FT", "UPPER_CODE": "MSL", "LOWER_DESC": null, "LOWER_VAL": "0", "LOWER_UOM": "FT", "LOWER_CODE": "SFC", "LEVEL_CODE": "B", "CITY": "YAKIMA", "STATE": "WA", "COUNTRY": "UNITED STATES", "CONT_AGENT": "FAA, SEATTLE ARTCC", "COMM_NAME": null, "SECTOR": null, "ONSHORE": "1", "EXCLUSION": "0", "TIMESOFUSE": "INTERMITTENT BY NOTAM", "GMTOFFSET": "-8", "DST_CODE": "1", "REMARKS": null, "AK_LOW": 0, "AK_HIGH": 1, "US_LOW": 1, "US_HIGH": 1, "US_AREA": 0, "PACIFIC": 0, "Shape__Area": 0.0058593645567270869, "Shape__Length": 0.48642301963141454 }, "geometry": { "type": "Polygon", "coordinates": [ [ [ -120.355292157763003, 46.796950226903803, 0.0 ], [ -120.358028547060997, 46.796204393569198, 0.0 ], [ -120.358112713257, 46.797016615610602, 0.0 ], [ -120.358663270548007, 46.8023757828839, 0.0 ], [ -120.352163271240002, 46.810408562065703, 0.0 ], [ -120.352373271752001, 46.812536617175098, 0.0 ], [ -120.357062163259997, 46.8201846731532, 0.0 ], [ -120.360569942610994, 46.8235596729916, 0.0 ], [ -120.360569943246006, 46.826394673166703, 0.0 ], [ -120.360569949099002, 46.852505785777602, 0.0 ], [ -120.150569913306995, 46.852505807934001, 0.0 ], [ -120.355292157763003, 46.796950226903803, 0.0 ] ] ] } },
{ "type": "Feature", "properties": { "OBJECTID": 1250, "GLOBAL_ID": "0D8D60D5-45FA-4F28-893D-5FD4E45778DA", "NAME": "R-6714B", "TYPE_CODE": "R", "CLASS": null, "UPPER_DESC": "TNI", "UPPER_VAL": "29000", "UPPER_UOM": "FT", "UPPER_CODE": "MSL", "LOWER_DESC": null, "LOWER_VAL": "0", "LOWER_UOM": "FT", "LOWER_CODE": "SFC", "LEVEL_CODE": "B", "CITY": "YAKIMA", "STATE": "WA", "COUNTRY": "UNITED STATES", "CONT_AGENT": "FAA, SEATTLE ARTCC", "COMM_NAME": null, "SECTOR": null, "ONSHORE": "1", "EXCLUSION": "0", "TIMESOFUSE": "INTERMITTENT BY NOTAM", "GMTOFFSET": "-8", "DST_CODE": "1", "REMARKS": null, "AK_LOW": 0, "AK_HIGH": 1, "US_LOW": 1, "US_HIGH": 1, "US_AREA": 0, "PACIFIC": 0, "Shape__Area": 0.010208957687154907, "Shape__Length": 0.45067582609725071 }, "geometry": { "type": "Polygon", "coordinates": [ [ [ -119.935847608436006, 46.649728039691098, 0.0 ], [ -119.936958716503995, 46.635561372671397, 0.0 ], [ -119.917792047210995, 46.635561374674602, 0.0 ], [ -119.917792031770006, 46.565283592177998, 0.0 ], [ -120.047236502166996, 46.584450245894402, 0.0 ], [ -119.971958738466995, 46.707783595603601, 0.0 ], [ -119.971402350573001, 46.708693039719599, 0.0 ], [ -119.956761231000996, 46.685837484801802, 0.0 ], [ -119.956563175457006, 46.683529428675797, 0.0 ], [ -119.954800952615003, 46.6810913737052, 0.0 ], [ -119.954006784442996, 46.6764035954902, 0.0 ], [ -119.943943168038004, 46.659752484483299, 0.0 ], [ -119.939563999792, 46.657517761798999, 0.0 ], [ -119.937144554151004, 46.651962761698002, 0.0 ], [ -119.935750664691, 46.650962484780003, 0.0 ], [ -119.935847608436006, 46.649728039691098, 0.0 ] ] ] } },
{ "type": "Feature", "properties": { "OBJECTID": 1256, "GLOBAL_ID": "7FCE50D9-ED23-41C4-8AB1-D203E39349C5", "NAME": "R-6714H", "TYPE_CODE": "R", "CLASS": null, "UPPER_DESC": "TNI", "UPPER_VAL": "5500", "UPPER_UOM": "FT", "UPPER_CODE": "MSL", "LOWER_DESC": null, "LOWER_VAL": "0", "LOWER_UOM": "FT", "LOWER_CODE": "SFC", "LEVEL_CODE": "L", "CITY": "YAKIMA", "STATE": "WA", "COUNTRY": "UNITED STATES", "CONT_AGENT": "FAA, SEATTLE ARTCC", "COMM_NAME": null, "SECTOR": null, "ONSHORE": "1", "EXCLUSION": "0", "TIMESOFUSE": "INTERMITTENT BY NOTAM", "GMTOFFSET": "-8", "DST_CODE": "1", "REMARKS": null, "AK_LOW": 0, "AK_HIGH": 0, "US_LOW": 1, "US_HIGH": 0, "US_AREA": 0, "PACIFIC": 0, "Shape__Area": 0.010208242373209941, "Shape__Length": 0.64050943279902639 }, "geometry": { "type": "Polygon", "coordinates": [ [ [ -119.963820158038004, 46.851428605540001, 0.0 ], [ -119.963682935619005, 46.8496622164432, 0.0 ], [ -119.967792103340997, 46.8497280490148, 0.0 ], [ -120.251125497952998, 46.9080613567697, 0.0 ], [ -120.251125501141999, 46.922228023645403, 0.0 ], [ -120.009144759340998, 46.916147528828297, 0.0 ], [ -120.007036469745003, 46.9151066959856, 0.0 ], [ -120.004858469153007, 46.914139012154799, 0.0 ], [ -120.002585547568998, 46.913279972340803, 0.0 ], [ -120.000229223996996, 46.912533929542597, 0.0 ], [ -119.997801441438, 46.911904663759302, 0.0 ], [ -119.995314502895994, 46.911395361989797, 0.0 ], [ -119.992781010372994, 46.911008606232798, 0.0 ], [ -119.991958787193994, 46.9108391613089, 0.0 ], [ -119.994275176008003, 46.908237771901497, 0.0 ], [ -119.994933231439006, 46.905198605641402, 0.0 ], [ -119.993816285495001, 46.901850827549197, 0.0 ], [ -119.988676282794003, 46.893755827583298, 0.0 ], [ -119.988273227107996, 46.8910058274531, 0.0 ], [ -119.988750170016999, 46.885775827074397, 0.0 ], [ -119.985344612644994, 46.877805548932599, 0.0 ], [ -119.982059333291005, 46.874285827057598, 0.0 ], [ -119.979002109552994, 46.8688727710393, 0.0 ], [ -119.975006274240002, 46.866079716284503, 0.0 ], [ -119.972245162384993, 46.864377771468199, 0.0 ], [ -119.964586269574994, 46.853241660573602, 0.0 ], [ -119.963820158038004, 46.851428605540001, 0.0 ] ] ] } },
{ "type": "Feature", "properties": { "OBJECTID": 1406, "GLOBAL_ID": "0FD388DE-C26D-45DC-B6FF-B405A2F02DB8", "NAME": "RAINIER 1 MOA", "TYPE_CODE": "MOA", "CLASS": null, "UPPER_DESC": "TI", "UPPER_VAL": "9000", "UPPER_UOM": "FT", "UPPER_CODE": "MSL", "LOWER_DESC": null, "LOWER_VAL": "2000", "LOWER_UOM": "FT", "LOWER_CODE": "MSL", "LEVEL_CODE": "L", "CITY": null, "STATE": "WA", "COUNTRY": "UNITED STATES", "CONT_AGENT": "FAA, SEATTLE TRACON", "COMM_NAME": null, "SECTOR": null, "ONSHORE": "1", "EXCLUSION": "0", "TIMESOFUSE": "INTERMITTENT BY NOTAM, CONTACT NEAREST FLIGHT SERVICE STATION", "GMTOFFSET": "-8", "DST_CODE": "1", "REMARKS": "EXCLUDES R-6703 A, B, C, D, E, F, H AND J WHEN ACTIVE", "AK_LOW": 0, "AK_HIGH": 0, "US_LOW": 1, "US_HIGH": 0, "US_AREA": 0, "PACIFIC": 0, "Shape__Area": 0.019978665108737914, "Shape__Length": 0.59534501453825273 }, "geometry": { "type": "Polygon", "coordinates": [ [ [ -122.725107379007, 46.880283313468702, 0.0 ], [ -122.736403676782004, 46.880283312254903, 0.0 ], [ -122.685848152296003, 47.051949992836001, 0.0 ], [ -122.685848157888998, 47.0761166611166, 0.0 ], [ -122.638625928891003, 47.078061111324097, 0.0 ], [ -122.5944592508, 47.0602833371494, 0.0 ], [ -122.591681439618995, 46.913616662594102, 0.0 ], [ -122.654459224039996, 46.902783322265201, 0.0 ], [ -122.702514782457001, 46.8802833158962, 0.0 ], [ -122.713811080232006, 46.880283314682501, 0.0 ], [ -122.725107379007, 46.880283313468702, 0.0 ] ] ] } },
{ "type": "Feature", "properties": { "OBJECTID": 1407, "GLOBAL_ID": "8695BCE0-65E5-4B55-9FA3-0B2C95DB8531", "NAME": "RAINIER 2 MOA", "TYPE_CODE": "MOA", "CLASS": null, "UPPER_DESC": "TI", "UPPER_VAL": "9000", "UPPER_UOM": "FT", "UPPER_CODE": "MSL", "LOWER_DESC": null, "LOWER_VAL": "2000", "LOWER_UOM": "FT", "LOWER_CODE": "MSL", "LEVEL_CODE": "L", "CITY": null, "STATE": "WA", "COUNTRY": "UNITED STATES", "CONT_AGENT": "FAA, SEATTLE TRACON", "COMM_NAME": null, "SECTOR": null, "ONSHORE": "1", "EXCLUSION": "0", "TIMESOFUSE": "INTERMITTENT BY NOTAM, CONTACT NEAREST FLIGHT SERVICE STATION", "GMTOFFSET": "-8", "DST_CODE": "1", "REMARKS": "EXCLUDES R-6703 F, G, H AND I WHEN ACTIVE", "AK_LOW": 0, "AK_HIGH": 0, "US_LOW": 1, "US_HIGH": 0, "US_AREA": 0, "PACIFIC": 0, "Shape__Area": 0.0058875000186162652, "Shape__Length": 0.36144751157722149 }, "geometry": { "type": "Polygon", "coordinates": [ [ [ -122.570848107226993, 46.935005554984301, 0.0 ], [ -122.591681439618995, 46.913616662594102, 0.0 ], [ -122.5944592508, 47.0602833371494, 0.0 ], [ -122.528348122281997, 47.029727786649097, 0.0 ], [ -122.528070342164, 47.016394452963503, 0.0 ], [ -122.543348116657995, 46.995005561168902, 0.0 ], [ -122.553625884160994, 46.942227779224901, 0.0 ], [ -122.570848107226993, 46.935005554984301, 0.0 ] ] ] } },
{ "type": "Feature", "properties": { "OBJECTID": 1426, "GLOBAL_ID": "DA5B78B2-2F11-4957-A44B-917B23B1B675", "NAME": "OLYMPIC MOA", "TYPE_CODE": "MOA", "CLASS": null, "UPPER_DESC": "TNI", "UPPER_VAL": "180", "UPPER_UOM": "FL", "UPPER_CODE": "STD", "LOWER_DESC": null, "LOWER_VAL": "6000", "LOWER_UOM": "FT", "LOWER_CODE": "MSL", "LEVEL_CODE": "L", "CITY": null, "STATE": "WA", "COUNTRY": "UNITED STATES", "CONT_AGENT": "FAA, SEATTLE ARTCC", "COMM_NAME": null, "SECTOR": null, "ONSHORE": "1", "EXCLUSION": "0", "TIMESOFUSE": "BY NOTAM", "GMTOFFSET": "-8", "DST_CODE": "1", "REMARKS": "EXCLUDES BELOW 1200 FT AGL", "AK_LOW": 1, "AK_HIGH": 0, "US_LOW": 1, "US_HIGH": 0, "US_AREA": 0, "PACIFIC": 0, "Shape__Area": 0.69513617377515402, "Shape__Length": 3.7426628107905304 }, "geometry": { "type": "Polygon", "coordinates": [ [ [ -123.668070665421993, 47.633061026704702, 0.0 ], [ -123.668070573749006, 47.249727674145703, 0.0 ], [ -124.252645348301002, 47.098569269943397, 0.0 ], [ -124.257066741943007, 47.115561770265302, 0.0 ], [ -124.267129522980994, 47.1263803806767, 0.0 ], [ -124.272660360526004, 47.137962047618899, 0.0 ], [ -124.273915084338995, 47.144881491808299, 0.0 ], [ -124.273746196952999, 47.151852881155698, 0.0 ], [ -124.272156476337003, 47.158740381654702, 0.0 ], [ -124.269464810387007, 47.164902326239996, 0.0 ], [ -124.280703710151997, 47.203460660823502, 0.0 ], [ -124.290365383950999, 47.226145104828603, 0.0 ], [ -124.297334555895006, 47.246877883034898, 0.0 ], [ -124.312828170949999, 47.250034825480903, 0.0 ], [ -124.326251785146994, 47.255095936242697, 0.0 ], [ -124.337839843493995, 47.261945101288902, 0.0 ], [ -124.348918736406006, 47.2714903785158, 0.0 ], [ -124.355428739390007, 47.279983989195102, 0.0 ], [ -124.359658464377006, 47.289910934191298, 0.0 ], [ -124.361021244846995, 47.299445656484203, 0.0 ], [ -124.359452358067998, 47.309764823135801, 0.0 ], [ -124.370834583074995, 47.315288156138799, 0.0 ], [ -124.380538753170001, 47.322232599391803, 0.0 ], [ -124.388118201221005, 47.330307876930497, 0.0 ], [ -124.393430426212007, 47.339543432771897, 0.0 ], [ -124.405367374134002, 47.348552042872001, 0.0 ], [ -124.413777377941997, 47.359270375438598, 0.0 ], [ -124.422402380543005, 47.364800374741897, 0.0 ], [ -124.430126550351005, 47.371753430209402, 0.0 ], [ -124.435957942071994, 47.379511762922299, 0.0 ], [ -124.439719055623002, 47.3878398178894, 0.0 ], [ -124.441294057926996, 47.396484818112, 0.0 ], [ -124.440486560056002, 47.405870652631499, 0.0 ], [ -124.452843507252993, 47.411560651526699, 0.0 ], [ -124.462742121358005, 47.418388705745102, 0.0 ], [ -124.471136291704994, 47.4271459282172, 0.0 ], [ -124.476557961775995, 47.436587316048502, 0.0 ], [ -124.479246019646993, 47.446874261220003, 0.0 ], [ -124.478889632896994, 47.4564506506957, 0.0 ], [ -124.475438246836006, 47.466632317541297, 0.0 ], [ -124.46929102512, 47.475749818636999, 0.0 ], [ -124.460242414815994, 47.484206487024103, 0.0 ], [ -124.449829081831993, 47.4906825994724, 0.0 ], [ -124.436620192169997, 47.496067879180998, 0.0 ], [ -124.423251023958002, 47.4992762138084, 0.0 ], [ -124.436819928738998, 47.556220937894501, 0.0 ], [ -124.44052548738, 47.564848992874701, 0.0 ], [ -124.442097711846998, 47.574058438117497, 0.0 ], [ -124.448549381701, 47.581874270754902, 0.0 ], [ -124.453054384574997, 47.590955937665299, 0.0 ], [ -124.454858552938006, 47.599580659854702, 0.0 ], [ -124.454359944101995, 47.608788993326101, 0.0 ], [ -124.458203002540003, 47.6164651042454, 0.0 ], [ -124.460222448916994, 47.6250001044058, 0.0 ], [ -124.473113839256001, 47.622635380864999, 0.0 ], [ -124.486832730079996, 47.621760657299298, 0.0 ], [ -124.499618010085996, 47.622208433896901, 0.0 ], [ -124.512221345396, 47.624017876575799, 0.0 ], [ -124.524169680960995, 47.627277875392402, 0.0 ], [ -124.535101072703995, 47.6318900963823, 0.0 ], [ -124.544683575543004, 47.637714540576297, 0.0 ], [ -124.552626078391995, 47.6445745399987, 0.0 ], [ -124.559656637703, 47.653878983631301, 0.0 ], [ -124.563458029518998, 47.663107316619701, 0.0 ], [ -124.564785254100002, 47.672865650906999, 0.0 ], [ -124.563858868137004, 47.685849817589101, 0.0 ], [ -124.561953036746999, 47.693584818146299, 0.0 ], [ -124.558277482023996, 47.701023152887601, 0.0 ], [ -124.550011928421995, 47.711730654286796, 0.0 ], [ -124.543488595097003, 47.7184314883133, 0.0 ], [ -124.550441931403, 47.7236314877685, 0.0 ], [ -124.556226655676994, 47.729407876379298, 0.0 ], [ -124.563004714269994, 47.739955376090798, 0.0 ], [ -124.570486106201997, 47.747378153584201, 0.0 ], [ -124.576620554407995, 47.756728708312998, 0.0 ], [ -124.588146946622999, 47.762860374295698, 0.0 ], [ -124.597381949780996, 47.770139540584701, 0.0 ], [ -124.602715841041004, 47.776112317251901, 0.0 ], [ -124.607043343398999, 47.783085373075401, 0.0 ], [ -124.618180291068995, 47.791294261190799, 0.0 ], [ -124.626282516627001, 47.800861482704804, 0.0 ], [ -124.633892519490004, 47.8079062041623, 0.0 ], [ -124.641243357313996, 47.8189892598255, 0.0 ], [ -124.654167526723, 47.825055369643202, 0.0 ], [ -124.665005586267995, 47.832917590772603, 0.0 ], [ -124.688561147109993, 47.842474255548701, 0.0 ], [ -124.696865594627994, 47.847695087844897, 0.0 ], [ -124.704124208218005, 47.853828143297797, 0.0 ], [ -124.712354212120005, 47.864675364846299, 0.0 ], [ -124.717672549534996, 47.879313420885502, 0.0 ], [ -124.726074498363005, 47.8897378643941, 0.0 ], [ -124.734787000740994, 47.8941406416061, 0.0 ], [ -124.742965058335002, 47.899729529928997, 0.0 ], [ -124.749065616636003, 47.905366473487099, 0.0 ], [ -124.754179229998996, 47.911838418191998, 0.0 ], [ -124.759254511430996, 47.922625084087002, 0.0 ], [ -124.760557569574999, 47.934473140451601, 0.0 ], [ -124.764203128996996, 47.94604564054, 0.0 ], [ -124.777380632470994, 47.952193417320998, 0.0 ], [ -124.788522580101002, 47.960163416408697, 0.0 ], [ -124.796544528517003, 47.969113137889103, 0.0 ], [ -124.801622586733004, 47.978987303740197, 0.0 ], [ -124.803256755695003, 47.985871748850897, 0.0 ], [ -124.803532590350002, 47.992324527096002, 0.0 ], [ -124.801144537745003, 48.003292860834698, 0.0 ], [ -124.800184262171996, 48.013546194381398, 0.0 ], [ -124.797466763684, 48.021172306014101, 0.0 ], [ -124.793302875788001, 48.028019251776698, 0.0 ], [ -124.792218988984004, 48.0374073073001, 0.0 ], [ -124.790067323380001, 48.044227307834298, 0.0 ], [ -124.787037880377994, 48.049980364422098, 0.0 ], [ -124.782697881195006, 48.0557734211595, 0.0 ], [ -124.787788162539997, 48.066093421024704, 0.0 ], [ -124.789431776369995, 48.076378976277297, 0.0 ], [ -124.798976224116998, 48.085674531593803, 0.0 ], [ -124.805179005683001, 48.096196475339603, 0.0 ], [ -124.807552619413997, 48.105642031472101, 0.0 ], [ -124.807041788950997, 48.115992864969201, 0.0 ], [ -124.816550681001004, 48.122522864169497, 0.0 ], [ -124.823834016896996, 48.129739530650298, 0.0 ], [ -124.829136797687994, 48.137693419386103, 0.0 ], [ -124.832250967234998, 48.145951474382301, 0.0 ], [ -124.837896246021998, 48.149727584902003, 0.0 ], [ -124.824769900088995, 48.149727586389602, 0.0 ], [ -124.811643553154994, 48.149727587877102, 0.0 ], [ -124.798517207220002, 48.149727589364403, 0.0 ], [ -124.785390861284, 48.149727590851597, 0.0 ], [ -124.772264514347, 48.149727592338799, 0.0 ], [ -124.759138168410004, 48.149727593825801, 0.0 ], [ -124.746011821471001, 48.149727595312697, 0.0 ], [ -124.732885475531006, 48.149727596799401, 0.0 ], [ -124.719759128589999, 48.149727598286098, 0.0 ], [ -124.706632782648001, 48.149727599772604, 0.0 ], [ -124.693506435705999, 48.149727601259002, 0.0 ], [ -124.680380089761996, 48.149727602745301, 0.0 ], [ -124.667253743817, 48.149727604231501, 0.0 ], [ -124.654127396871004, 48.149727605717501, 0.0 ], [ -124.641001050924999, 48.149727607203502, 0.0 ], [ -124.627874703977, 48.149727608689297, 0.0 ], [ -124.614748358027995, 48.149727610174999, 0.0 ], [ -124.601622011079002, 48.149727611660602, 0.0 ], [ -124.588495665127994, 48.149727613145998, 0.0 ], [ -124.575369318176996, 48.149727614631402, 0.0 ], [ -124.562242972223999, 48.1497276161166, 0.0 ], [ -124.549116626271001, 48.149727617601698, 0.0 ], [ -124.535990279315996, 48.149727619086697, 0.0 ], [ -124.522863933360995, 48.149727620571603, 0.0 ], [ -124.509737586404, 48.149727622056403, 0.0 ], [ -124.118070823981, 47.999727659564599, 0.0 ], [ -123.726404021510007, 47.691394356017099, 0.0 ], [ -123.668070665421993, 47.633061026704702, 0.0 ] ] ] } },
{ "type": "Feature", "properties": { "OBJECTID": 1427, "GLOBAL_ID": "A874D580-41D2-4A48-8889-393B12E7056E", "NAME": "W-237A", "TYPE_CODE": "W", "CLASS": null, "UPPER_DESC": "TNI", "UPPER_VAL": "500", "UPPER_UOM": "FL", "UPPER_CODE": "STD", "LOWER_DESC": null, "LOWER_VAL": "0", "LOWER_UOM": "FT", "LOWER_CODE": "SFC", "LEVEL_CODE": "B", "CITY": "WASHINGTON COASTAL", "STATE": "WA", "COUNTRY": "UNITED STATES", "CONT_AGENT": "FAA, SEATTLE ARTCC", "COMM_NAME": null, "SECTOR": null, "ONSHORE": "0", "EXCLUSION": "0", "TIMESOFUSE": "INTERMITTENT BY NOTAM", "GMTOFFSET": "-8", "DST_CODE": "1", "REMARKS": null, "AK_LOW": 1, "AK_HIGH": 1, "US_LOW": 1, "US_HIGH": 1, "US_AREA": 0, "PACIFIC": 0, "Shape__Area": 1.4283214626043446, "Shape__Length": 5.1259884391736668 }, "geometry": { "type": "Polygon", "coordinates": [ [ [ -124.499618010085996, 47.622208433896901, 0.0 ], [ -124.486832730079996, 47.621760657299298, 0.0 ], [ -124.473113839256001, 47.622635380864999, 0.0 ], [ -124.460222448916994, 47.6250001044058, 0.0 ], [ -124.458203002540003, 47.6164651042454, 0.0 ], [ -124.454359944101995, 47.608788993326101, 0.0 ], [ -124.454858552938006, 47.599580659854702, 0.0 ], [ -124.453054384574997, 47.590955937665299, 0.0 ], [ -124.448549381701, 47.581874270754902, 0.0 ], [ -124.442097711846998, 47.574058438117497, 0.0 ], [ -124.44052548738, 47.564848992874701, 0.0 ], [ -124.436819928738998, 47.556220937894501, 0.0 ], [ -124.423251023958002, 47.4992762138084, 0.0 ], [ -124.436620192169997, 47.496067879180998, 0.0 ], [ -124.449829081831993, 47.4906825994724, 0.0 ], [ -124.460242414815994, 47.484206487024103, 0.0 ], [ -124.46929102512, 47.475749818636999, 0.0 ], [ -124.475438246836006, 47.466632317541297, 0.0 ], [ -124.478889632896994, 47.4564506506957, 0.0 ], [ -124.479246019646993, 47.446874261220003, 0.0 ], [ -124.476557961775995, 47.436587316048502, 0.0 ], [ -124.471136291704994, 47.4271459282172, 0.0 ], [ -124.462742121358005, 47.418388705745102, 0.0 ], [ -124.452843507252993, 47.411560651526699, 0.0 ], [ -124.440486560056002, 47.405870652631499, 0.0 ], [ -124.441294057926996, 47.396484818112, 0.0 ], [ -124.439719055623002, 47.3878398178894, 0.0 ], [ -124.435957942071994, 47.379511762922299, 0.0 ], [ -124.430126550351005, 47.371753430209402, 0.0 ], [ -124.422402380543005, 47.364800374741897, 0.0 ], [ -124.413777377941997, 47.359270375438598, 0.0 ], [ -124.405367374134002, 47.348552042872001, 0.0 ], [ -124.393430426212007, 47.339543432771897, 0.0 ], [ -124.388118201221005, 47.330307876930497, 0.0 ], [ -124.380538753170001, 47.322232599391803, 0.0 ], [ -124.370834583074995, 47.315288156138799, 0.0 ], [ -124.359452358067998, 47.309764823135801, 0.0 ], [ -124.361021244846995, 47.299445656484203, 0.0 ], [ -124.359658464377006, 47.289910934191298, 0.0 ], [ -124.355428739390007, 47.279983989195102, 0.0 ], [ -124.348918736406006, 47.2714903785158, 0.0 ], [ -124.337839843493995, 47.261945101288902, 0.0 ], [ -124.326251785146994, 47.255095936242697, 0.0 ], [ -124.312828170949999, 47.250034825480903, 0.0 ], [ -124.297334555895006, 47.246877883034898, 0.0 ], [ -124.290365383950999, 47.226145104828603, 0.0 ], [ -124.280703710151997, 47.203460660823502, 0.0 ], [ -124.269464810387007, 47.164902326239996, 0.0 ], [ -124.272156476337003, 47.158740381654702, 0.0 ], [ -124.273746196952999, 47.151852881155698, 0.0 ], [ -124.273915084338995, 47.144881491808299, 0.0 ], [ -124.272660360526004, 47.137962047618899, 0.0 ], [ -124.267129522980994, 47.1263803806767, 0.0 ], [ -124.257066741943007, 47.115561770265302, 0.0 ], [ -124.252645348301002, 47.098569269943397, 0.0 ], [ -124.501403975011002, 47.008060905517397, 0.0 ], [ -125.401404064676996, 46.833060799376199, 0.0 ], [ -125.934737793078, 48.149727460191698, 0.0 ], [ -125.921361677191996, 48.149727461717397, 0.0 ], [ -125.907985560304994, 48.149727463242897, 0.0 ], [ -125.894609444416005, 48.149727464768198, 0.0 ], [ -125.881233327526999, 48.149727466293498, 0.0 ], [ -125.867857211637002, 48.1497274678186, 0.0 ], [ -125.854481094746006, 48.149727469343702, 0.0 ], [ -125.841104978852997, 48.149727470868598, 0.0 ], [ -125.827728861959997, 48.149727472393401, 0.0 ], [ -125.814352746066007, 48.149727473918098, 0.0 ], [ -125.800976629169995, 48.149727475442603, 0.0 ], [ -125.787600513274, 48.149727476967101, 0.0 ], [ -125.774224396376994, 48.1497274784914, 0.0 ], [ -125.760848280478001, 48.149727480015599, 0.0 ], [ -125.747472163579005, 48.149727481539699, 0.0 ], [ -125.734096047677994, 48.1497274830637, 0.0 ], [ -125.720719930776994, 48.149727484587601, 0.0 ], [ -125.707343814873994, 48.149727486111402, 0.0 ], [ -125.693967697971004, 48.149727487634998, 0.0 ], [ -125.680591582066, 48.149727489158501, 0.0 ], [ -125.667215465159998, 48.149727490681897, 0.0 ], [ -125.653839349254, 48.149727492205201, 0.0 ], [ -125.640463232345994, 48.149727493728399, 0.0 ], [ -125.627087116438005, 48.149727495251497, 0.0 ], [ -125.613710999527996, 48.149727496774403, 0.0 ], [ -125.600334883616995, 48.149727498297203, 0.0 ], [ -125.586958766706005, 48.149727499819903, 0.0 ], [ -125.573582650793, 48.149727501342497, 0.0 ], [ -125.560206533878997, 48.149727502864998, 0.0 ], [ -125.546830417964003, 48.1497275043873, 0.0 ], [ -125.533454301047996, 48.149727505909603, 0.0 ], [ -125.520078185131993, 48.149727507431699, 0.0 ], [ -125.506702068213997, 48.149727508953703, 0.0 ], [ -125.493325952294995, 48.1497275104756, 0.0 ], [ -125.479949835374995, 48.149727511997298, 0.0 ], [ -125.466573719454004, 48.149727513518997, 0.0 ], [ -125.453197602532001, 48.149727515040503, 0.0 ], [ -125.439821486609006, 48.149727516561903, 0.0 ], [ -125.426445369684998, 48.149727518083203, 0.0 ], [ -125.41306925376, 48.149727519604397, 0.0 ], [ -125.399693136834003, 48.149727521125399, 0.0 ], [ -125.386317020907001, 48.149727522646401, 0.0 ], [ -125.372940903979, 48.149727524167197, 0.0 ], [ -125.359564788049994, 48.149727525687901, 0.0 ], [ -125.346188671120004, 48.149727527208498, 0.0 ], [ -125.332812555188994, 48.149727528729002, 0.0 ], [ -125.319436438257, 48.149727530249301, 0.0 ], [ -125.306060322324001, 48.1497275317695, 0.0 ], [ -125.292684205390003, 48.1497275332896, 0.0 ], [ -125.279308089454005, 48.1497275348096, 0.0 ], [ -125.265931972518004, 48.1497275363295, 0.0 ], [ -125.252555856580997, 48.149727537849202, 0.0 ], [ -125.239179739643006, 48.149727539368897, 0.0 ], [ -125.225803623703001, 48.149727540888399, 0.0 ], [ -125.212427506763007, 48.149727542407803, 0.0 ], [ -125.199051390822007, 48.149727543927099, 0.0 ], [ -125.185675273878999, 48.149727545446197, 0.0 ], [ -125.172299157935996, 48.149727546965202, 0.0 ], [ -125.158923040991994, 48.149727548484201, 0.0 ], [ -125.145546925046006, 48.149727550003, 0.0 ], [ -125.1321708081, 48.1497275515216, 0.0 ], [ -125.118794692153003, 48.149727553040201, 0.0 ], [ -125.105418575203998, 48.149727554558602, 0.0 ], [ -125.092042459254998, 48.149727556076897, 0.0 ], [ -125.078666342304004, 48.149727557595099, 0.0 ], [ -125.065290226353, 48.149727559113202, 0.0 ], [ -125.051914109400002, 48.149727560631199, 0.0 ], [ -125.038537993446994, 48.149727562149003, 0.0 ], [ -125.025161876492007, 48.149727563666701, 0.0 ], [ -125.011785760536995, 48.1497275651843, 0.0 ], [ -124.998409643580004, 48.149727566701799, 0.0 ], [ -124.985033527623003, 48.149727568219099, 0.0 ], [ -124.971657410663994, 48.149727569736399, 0.0 ], [ -124.958281294703994, 48.1497275712535, 0.0 ], [ -124.944905177744005, 48.149727572770502, 0.0 ], [ -124.931529061782001, 48.149727574287297, 0.0 ], [ -124.918152944818999, 48.1497275758041, 0.0 ], [ -124.904776828856001, 48.149727577320697, 0.0 ], [ -124.891400711890995, 48.149727578837201, 0.0 ], [ -124.878024595924998, 48.149727580353598, 0.0 ], [ -124.864648478958998, 48.149727581869797, 0.0 ], [ -124.851272362990997, 48.149727583386003, 0.0 ], [ -124.837896246021998, 48.149727584902003, 0.0 ], [ -124.832250967234998, 48.145951474382301, 0.0 ], [ -124.829136797687994, 48.137693419386103, 0.0 ], [ -124.823834016896996, 48.129739530650298, 0.0 ], [ -124.816550681001004, 48.122522864169497, 0.0 ], [ -124.807041788950997, 48.115992864969201, 0.0 ], [ -124.807552619413997, 48.105642031472101, 0.0 ], [ -124.805179005683001, 48.096196475339603, 0.0 ], [ -124.798976224116998, 48.085674531593803, 0.0 ], [ -124.789431776369995, 48.076378976277297, 0.0 ], [ -124.787788162539997, 48.066093421024704, 0.0 ], [ -124.782697881195006, 48.0557734211595, 0.0 ], [ -124.787037880377994, 48.049980364422098, 0.0 ], [ -124.790067323380001, 48.044227307834298, 0.0 ], [ -124.792218988984004, 48.0374073073001, 0.0 ], [ -124.793302875788001, 48.028019251776698, 0.0 ], [ -124.797466763684, 48.021172306014101, 0.0 ], [ -124.800184262171996, 48.013546194381398, 0.0 ], [ -124.801144537745003, 48.003292860834698, 0.0 ], [ -124.803532590350002, 47.992324527096002, 0.0 ], [ -124.803256755695003, 47.985871748850897, 0.0 ], [ -124.801622586733004, 47.978987303740197, 0.0 ], [ -124.796544528517003, 47.969113137889103, 0.0 ], [ -124.788522580101002, 47.960163416408697, 0.0 ], [ -124.777380632470994, 47.952193417320998, 0.0 ], [ -124.764203128996996, 47.94604564054, 0.0 ], [ -124.760557569574999, 47.934473140451601, 0.0 ], [ -124.759254511430996, 47.922625084087002, 0.0 ], [ -124.754179229998996, 47.911838418191998, 0.0 ], [ -124.749065616636003, 47.905366473487099, 0.0 ], [ -124.742965058335002, 47.899729529928997, 0.0 ], [ -124.734787000740994, 47.8941406416061, 0.0 ], [ -124.726074498363005, 47.8897378643941, 0.0 ], [ -124.717672549534996, 47.879313420885502, 0.0 ], [ -124.712354212120005, 47.864675364846299, 0.0 ], [ -124.704124208218005, 47.853828143297797, 0.0 ], [ -124.696865594627994, 47.847695087844897, 0.0 ], [ -124.688561147109993, 47.842474255548701, 0.0 ], [ -124.665005586267995, 47.832917590772603, 0.0 ], [ -124.654167526723, 47.825055369643202, 0.0 ], [ -124.641243357313996, 47.8189892598255, 0.0 ], [ -124.633892519490004, 47.8079062041623, 0.0 ], [ -124.626282516627001, 47.800861482704804, 0.0 ], [ -124.618180291068995, 47.791294261190799, 0.0 ], [ -124.607043343398999, 47.783085373075401, 0.0 ], [ -124.602715841041004, 47.776112317251901, 0.0 ], [ -124.597381949780996, 47.770139540584701, 0.0 ], [ -124.588146946622999, 47.762860374295698, 0.0 ], [ -124.576620554407995, 47.756728708312998, 0.0 ], [ -124.570486106201997, 47.747378153584201, 0.0 ], [ -124.563004714269994, 47.739955376090798, 0.0 ], [ -124.556226655676994, 47.729407876379298, 0.0 ], [ -124.550441931403, 47.7236314877685, 0.0 ], [ -124.543488595097003, 47.7184314883133, 0.0 ], [ -124.550011928421995, 47.711730654286796, 0.0 ], [ -124.558277482023996, 47.701023152887601, 0.0 ], [ -124.561953036746999, 47.693584818146299, 0.0 ], [ -124.563858868137004, 47.685849817589101, 0.0 ], [ -124.564785254100002, 47.672865650906999, 0.0 ], [ -124.563458029518998, 47.663107316619701, 0.0 ], [ -124.559656637703, 47.653878983631301, 0.0 ], [ -124.552626078391995, 47.6445745399987, 0.0 ], [ -124.544683575543004, 47.637714540576297, 0.0 ], [ -124.535101072703995, 47.6318900963823, 0.0 ], [ -124.524169680960995, 47.627277875392402, 0.0 ], [ -124.512221345396, 47.624017876575799, 0.0 ], [ -124.499618010085996, 47.622208433896901, 0.0 ] ] ] } }
]
}
