{
"type": "FeatureCollection",
"name": "uasfm_seattle",
"crs": { "type": "name", "properties": { "name": "urn:ogc:def:crs:OGC:1.3:CRS84" } },
"features": [
{ "type": "Feature", "properties": { "OBJECTID": 237114, "CEILING": 400, "UNIT": "Feet", "MAP_EFF": "10/30/2025", "LAST_EDIT": "9/23/2019", "LATITUDE": 47.49584148, "LONGITUDE": -122.37084895, "GLOBALID": "06d94a8c-77c4-49fe-8115-33f90bcc64e2", "ARPT_COUNT": 2, "APT1_FAAID": "BFI", "APT1_ICAO": "KBFI", "APT1_NAME": "Boeing Fld/King County Intl", "APT1_LAANC": 1, "APT2_FAAID": "SEA", "APT2_ICAO": "KSEA", "APT2_NAME": "Seattle-Tacoma Intl", "APT2_LAANC": 1.0, "APT3_FAAID": "", "APT3_ICAO": "", "APT3_NAME": "", "APT3_LAANC": null, "APT4_FAAID": "", "APT4_ICAO": "", "APT4_NAME": "", "APT4_LAANC": null, "APT5_FAAID": "", "APT5_ICAO": "", "APT5_NAME": "", "APT5_LAANC": null, "AIRS_COUNT": 2, "AIRSPACE_1": "D", "AIRSPACE_2": "D", "AIRSPACE_3": "", "AIRSPACE_4": "", "AIRSPACE_5": "", "REGION": "Western", "APT1_Enabled": "107-AA,107-FC,44809-AA", "APT2_Enabled": "107-AA,107-FC,44809-AA", "APT3_Enabled": "", "APT4_Enabled": "", "APT5_Enabled": "", "Shape__Length": null, "Shape__Area": null, "Shape__Area_2": 6.9444477048818953e-05, "Shape__Length_2": 0.033333341181446485 }, "geometry": { "type": "Polygon", "coordinates": [ [ [ -122.375015621795001, 47.5000081488025, 0.0 ], [ -122.373923897943797, 47.5000081488025, 0.0 ], [ -122.373925333895997, 47.499996977566198, 0.0 ], [ -122.373935972992996, 47.499911872138597, 0.0 ], [ -122.373965721372002, 47.499754657525102, 0.0 ], [ -122.374013233433004, 47.499599471435303, 0.0 ], [ -122.374084369301002, 47.499405107932702, 0.0 ], [ -122.374140510681997, 47.499251049148803, 0.0 ], [ -122.374158299605, 47.499202737665001, 0.0 ], [ -122.374323488319007, 47.498751012101899, 0.0 ], [ -122.374479797277999, 47.498323920637098, 0.0 ], [ -122.374488680517999, 47.498299290433302, 0.0 ], [ -122.374717543689002, 47.497674896274198, 0.0 ], [ -122.374729676271997, 47.497640586826002, 0.0 ], [ -122.374781154966996, 47.497516968574402, 0.0 ], [ -122.374851974533001, 47.497380533379001, 0.0 ], [ -122.374898282296996, 47.497304582890401, 0.0 ], [ -122.374920515585998, 47.497269790359198, 0.0 ], [ -122.375015621795001, 47.497121884516076, 0.0 ], [ -122.375015621795001, 47.5000081488025, 0.0 ] ] ] } },
{ "type": "Feature", "properties": { "OBJECTID": 237113, "CEILING": 400, "UNIT": "Feet", "MAP_EFF": "10/30/2025", "LAST_EDIT": "9/23/2019", "LATITUDE": 47.49584148, "LONGITUDE": -122.37918229, "GLOBALID": "80136c5d-b860-4d56-a33d-0b282fb7429a", "ARPT_COUNT": 2, "APT1_FAAID": "BFI", "APT1_ICAO": "KBFI", "APT1_NAME": "Boeing Fld/King County Intl", "APT1_LAANC": 1, "APT2_FAAID": "SEA", "APT2_ICAO": "KSEA", "APT2_NAME": "Seattle-Tacoma Intl", "APT2_LAANC": 1.0, "APT3_FAAID": "", "APT3_ICAO": "", "APT3_NAME": "", "APT3_LAANC": null, "APT4_FAAID": "", "APT4_ICAO": "", "APT4_NAME": "", "APT4_LAANC": null, "APT5_FAAID": "", "APT5_ICAO": "", "APT5_NAME": "", "APT5_LAANC": null, "AIRS_COUNT": 2, "AIRSPACE_1": "D", "AIRSPACE_2": "D", "AIRSPACE_3": "", "AIRSPACE_4": "", "AIRSPACE_5": "", "REGION": "Western", "APT1_Enabled": "107-AA,107-FC,44809-AA", "APT2_Enabled": "107-AA,107-FC,44809-AA", "APT3_Enabled": "", "APT4_Enabled": "", "APT5_Enabled": "", "Shape__Length": null, "Shape__Area": null, "Shape__Area_2": 6.9444477048818953e-05, "Shape__Length_2": 0.033333341181332798 }, "geometry": { "type": "Polygon", "coordinates": [ [ [ -122.383348957091002, 47.5000081488025, 0.0 ], [ -122.375015621795001, 47.5000081488025, 0.0 ], [ -122.375015621795001, 47.497121884516076, 0.0 ], [ -122.375117312488001, 47.4969637387142, 0.0 ], [ -122.375158892624, 47.4968990778031, 0.0 ], [ -122.375200478878, 47.496834416792403, 0.0 ], [ -122.375476060224997, 47.496405100735998, 0.0 ], [ -122.375530509469002, 47.496330882878901, 0.0 ], [ -122.375563251794006, 47.496309231602297, 0.0 ], [ -122.375605632732004, 47.496288731819099, 0.0 ], [ -122.377164557173003, 47.494604369463303, 0.0 ], [ -122.378774731787004, 47.4929290526307, 0.0 ], [ -122.383348957091002, 47.495403705037639, 0.0 ], [ -122.383348957091002, 47.5000081488025, 0.0 ] ] ] } },
{ "type": "Feature", "properties": { "OBJECTID": 237112, "CEILING": 400, "UNIT": "Feet", "MAP_EFF": "10/30/2025", "LAST_EDIT": "9/23/2019", "LATITUDE": 47.49584148, "LONGITUDE": -122.38751562, "GLOBALID": "569be901-1533-4667-8019-9fef9795fa88", "ARPT_COUNT": 2, "APT1_FAAID": "BFI", "APT1_ICAO": "KBFI", "APT1_NAME": "Boeing Fld/King County Intl", "APT1_LAANC": 1, "APT2_FAAID": "SEA", "APT2_ICAO": "KSEA", "APT2_NAME": "Seattle-Tacoma Intl", "APT2_LAANC": 1.0, "APT3_FAAID": "", "APT3_ICAO": "", "APT3_NAME": "", "APT3_LAANC": null, "APT4_FAAID": "", "APT4_ICAO": "", "APT4_NAME": "", "APT4_LAANC": null, "APT5_FAAID": "", "APT5_ICAO": "", "APT5_NAME": "", "APT5_LAANC": null, "AIRS_COUNT": 2, "AIRSPACE_1": "D", "AIRSPACE_2": "D", "AIRSPACE_3": "", "AIRSPACE_4": "", "AIRSPACE_5": "", "REGION": "Western", "APT1_Enabled": "107-AA,107-FC,44809-AA", "APT2_Enabled": "107-AA,107-FC,44809-AA", "APT3_Enabled": "", "APT4_Enabled": "", "APT5_Enabled": "", "Shape__Length": null, "Shape__Area": null, "Shape__Area_2": 6.9444477048818953e-05, "Shape__Length_2": 0.033333341181332798 }, "geometry": { "type": "Polygon", "coordinates": [ [ [ -122.383348957091002, 47.5000081488025, 0.0 ], [ -122.383348957091002, 47.495403705037639, 0.0 ], [ -122.385022817926, 47.496309262475002, 0.0 ], [ -122.387156606290006, 47.4982960018936, 0.0 ], [ -122.388996049096889, 47.5000081488025, 0.0 ], [ -122.383348957091002, 47.5000081488025, 0.0 ] ] ] } },
{ "type": "Feature", "properties": { "OBJECTID": 237199, "CEILING": 400, "UNIT": "Feet", "MAP_EFF": "10/30/2025", "LAST_EDIT": "12/7/2017", "LATITUDE": 47.50417482, "LONGITUDE": -122.39584896, "GLOBALID": "f645fac9-b89c-4e2f-aae6-e36b28f4c515", "ARPT_COUNT": 1, "APT1_FAAID": "BFI", "APT1_ICAO": "KBFI", "APT1_NAME": "Boeing Fld/King County Intl", "APT1_LAANC": 1, "APT2_FAAID": "", "APT2_ICAO": "", "APT2_NAME": "", "APT2_LAANC": null, "APT3_FAAID": "", "APT3_ICAO": "", "APT3_NAME": "", "APT3_LAANC": null, "APT4_FAAID": "", "APT4_ICAO": "", "APT4_NAME": "", "APT4_LAANC": null, "APT5_FAAID": "", "APT5_ICAO": "", "APT5_NAME": "", "APT5_LAANC": null, "AIRS_COUNT": 1, "AIRSPACE_1": "D", "AIRSPACE_2": "", "AIRSPACE_3": "", "AIRSPACE_4": "", "AIRSPACE_5": "", "REGION": "Western", "APT1_Enabled": "107-AA,107-FC,44809-AA", "APT2_Enabled": "", "APT3_Enabled": "", "APT4_Enabled": "", "APT5_Enabled": "", "Shape__Length": null, "Shape__Area": null, "Shape__Area_2": 6.9444468863366637e-05, "Shape__Length_2": 0.033333339181467636 }, "geometry": { "type": "Polygon", "coordinates": [ [ [ -122.391682292385994, 47.508341484097897, 0.0 ], [ -122.391682292385994, 47.502508494628302, 0.0 ], [ -122.391751920602005, 47.502573304327399, 0.0 ], [ -122.39602197400184, 47.508341484097897, 0.0 ], [ -122.391682292385994, 47.508341484097897, 0.0 ] ] ] } },
{ "type": "Feature", "properties": { "OBJECTID": 237201, "CEILING": 400, "UNIT": "Feet", "MAP_EFF": "10/30/2025", "LAST_EDIT": "12/7/2017", "LATITUDE": 47.50417482, "LONGITUDE": -122.37918229, "GLOBALID": "c9adb6a7-7059-4757-b1b1-83e6ccfcd7e3", "ARPT_COUNT": 1, "APT1_FAAID": "BFI", "APT1_ICAO": "KBFI", "APT1_NAME": "Boeing Fld/King County Intl", "APT1_LAANC": 1, "APT2_FAAID": "", "APT2_ICAO": "", "APT2_NAME": "", "APT2_LAANC": null, "APT3_FAAID": "", "APT3_ICAO": "", "APT3_NAME": "", "APT3_LAANC": null, "APT4_FAAID": "", "APT4_ICAO": "", "APT4_NAME": "", "APT4_LAANC": null, "APT5_FAAID": "", "APT5_ICAO": "", "APT5_NAME": "", "APT5_LAANC": null, "AIRS_COUNT": 1, "AIRSPACE_1": "D", "AIRSPACE_2": "", "AIRSPACE_3": "", "AIRSPACE_4": "", "AIRSPACE_5": "", "REGION": "Western", "APT1_Enabled": "107-AA,107-FC,44809-AA", "APT2_Enabled": "", "APT3_Enabled": "", "APT4_Enabled": "", "APT5_Enabled": "", "Shape__Length": null, "Shape__Area": null, "Shape__Area_2": 6.9444477048818953e-05, "Shape__Length_2": 0.033333341181446485 }, "geometry": { "type": "Polygon", "coordinates": [ [ [ -122.383348957091002, 47.508341484097897, 0.0 ], [ -122.375015621795001, 47.508341484097897, 0.0 ], [ -122.375015621795001, 47.5000081488025, 0.0 ], [ -122.383348957091002, 47.5000081488025, 0.0 ], [ -122.383348957091002, 47.508341484097897, 0.0 ] ] ] } },
{ "type": "Feature", "properties": { "OBJECTID": 237200, "CEILING": 400, "UNIT": "Feet", "MAP_EFF": "10/30/2025", "LAST_EDIT": "12/7/2017", "LATITUDE": 47.50417482, "LONGITUDE": -122.38751562, "GLOBALID": "b2d2d574-5542-4458-a123-4f1b7c71b49d", "ARPT_COUNT": 1, "APT1_FAAID": "BFI", "APT1_ICAO": "KBFI", "APT1_NAME": "Boeing Fld/King County Intl", "APT1_LAANC": 1, "APT2_FAAID": "", "APT2_ICAO": "", "APT2_NAME": "", "APT2_LAANC": null, "APT3_FAAID": "", "APT3_ICAO": "", "APT3_NAME": "", "APT3_LAANC": null, "APT4_FAAID": "", "APT4_ICAO": "", "APT4_NAME": "", "APT4_LAANC": null, "APT5_FAAID": "", "APT5_ICAO": "", "APT5_NAME": "", "APT5_LAANC": null, "AIRS_COUNT": 1, "AIRSPACE_1": "D", "AIRSPACE_2": "", "AIRSPACE_3": "", "AIRSPACE_4": "", "AIRSPACE_5": "", "REGION": "Western", "APT1_Enabled": "107-AA,107-FC,44809-AA", "APT2_Enabled": "", "APT3_Enabled": "", "APT4_Enabled": "", "APT5_Enabled": "", "Shape__Length": null, "Shape__Area": null, "Shape__Area_2": 6.9444477958313655e-05, "Shape__Length_2": 0.033333341181446485 }, "geometry": { "type": "Polygon", "coordinates": [ [ [ -122.391682292385994, 47.508341484097897, 0.0 ], [ -122.383348957091002, 47.508341484097897, 0.0 ], [ -122.383348957091002, 47.5000081488025, 0.0 ], [ -122.388996049096889, 47.5000081488025, 0.0 ], [ -122.391682292385994, 47.502508494628302, 0.0 ], [ -122.391682292385994, 47.508341484097897, 0.0 ] ] ] } },
{ "type": "Feature", "properties": { "OBJECTID": 237304, "CEILING": 400, "UNIT": "Feet", "MAP_EFF": "10/30/2025", "LAST_EDIT": "12/7/2017", "LATITUDE": 47.51250815, "LONGITUDE": -122.37918229, "GLOBALID": "30544f45-1824-442a-a6bf-ce8158443eb4", "ARPT_COUNT": 1, "APT1_FAAID": "BFI", "APT1_ICAO": "KBFI", "APT1_NAME": "Boeing Fld/King County Intl", "APT1_LAANC": 1, "APT2_FAAID": "", "APT2_ICAO": "", "APT2_NAME": "", "APT2_LAANC": null, "APT3_FAAID": "", "APT3_ICAO": "", "APT3_NAME": "", "APT3_LAANC": null, "APT4_FAAID": "", "APT4_ICAO": "", "APT4_NAME": "", "APT4_LAANC": null, "APT5_FAAID": "", "APT5_ICAO": "", "APT5_NAME": "", "APT5_LAANC": null, "AIRS_COUNT": 1, "AIRSPACE_1": "D", "AIRSPACE_2": "", "AIRSPACE_3": "", "AIRSPACE_4": "", "AIRSPACE_5": "", "REGION": "Western", "APT1_Enabled": "107-AA,107-FC,44809-AA", "APT2_Enabled": "", "APT3_Enabled": "", "APT4_Enabled": "", "APT5_Enabled": "", "Shape__Length": null, "Shape__Area": null, "Shape__Area_2": 6.9444477048818953e-05, "Shape__Length_2": 0.033333341181332798 }, "geometry": { "type": "Polygon", "coordinates": [ [ [ -122.383348957091002, 47.516674819393202, 0.0 ], [ -122.375015621795001, 47.516674819393202, 0.0 ], [ -122.375015621795001, 47.508341484097897, 0.0 ], [ -122.383348957091002, 47.508341484097897, 0.0 ], [ -122.383348957091002, 47.516674819393202, 0.0 ] ] ] } },
{ "type": "Feature", "properties": { "OBJECTID": 237292, "CEILING": 400, "UNIT": "Feet", "MAP_EFF": "10/30/2025", "LAST_EDIT": "12/7/2017", "LATITUDE": 47.51250815, "LONGITUDE": -122.39584896, "GLOBALID": "59d4872c-3c25-445e-b6e5-d113387cfc2b", "ARPT_COUNT": 1, "APT1_FAAID": "BFI", "APT1_ICAO": "KBFI", "APT1_NAME": "Boeing Fld/King County Intl", "APT1_LAANC": 1, "APT2_FAAID": "", "APT2_ICAO": "", "APT2_NAME": "", "APT2_LAANC": null, "APT3_FAAID": "", "APT3_ICAO": "", "APT3_NAME": "", "APT3_LAANC": null, "APT4_FAAID": "", "APT4_ICAO": "", "APT4_NAME": "", "APT4_LAANC": null, "APT5_FAAID": "", "APT5_ICAO": "", "APT5_NAME": "", "APT5_LAANC": null, "AIRS_COUNT": 1, "AIRSPACE_1": "D", "AIRSPACE_2": "", "AIRSPACE_3": "", "AIRSPACE_4": "", "AIRSPACE_5": "", "REGION": "Western", "APT1_Enabled": "107-AA,107-FC,44809-AA", "APT2_Enabled": "", "APT3_Enabled": "", "APT4_Enabled": "", "APT5_Enabled": "", "Shape__Length": null, "Shape__Area": null, "Shape__Area_2": 6.9444468863366637e-05, "Shape__Length_2": 0.033333339181353949 }, "geometry": { "type": "Polygon", "coordinates": [ [ [ -122.400015626680997, 47.516674819393202, 0.0 ], [ -122.391682292385994, 47.516674819393202, 0.0 ], [ -122.391682292385994, 47.508341484097897, 0.0 ], [ -122.39602197400184, 47.508341484097897, 0.0 ], [ -122.396036109557002, 47.5083605790402, 0.0 ], [ -122.400015626680997, 47.513685735495706, 0.0 ], [ -122.400015626680997, 47.516674819393202, 0.0 ] ] ] } },
{ "type": "Feature", "properties": { "OBJECTID": 237291, "CEILING": 400, "UNIT": "Feet", "MAP_EFF": "10/30/2025", "LAST_EDIT": "12/7/2017", "LATITUDE": 47.51250815, "LONGITUDE": -122.40418229, "GLOBALID": "0d05fd80-c6d9-4a49-a9b8-7c26aa0c9268", "ARPT_COUNT": 1, "APT1_FAAID": "BFI", "APT1_ICAO": "KBFI", "APT1_NAME": "Boeing Fld/King County Intl", "APT1_LAANC": 1, "APT2_FAAID": "", "APT2_ICAO": "", "APT2_NAME": "", "APT2_LAANC": null, "APT3_FAAID": "", "APT3_ICAO": "", "APT3_NAME": "", "APT3_LAANC": null, "APT4_FAAID": "", "APT4_ICAO": "", "APT4_NAME": "", "APT4_LAANC": null, "APT5_FAAID": "", "APT5_ICAO": "", "APT5_NAME": "", "APT5_LAANC": null, "AIRS_COUNT": 1, "AIRSPACE_1": "D", "AIRSPACE_2": "", "AIRSPACE_3": "", "AIRSPACE_4": "", "AIRSPACE_5": "", "REGION": "Western", "APT1_Enabled": "107-AA,107-FC,44809-AA", "APT2_Enabled": "", "APT3_Enabled": "", "APT4_Enabled": "", "APT5_Enabled": "", "Shape__Length": null, "Shape__Area": null, "Shape__Area_2": 6.9444477048818953e-05, "Shape__Length_2": 0.033333341181332798 }, "geometry": { "type": "Polygon", "coordinates": [ [ [ -122.400015626680997, 47.516674819393202, 0.0 ], [ -122.400015626680997, 47.513685735495706, 0.0 ], [ -122.400621642306007, 47.514496670068198, 0.0 ], [ -122.401916885246848, 47.516674819393202, 0.0 ], [ -122.400015626680997, 47.516674819393202, 0.0 ] ] ] } },
{ "type": "Feature", "properties": { "OBJECTID": 360681, "CEILING": 400, "UNIT": "Feet", "MAP_EFF": "10/30/2025", "LAST_EDIT": "5/8/2017", "LATITUDE": 47.51250815, "LONGITUDE": -122.33751561000001, "GLOBALID": "3a571074-aa4f-4a06-bc0b-74392fd135df", "ARPT_COUNT": 1, "APT1_FAAID": "BFI", "APT1_ICAO": "KBFI", "APT1_NAME": "Boeing Fld/King County Intl", "APT1_LAANC": 1, "APT2_FAAID": "", "APT2_ICAO": "", "APT2_NAME": "", "APT2_LAANC": null, "APT3_FAAID": "", "APT3_ICAO": "", "APT3_NAME": "", "APT3_LAANC": null, "APT4_FAAID": "", "APT4_ICAO": "", "APT4_NAME": "", "APT4_LAANC": null, "APT5_FAAID": "", "APT5_ICAO": "", "APT5_NAME": "", "APT5_LAANC": null, "AIRS_COUNT": 1, "AIRSPACE_1": "D", "AIRSPACE_2": "", "AIRSPACE_3": "", "AIRSPACE_4": "", "AIRSPACE_5": "", "REGION": "Western", "APT1_Enabled": "107-AA,107-FC,44809-AA", "APT2_Enabled": "", "APT3_Enabled": "", "APT4_Enabled": "", "APT5_Enabled": "", "Shape__Length": null, "Shape__Area": null, "Shape__Area_2": 6.9444468863366637e-05, "Shape__Length_2": 0.033333339181353949 }, "geometry": { "type": "Polygon", "coordinates": [ [ [ -122.333348947318996, 47.516674819393202, 0.0 ], [ -122.333348947318996, 47.514752893834938, 0.0 ], [ -122.333495087269995, 47.514726855822403, 0.0 ], [ -122.333632554505996, 47.514767937786303, 0.0 ], [ -122.333590325255003, 47.514530176734702, 0.0 ], [ -122.334357396296994, 47.5145252179572, 0.0 ], [ -122.334267983678998, 47.514021864951502, 0.0 ], [ -122.337041997672998, 47.513992988965001, 0.0 ], [ -122.337087779314999, 47.514567931787703, 0.0 ], [ -122.337123498379995, 47.515016562974097, 0.0 ], [ -122.337186075692003, 47.515371129124098, 0.0 ], [ -122.337257176253004, 47.515770728621298, 0.0 ], [ -122.337364637627005, 47.516373869422303, 0.0 ], [ -122.337418256122916, 47.516674819393202, 0.0 ], [ -122.333348947318996, 47.516674819393202, 0.0 ] ] ] } },
{ "type": "Feature", "properties": { "OBJECTID": 237412, "CEILING": 200, "UNIT": "Feet", "MAP_EFF": "10/30/2025", "LAST_EDIT": "12/7/2017", "LATITUDE": 47.52084149, "LONGITUDE": -122.34584895, "GLOBALID": "f3e5b2b3-d619-4426-a205-cc0b336f2712", "ARPT_COUNT": 1, "APT1_FAAID": "BFI", "APT1_ICAO": "KBFI", "APT1_NAME": "Boeing Fld/King County Intl", "APT1_LAANC": 1, "APT2_FAAID": "", "APT2_ICAO": "", "APT2_NAME": "", "APT2_LAANC": null, "APT3_FAAID": "", "APT3_ICAO": "", "APT3_NAME": "", "APT3_LAANC": null, "APT4_FAAID": "", "APT4_ICAO": "", "APT4_NAME": "", "APT4_LAANC": null, "APT5_FAAID": "", "APT5_ICAO": "", "APT5_NAME": "", "APT5_LAANC": null, "AIRS_COUNT": 1, "AIRSPACE_1": "D", "AIRSPACE_2": "", "AIRSPACE_3": "", "AIRSPACE_4": "", "AIRSPACE_5": "", "REGION": "Western", "APT1_Enabled": "107-AA,107-FC,44809-AA", "APT2_Enabled": "", "APT3_Enabled": "", "APT4_Enabled": "", "APT5_Enabled": "", "Shape__Length": null, "Shape__Area": null, "Shape__Area_2": 6.9444467953871936e-05, "Shape__Length_2": 0.033333339181353949 }, "geometry": { "type": "Polygon", "coordinates": [ [ [ -122.350015616909005, 47.525008153688603, 0.0 ], [ -122.341682281613998, 47.525008153688603, 0.0 ], [ -122.341682281613998, 47.517281681380211, 0.0 ], [ -122.342875635927996, 47.517288739133903, 0.0 ], [ -122.344149326587996, 47.517296225366103, 0.0 ], [ -122.345423514350003, 47.517303433376398, 0.0 ], [ -122.346697214407001, 47.517310975295501, 0.0 ], [ -122.347969899009996, 47.5173186894379, 0.0 ], [ -122.349244101674998, 47.517326115956799, 0.0 ], [ -122.350015616909005, 47.517330595120974, 0.0 ], [ -122.350015616909005, 47.525008153688603, 0.0 ] ] ] } },
{ "type": "Feature", "properties": { "OBJECTID": 360700, "CEILING": 200, "UNIT": "Feet", "MAP_EFF": "10/30/2025", "LAST_EDIT": "12/7/2017", "LATITUDE": 47.52084149, "LONGITUDE": -122.33751561000001, "GLOBALID": "34816ff5-6742-4a8f-bb30-77124e8c5395", "ARPT_COUNT": 1, "APT1_FAAID": "BFI", "APT1_ICAO": "KBFI", "APT1_NAME": "Boeing Fld/King County Intl", "APT1_LAANC": 1, "APT2_FAAID": "", "APT2_ICAO": "", "APT2_NAME": "", "APT2_LAANC": null, "APT3_FAAID": "", "APT3_ICAO": "", "APT3_NAME": "", "APT3_LAANC": null, "APT4_FAAID": "", "APT4_ICAO": "", "APT4_NAME": "", "APT4_LAANC": null, "APT5_FAAID": "", "APT5_ICAO": "", "APT5_NAME": "", "APT5_LAANC": null, "AIRS_COUNT": 1, "AIRSPACE_1": "D", "AIRSPACE_2": "", "AIRSPACE_3": "", "AIRSPACE_4": "", "AIRSPACE_5": "", "REGION": "Western", "APT1_Enabled": "107-AA,107-FC,44809-AA", "APT2_Enabled": "", "APT3_Enabled": "", "APT4_Enabled": "", "APT5_Enabled": "", "Shape__Length": null, "Shape__Area": null, "Shape__Area_2": 6.9444460677914321e-05, "Shape__Length_2": 0.0333333371813751 }, "geometry": { "type": "Polygon", "coordinates": [ [ [ -122.341682281613998, 47.525008153688603, 0.0 ], [ -122.333348947318996, 47.525008153688603, 0.0 ], [ -122.333348947318996, 47.516674819393202, 0.0 ], [ -122.337418256122916, 47.516674819393202, 0.0 ], [ -122.337422118353999, 47.516696497329399, 0.0 ], [ -122.337484354102003, 47.517257693519802, 0.0 ], [ -122.337928140892004, 47.517260168350099, 0.0 ], [ -122.340130897907002, 47.517272528620197, 0.0 ], [ -122.341601433989993, 47.517281203229999, 0.0 ], [ -122.341682281613998, 47.517281681380211, 0.0 ], [ -122.341682281613998, 47.525008153688603, 0.0 ] ] ] } },
{ "type": "Feature", "properties": { "OBJECTID": 360682, "CEILING": 100, "UNIT": "Feet", "MAP_EFF": "10/30/2025", "LAST_EDIT": "5/8/2017", "LATITUDE": 47.51250815, "LONGITUDE": -122.32918228, "GLOBALID": "cf7d7232-8ad6-4f1e-b023-f86ac1380049", "ARPT_COUNT": 1, "APT1_FAAID": "BFI", "APT1_ICAO": "KBFI", "APT1_NAME": "Boeing Fld/King County Intl", "APT1_LAANC": 1, "APT2_FAAID": "", "APT2_ICAO": "", "APT2_NAME": "", "APT2_LAANC": null, "APT3_FAAID": "", "APT3_ICAO": "", "APT3_NAME": "", "APT3_LAANC": null, "APT4_FAAID": "", "APT4_ICAO": "", "APT4_NAME": "", "APT4_LAANC": null, "APT5_FAAID": "", "APT5_ICAO": "", "APT5_NAME": "", "APT5_LAANC": null, "AIRS_COUNT": 1, "AIRSPACE_1": "D", "AIRSPACE_2": "", "AIRSPACE_3": "", "AIRSPACE_4": "", "AIRSPACE_5": "", "REGION": "Western", "APT1_Enabled": "107-AA,107-FC,44809-AA", "APT2_Enabled": "", "APT3_Enabled": "", "APT4_Enabled": "", "APT5_Enabled": "", "Shape__Length": null, "Shape__Area": null, "Shape__Area_2": 6.9444477958313655e-05, "Shape__Length_2": 0.033333341181332798 }, "geometry": { "type": "Polygon", "coordinates": [ [ [ -122.333348947318996, 47.516674819393202, 0.0 ], [ -122.328780703407304, 47.516674819393202, 0.0 ], [ -122.328636840317998, 47.516509434456403, 0.0 ], [ -122.328589904454006, 47.516419663074203, 0.0 ], [ -122.328512201056, 47.516271043990002, 0.0 ], [ -122.328099275141, 47.515481254189801, 0.0 ], [ -122.327827318570996, 47.514961079748197, 0.0 ], [ -122.327589236036999, 47.514505693570797, 0.0 ], [ -122.327330202303003, 47.5140102370571, 0.0 ], [ -122.328040184366003, 47.514005244960501, 0.0 ], [ -122.328960031041007, 47.5139985649705, 0.0 ], [ -122.330077131240003, 47.513998799351803, 0.0 ], [ -122.330247349697999, 47.5143247282777, 0.0 ], [ -122.330309931629003, 47.5144347903518, 0.0 ], [ -122.330367556217993, 47.514522479654097, 0.0 ], [ -122.330435736241, 47.514614754491603, 0.0 ], [ -122.330562350787005, 47.514761533717902, 0.0 ], [ -122.330647605646007, 47.514846234762103, 0.0 ], [ -122.330766602009007, 47.514962960525999, 0.0 ], [ -122.330868164253005, 47.515063008380999, 0.0 ], [ -122.330934161683999, 47.515128022382697, 0.0 ], [ -122.330974398373002, 47.515167655966202, 0.0 ], [ -122.331382527642006, 47.515134284104001, 0.0 ], [ -122.331402914354996, 47.515099621956601, 0.0 ], [ -122.333348947318996, 47.514752893834938, 0.0 ], [ -122.333348947318996, 47.516674819393202, 0.0 ] ] ] } },
{ "type": "Feature", "properties": { "OBJECTID": 237414, "CEILING": 50, "UNIT": "Feet", "MAP_EFF": "10/30/2025", "LAST_EDIT": "12/7/2017", "LATITUDE": 47.52084149, "LONGITUDE": -122.32084894, "GLOBALID": "73b427d9-82de-4ed2-9e7f-99907c5b311f", "ARPT_COUNT": 1, "APT1_FAAID": "BFI", "APT1_ICAO": "KBFI", "APT1_NAME": "Boeing Fld/King County Intl", "APT1_LAANC": 1, "APT2_FAAID": "", "APT2_ICAO": "", "APT2_NAME": "", "APT2_LAANC": null, "APT3_FAAID": "", "APT3_ICAO": "", "APT3_NAME": "", "APT3_LAANC": null, "APT4_FAAID": "", "APT4_ICAO": "", "APT4_NAME": "", "APT4_LAANC": null, "APT5_FAAID": "", "APT5_ICAO": "", "APT5_NAME": "", "APT5_LAANC": null, "AIRS_COUNT": 1, "AIRSPACE_1": "D", "AIRSPACE_2": "", "AIRSPACE_3": "", "AIRSPACE_4": "", "AIRSPACE_5": "", "REGION": "Western", "APT1_Enabled": "107-AA,107-FC,44809-AA", "APT2_Enabled": "", "APT3_Enabled": "", "APT4_Enabled": "", "APT5_Enabled": "", "Shape__Length": null, "Shape__Area": null, "Shape__Area_2": 6.9444468863366637e-05, "Shape__Length_2": 0.033333339181467636 }, "geometry": { "type": "Polygon", "coordinates": [ [ [ -122.325015612022995, 47.525008153688603, 0.0 ], [ -122.316682276728002, 47.525008153688603, 0.0 ], [ -122.316682276728002, 47.522196543266965, 0.0 ], [ -122.317555629408005, 47.522198779135699, 0.0 ], [ -122.317553566420997, 47.521184392028097, 0.0 ], [ -122.317552888856, 47.520645340229699, 0.0 ], [ -122.317551944330006, 47.5203101449789, 0.0 ], [ -122.317546074210995, 47.5186647211912, 0.0 ], [ -122.317748512012002, 47.518666614885198, 0.0 ], [ -122.318376996772997, 47.51866941, 0.0 ], [ -122.318803024049004, 47.5186698379731, 0.0 ], [ -122.320219835860001, 47.518674181367601, 0.0 ], [ -122.320341275931, 47.5186745194626, 0.0 ], [ -122.320462713477994, 47.518674768873097, 0.0 ], [ -122.321792453458997, 47.518677448412703, 0.0 ], [ -122.322255547468004, 47.518682304879398, 0.0 ], [ -122.323106170404003, 47.518685975292399, 0.0 ], [ -122.323227607990006, 47.518686221747302, 0.0 ], [ -122.323287822086996, 47.518686334672402, 0.0 ], [ -122.324068570964997, 47.518688083821203, 0.0 ], [ -122.324132323206001, 47.518688234232997, 0.0 ], [ -122.324790118083001, 47.518689837205798, 0.0 ], [ -122.324914591131005, 47.518689961849503, 0.0 ], [ -122.324976826991005, 47.5186900009274, 0.0 ], [ -122.325015612022995, 47.518690052644949, 0.0 ], [ -122.325015612022995, 47.525008153688603, 0.0 ] ] ] } },
{ "type": "Feature", "properties": { "OBJECTID": 237413, "CEILING": 50, "UNIT": "Feet", "MAP_EFF": "10/30/2025", "LAST_EDIT": "12/7/2017", "LATITUDE": 47.52084149, "LONGITUDE": -122.32918228, "GLOBALID": "371dcab5-268f-42c0-8474-79925d658af5", "ARPT_COUNT": 1, "APT1_FAAID": "BFI", "APT1_ICAO": "KBFI", "APT1_NAME": "Boeing Fld/King County Intl", "APT1_LAANC": 1, "APT2_FAAID": "", "APT2_ICAO": "", "APT2_NAME": "", "APT2_LAANC": null, "APT3_FAAID": "", "APT3_ICAO": "", "APT3_NAME": "", "APT3_LAANC": null, "APT4_FAAID": "", "APT4_ICAO": "", "APT4_NAME": "", "APT4_LAANC": null, "APT5_FAAID": "", "APT5_ICAO": "", "APT5_NAME": "", "APT5_LAANC": null, "AIRS_COUNT": 1, "AIRSPACE_1": "D", "AIRSPACE_2": "", "AIRSPACE_3": "", "AIRSPACE_4": "", "AIRSPACE_5": "", "REGION": "Western", "APT1_Enabled": "107-AA,107-FC,44809-AA", "APT2_Enabled": "", "APT3_Enabled": "", "APT4_Enabled": "", "APT5_Enabled": "", "Shape__Length": null, "Shape__Area": null, "Shape__Area_2": 6.9444468863366637e-05, "Shape__Length_2": 0.033333339181353949 }, "geometry": { "type": "Polygon", "coordinates": [ [ [ -122.333348947318996, 47.525008153688603, 0.0 ], [ -122.325015612022995, 47.525008153688603, 0.0 ], [ -122.325015612022995, 47.518690052644949, 0.0 ], [ -122.325036025114002, 47.518690079864598, 0.0 ], [ -122.325878976819993, 47.518690915298301, 0.0 ], [ -122.325880425942003, 47.519359819499897, 0.0 ], [ -122.325881742327994, 47.5199360076329, 0.0 ], [ -122.325883073661998, 47.520512499301603, 0.0 ], [ -122.325883834170995, 47.520910295523002, 0.0 ], [ -122.326648847019001, 47.520909150436196, 0.0 ], [ -122.32942809635, 47.5209050112516, 0.0 ], [ -122.329479701300997, 47.5209049348055, 0.0 ], [ -122.329649199605996, 47.5209046722088, 0.0 ], [ -122.330843769238001, 47.520902766813698, 0.0 ], [ -122.330919659930998, 47.520902639528998, 0.0 ], [ -122.329911276984006, 47.519547999650101, 0.0 ], [ -122.329687988269995, 47.518458528773699, 0.0 ], [ -122.329594765164998, 47.518277311922198, 0.0 ], [ -122.329606363196007, 47.518085644512901, 0.0 ], [ -122.329612572615005, 47.517983066384502, 0.0 ], [ -122.329617492571998, 47.517749660746198, 0.0 ], [ -122.329613865740995, 47.517561049803298, 0.0 ], [ -122.329607540061005, 47.517417472905301, 0.0 ], [ -122.329597270283998, 47.517377292208302, 0.0 ], [ -122.329579571083002, 47.517339044415898, 0.0 ], [ -122.329552581997007, 47.517305382143398, 0.0 ], [ -122.329524475891006, 47.5172779273028, 0.0 ], [ -122.329492298120996, 47.5172515849262, 0.0 ], [ -122.329459349740006, 47.517233322637303, 0.0 ], [ -122.329417577043998, 47.517212869063201, 0.0 ], [ -122.329362705478999, 47.517192946572202, 0.0 ], [ -122.329294898780006, 47.517178826084603, 0.0 ], [ -122.329249596211, 47.51717467273, 0.0 ], [ -122.329197455601005, 47.517171794804298, 0.0 ], [ -122.329166563022, 47.517118403416703, 0.0 ], [ -122.328780703407304, 47.516674819393202, 0.0 ], [ -122.333348947318996, 47.516674819393202, 0.0 ], [ -122.333348947318996, 47.525008153688603, 0.0 ] ] ] } },
{ "type": "Feature", "properties": { "OBJECTID": 237512, "CEILING": 0, "UNIT": "Feet", "MAP_EFF": "10/30/2025", "LAST_EDIT": "12/7/2017", "LATITUDE": 47.52917482, "LONGITUDE": -122.31251561000001, "GLOBALID": "94a8c9f5-5518-434f-bfc9-9d922cd20617", "ARPT_COUNT": 1, "APT1_FAAID": "BFI", "APT1_ICAO": "KBFI", "APT1_NAME": "Boeing Fld/King County Intl", "APT1_LAANC": 1, "APT2_FAAID": "", "APT2_ICAO": "", "APT2_NAME": "", "APT2_LAANC": null, "APT3_FAAID": "", "APT3_ICAO": "", "APT3_NAME": "", "APT3_LAANC": null, "APT4_FAAID": "", "APT4_ICAO": "", "APT4_NAME": "", "APT4_LAANC": null, "APT5_FAAID": "", "APT5_ICAO": "", "APT5_NAME": "", "APT5_LAANC": null, "AIRS_COUNT": 1, "AIRSPACE_1": "D", "AIRSPACE_2": "", "AIRSPACE_3": "", "AIRSPACE_4": "", "AIRSPACE_5": "", "REGION": "Western", "APT1_Enabled": "107-AA,107-FC,44809-AA", "APT2_Enabled": "", "APT3_Enabled": "", "APT4_Enabled": "", "APT5_Enabled": "", "Shape__Length": null, "Shape__Area": null, "Shape__Area_2": 6.9444469772861339e-05, "Shape__Length_2": 0.033333339181353949 }, "geometry": { "type": "MultiPolygon", "coordinates": [ [ [ [ -122.316682276728002, 47.52793008793963, 0.0 ], [ -122.314894873588997, 47.527388173363804, 0.0 ], [ -122.314707040829006, 47.527331581183901, 0.0 ], [ -122.314549780201006, 47.527282347848498, 0.0 ], [ -122.313166187527003, 47.526941265669301, 0.0 ], [ -122.312893547596005, 47.526874081640401, 0.0 ], [ -122.312088392294001, 47.526676215204503, 0.0 ], [ -122.311780871690999, 47.526574351247, 0.0 ], [ -122.311702201219006, 47.526548338936202, 0.0 ], [ -122.311326375274007, 47.526161296359, 0.0 ], [ -122.310880254851, 47.525579240657699, 0.0 ], [ -122.310816689605005, 47.525496778170499, 0.0 ], [ -122.310734698841003, 47.525389151728298, 0.0 ], [ -122.310295132070564, 47.525008153688603, 0.0 ], [ -122.316682276728002, 47.525008153688603, 0.0 ], [ -122.316682276728002, 47.52793008793963, 0.0 ] ] ], [ [ [ -122.316682276728002, 47.533341488983901, 0.0 ], [ -122.308348942433, 47.533341488983901, 0.0 ], [ -122.308348942433, 47.531731537017215, 0.0 ], [ -122.308489551215004, 47.531732713169298, 0.0 ], [ -122.309396603753001, 47.531740556914102, 0.0 ], [ -122.310406260486005, 47.531749632814901, 0.0 ], [ -122.313136145241998, 47.531774125996002, 0.0 ], [ -122.316682276728002, 47.531807404874321, 0.0 ], [ -122.316682276728002, 47.533341488983901, 0.0 ] ] ] ] } },
{ "type": "Feature", "properties": { "OBJECTID": 360718, "CEILING": 50, "UNIT": "Feet", "MAP_EFF": "10/30/2025", "LAST_EDIT": "12/7/2017", "LATITUDE": 47.52917482, "LONGITUDE": -122.32084894, "GLOBALID": "a9502916-9c48-49f8-ab71-bfbbbc2e41fd", "ARPT_COUNT": 1, "APT1_FAAID": "BFI", "APT1_ICAO": "KBFI", "APT1_NAME": "Boeing Fld/King County Intl", "APT1_LAANC": 1, "APT2_FAAID": "", "APT2_ICAO": "", "APT2_NAME": "", "APT2_LAANC": null, "APT3_FAAID": "", "APT3_ICAO": "", "APT3_NAME": "", "APT3_LAANC": null, "APT4_FAAID": "", "APT4_ICAO": "", "APT4_NAME": "", "APT4_LAANC": null, "APT5_FAAID": "", "APT5_ICAO": "", "APT5_NAME": "", "APT5_LAANC": null, "AIRS_COUNT": 1, "AIRSPACE_1": "D", "AIRSPACE_2": "", "AIRSPACE_3": "", "AIRSPACE_4": "", "AIRSPACE_5": "", "REGION": "Western", "APT1_Enabled": "107-AA,107-FC,44809-AA", "APT2_Enabled": "", "APT3_Enabled": "", "APT4_Enabled": "", "APT5_Enabled": "", "Shape__Length": null, "Shape__Area": null, "Shape__Area_2": 6.9444477048818953e-05, "Shape__Length_2": 0.033333341181446485 }, "geometry": { "type": "Polygon", "coordinates": [ [ [ -122.325015612022995, 47.533341488983901, 0.0 ], [ -122.316682276728002, 47.533341488983901, 0.0 ], [ -122.316682276728002, 47.531807404874321, 0.0 ], [ -122.316921432441006, 47.531809649245098, 0.0 ], [ -122.317564450326998, 47.531815683380799, 0.0 ], [ -122.318465582789003, 47.531824134292101, 0.0 ], [ -122.318482752026995, 47.5308497133244, 0.0 ], [ -122.318495325577999, 47.530136912031999, 0.0 ], [ -122.318500163180005, 47.529862658045701, 0.0 ], [ -122.318507703437007, 47.529435013807401, 0.0 ], [ -122.317563639027995, 47.529427662501803, 0.0 ], [ -122.317569856291001, 47.529059638390798, 0.0 ], [ -122.317571150261998, 47.528998567653097, 0.0 ], [ -122.317571430851999, 47.528972772297003, 0.0 ], [ -122.317583677242993, 47.5282301288509, 0.0 ], [ -122.317481334297, 47.528172428471898, 0.0 ], [ -122.317406801900006, 47.528149753409998, 0.0 ], [ -122.316682276728002, 47.52793008793963, 0.0 ], [ -122.316682276728002, 47.525008153688603, 0.0 ], [ -122.325015612022995, 47.525008153688603, 0.0 ], [ -122.325015612022995, 47.533341488983901, 0.0 ] ] ] } },
{ "type": "Feature", "properties": { "OBJECTID": 237417, "CEILING": 0, "UNIT": "Feet", "MAP_EFF": "10/30/2025", "LAST_EDIT": "12/7/2017", "LATITUDE": 47.52084149, "LONGITUDE": -122.29584894, "GLOBALID": "84006c9f-f167-45c4-a2e5-ad5926c864b8", "ARPT_COUNT": 1, "APT1_FAAID": "BFI", "APT1_ICAO": "KBFI", "APT1_NAME": "Boeing Fld/King County Intl", "APT1_LAANC": 0, "APT2_FAAID": "", "APT2_ICAO": "", "APT2_NAME": "", "APT2_LAANC": null, "APT3_FAAID": "", "APT3_ICAO": "", "APT3_NAME": "", "APT3_LAANC": null, "APT4_FAAID": "", "APT4_ICAO": "", "APT4_NAME": "", "APT4_LAANC": null, "APT5_FAAID": "", "APT5_ICAO": "", "APT5_NAME": "", "APT5_LAANC": null, "AIRS_COUNT": 1, "AIRSPACE_1": "D", "AIRSPACE_2": "", "AIRSPACE_3": "", "AIRSPACE_4": "", "AIRSPACE_5": "", "REGION": "Western", "APT1_Enabled": "", "APT2_Enabled": "", "APT3_Enabled": "", "APT4_Enabled": "", "APT5_Enabled": "", "Shape__Length": null, "Shape__Area": null, "Shape__Area_2": 6.9444469772861339e-05, "Shape__Length_2": 0.033333339181353949 }, "geometry": { "type": "Polygon", "coordinates": [ [ [ -122.300015607136999, 47.525008153688603, 0.0 ], [ -122.291682271842006, 47.525008153688603, 0.0 ], [ -122.291682271842006, 47.524288246492183, 0.0 ], [ -122.292283094035, 47.524299052944102, 0.0 ], [ -122.293463993475996, 47.5243202816051, 0.0 ], [ -122.295528969290004, 47.524357347950598, 0.0 ], [ -122.296678049437006, 47.5243779614595, 0.0 ], [ -122.297417430459006, 47.524391214291803, 0.0 ], [ -122.298897209589001, 47.5244177345987, 0.0 ], [ -122.300015607136999, 47.524437756708245, 0.0 ], [ -122.300015607136999, 47.525008153688603, 0.0 ] ] ] } },
{ "type": "Feature", "properties": { "OBJECTID": 237416, "CEILING": 0, "UNIT": "Feet", "MAP_EFF": "10/30/2025", "LAST_EDIT": "12/7/2017", "LATITUDE": 47.52084149, "LONGITUDE": -122.30418227, "GLOBALID": "203d7c04-d695-456f-b72c-e80db5202f2e", "ARPT_COUNT": 1, "APT1_FAAID": "BFI", "APT1_ICAO": "KBFI", "APT1_NAME": "Boeing Fld/King County Intl", "APT1_LAANC": 1, "APT2_FAAID": "", "APT2_ICAO": "", "APT2_NAME": "", "APT2_LAANC": null, "APT3_FAAID": "", "APT3_ICAO": "", "APT3_NAME": "", "APT3_LAANC": null, "APT4_FAAID": "", "APT4_ICAO": "", "APT4_NAME": "", "APT4_LAANC": null, "APT5_FAAID": "", "APT5_ICAO": "", "APT5_NAME": "", "APT5_LAANC": null, "AIRS_COUNT": 1, "AIRSPACE_1": "D", "AIRSPACE_2": "", "AIRSPACE_3": "", "AIRSPACE_4": "", "AIRSPACE_5": "", "REGION": "Western", "APT1_Enabled": "107-AA,107-FC,44809-AA", "APT2_Enabled": "", "APT3_Enabled": "", "APT4_Enabled": "", "APT5_Enabled": "", "Shape__Length": null, "Shape__Area": null, "Shape__Area_2": 6.9444468863366637e-05, "Shape__Length_2": 0.033333339181353949 }, "geometry": { "type": "Polygon", "coordinates": [ [ [ -122.300015607136999, 47.525008153688603, 0.0 ], [ -122.300015607136999, 47.524437756708245, 0.0 ], [ -122.300757000000999, 47.524451029492297, 0.0 ], [ -122.301369725624994, 47.524461994775301, 0.0 ], [ -122.300960099728002, 47.524582510207402, 0.0 ], [ -122.300725857591999, 47.524670799420498, 0.0 ], [ -122.300575291499001, 47.524736037764697, 0.0 ], [ -122.300358739301998, 47.524843055420497, 0.0 ], [ -122.300095727027355, 47.525008153688603, 0.0 ], [ -122.300015607136999, 47.525008153688603, 0.0 ] ] ] } },
{ "type": "Feature", "properties": { "OBJECTID": 237415, "CEILING": 0, "UNIT": "Feet", "MAP_EFF": "10/30/2025", "LAST_EDIT": "12/7/2017", "LATITUDE": 47.52084149, "LONGITUDE": -122.31251561000001, "GLOBALID": "b7eb0308-83c4-4f9b-be64-ead387999b53", "ARPT_COUNT": 1, "APT1_FAAID": "BFI", "APT1_ICAO": "KBFI", "APT1_NAME": "Boeing Fld/King County Intl", "APT1_LAANC": 1, "APT2_FAAID": "", "APT2_ICAO": "", "APT2_NAME": "", "APT2_LAANC": null, "APT3_FAAID": "", "APT3_ICAO": "", "APT3_NAME": "", "APT3_LAANC": null, "APT4_FAAID": "", "APT4_ICAO": "", "APT4_NAME": "", "APT4_LAANC": null, "APT5_FAAID": "", "APT5_ICAO": "", "APT5_NAME": "", "APT5_LAANC": null, "AIRS_COUNT": 1, "AIRSPACE_1": "D", "AIRSPACE_2": "", "AIRSPACE_3": "", "AIRSPACE_4": "", "AIRSPACE_5": "", "REGION": "Western", "APT1_Enabled": "107-AA,107-FC,44809-AA", "APT2_Enabled": "", "APT3_Enabled": "", "APT4_Enabled": "", "APT5_Enabled": "", "Shape__Length": null, "Shape__Area": null, "Shape__Area_2": 6.944445976841962e-05, "Shape__Length_2": 0.0333333371813751 }, "geometry": { "type": "Polygon", "coordinates": [ [ [ -122.316682276728002, 47.525008153688603, 0.0 ], [ -122.310295132070564, 47.525008153688603, 0.0 ], [ -122.309840870177993, 47.524614418533403, 0.0 ], [ -122.309785882963993, 47.524566890946303, 0.0 ], [ -122.309732453850003, 47.5245204989412, 0.0 ], [ -122.309695912242006, 47.524427404276103, 0.0 ], [ -122.309690331352002, 47.5243376743176, 0.0 ], [ -122.309805427477997, 47.523952687062199, 0.0 ], [ -122.309805325472993, 47.523895663300202, 0.0 ], [ -122.309575058834994, 47.523251203091299, 0.0 ], [ -122.309712810476995, 47.522344511910397, 0.0 ], [ -122.309675156108995, 47.522176237747402, 0.0 ], [ -122.309798123245002, 47.522176567371702, 0.0 ], [ -122.312853056972003, 47.522185576438503, 0.0 ], [ -122.312898603354995, 47.522185713004397, 0.0 ], [ -122.313478516725993, 47.5221874092977, 0.0 ], [ -122.313529624707002, 47.522187557512197, 0.0 ], [ -122.314698570450005, 47.522190998955502, 0.0 ], [ -122.314982411306005, 47.522190296432399, 0.0 ], [ -122.315103847426997, 47.522190214219698, 0.0 ], [ -122.315265331418999, 47.522192693126001, 0.0 ], [ -122.315712164236004, 47.522194059683599, 0.0 ], [ -122.316682276728002, 47.522196543266965, 0.0 ], [ -122.316682276728002, 47.525008153688603, 0.0 ] ] ] } },
{ "type": "Feature", "properties": { "OBJECTID": 360719, "CEILING": 0, "UNIT": "Feet", "MAP_EFF": "10/30/2025", "LAST_EDIT": "12/7/2017", "LATITUDE": 47.52917482, "LONGITUDE": -122.30418227, "GLOBALID": "378b0297-0cc1-4644-bfd3-7f1b4647842c", "ARPT_COUNT": 1, "APT1_FAAID": "BFI", "APT1_ICAO": "KBFI", "APT1_NAME": "Boeing Fld/King County Intl", "APT1_LAANC": 0, "APT2_FAAID": "", "APT2_ICAO": "", "APT2_NAME": "", "APT2_LAANC": null, "APT3_FAAID": "", "APT3_ICAO": "", "APT3_NAME": "", "APT3_LAANC": null, "APT4_FAAID": "", "APT4_ICAO": "", "APT4_NAME": "", "APT4_LAANC": null, "APT5_FAAID": "", "APT5_ICAO": "", "APT5_NAME": "", "APT5_LAANC": null, "AIRS_COUNT": 1, "AIRSPACE_1": "D", "AIRSPACE_2": "", "AIRSPACE_3": "", "AIRSPACE_4": "", "AIRSPACE_5": "", "REGION": "Western", "APT1_Enabled": "", "APT2_Enabled": "", "APT3_Enabled": "", "APT4_Enabled": "", "APT5_Enabled": "", "Shape__Length": null, "Shape__Area": null, "Shape__Area_2": 6.9444477048818953e-05, "Shape__Length_2": 0.033333341181332798 }, "geometry": { "type": "MultiPolygon", "coordinates": [ [ [ [ -122.308348942433, 47.533341488983901, 0.0 ], [ -122.300015607136999, 47.533341488983901, 0.0 ], [ -122.300015607136999, 47.52670608914125, 0.0 ], [ -122.300044179150007, 47.526767311485997, 0.0 ], [ -122.300213014483006, 47.527229903102899, 0.0 ], [ -122.300270772030004, 47.527452853082202, 0.0 ], [ -122.300386539512004, 47.5279220481913, 0.0 ], [ -122.300579435230006, 47.528384189445497, 0.0 ], [ -122.300704859944005, 47.528608889185598, 0.0 ], [ -122.300901247479004, 47.528900226359497, 0.0 ], [ -122.301129889720997, 47.529180566646801, 0.0 ], [ -122.301220832517998, 47.529270843385703, 0.0 ], [ -122.301369621700005, 47.529400123031103, 0.0 ], [ -122.301648403382998, 47.529597398638799, 0.0 ], [ -122.301961760680996, 47.5297692239062, 0.0 ], [ -122.302164305141005, 47.5298589431018, 0.0 ], [ -122.302563420702995, 47.530011345715899, 0.0 ], [ -122.302825726270001, 47.530092980344598, 0.0 ], [ -122.303365690915996, 47.530270075504099, 0.0 ], [ -122.303622720430994, 47.530375003375902, 0.0 ], [ -122.303869823821998, 47.530490347956203, 0.0 ], [ -122.304106098309006, 47.530615678060599, 0.0 ], [ -122.304465314500007, 47.530829931134903, 0.0 ], [ -122.304690748992996, 47.531009569548203, 0.0 ], [ -122.304872541188999, 47.531210620381302, 0.0 ], [ -122.304983589052, 47.531383652952897, 0.0 ], [ -122.305062193149993, 47.531564656719802, 0.0 ], [ -122.305099108765006, 47.531703973777098, 0.0 ], [ -122.305527263726006, 47.531706547235103, 0.0 ], [ -122.306686962775004, 47.531716964303399, 0.0 ], [ -122.307785991483001, 47.5317268280942, 0.0 ], [ -122.308348942433, 47.531731537017215, 0.0 ], [ -122.308348942433, 47.533341488983901, 0.0 ] ] ], [ [ [ -122.300015607136999, 47.525008153688603, 0.0 ], [ -122.300095727027355, 47.525008153688603, 0.0 ], [ -122.300015607136999, 47.525058446608035, 0.0 ], [ -122.300015607136999, 47.525008153688603, 0.0 ] ] ] ] } },
{ "type": "Feature", "properties": { "OBJECTID": 237513, "CEILING": 0, "UNIT": "Feet", "MAP_EFF": "10/30/2025", "LAST_EDIT": "12/7/2017", "LATITUDE": 47.52917482, "LONGITUDE": -122.29584894, "GLOBALID": "140ef0c1-a84b-43a2-abeb-cffc2ebe1dda", "ARPT_COUNT": 1, "APT1_FAAID": "BFI", "APT1_ICAO": "KBFI", "APT1_NAME": "Boeing Fld/King County Intl", "APT1_LAANC": 0, "APT2_FAAID": "", "APT2_ICAO": "", "APT2_NAME": "", "APT2_LAANC": null, "APT3_FAAID": "", "APT3_ICAO": "", "APT3_NAME": "", "APT3_LAANC": null, "APT4_FAAID": "", "APT4_ICAO": "", "APT4_NAME": "", "APT4_LAANC": null, "APT5_FAAID": "", "APT5_ICAO": "", "APT5_NAME": "", "APT5_LAANC": null, "AIRS_COUNT": 1, "AIRSPACE_1": "D", "AIRSPACE_2": "", "AIRSPACE_3": "", "AIRSPACE_4": "", "AIRSPACE_5": "", "REGION": "Western", "APT1_Enabled": "", "APT2_Enabled": "", "APT3_Enabled": "", "APT4_Enabled": "", "APT5_Enabled": "", "Shape__Length": null, "Shape__Area": null, "Shape__Area_2": 6.9444477048818953e-05, "Shape__Length_2": 0.033333341181332798 }, "geometry": { "type": "Polygon", "coordinates": [ [ [ -122.300015607136999, 47.525058446608035, 0.0 ], [ -122.299927274281004, 47.525113894976599, 0.0 ], [ -122.299702816959993, 47.525353544298497, 0.0 ], [ -122.299618385713003, 47.5255590262109, 0.0 ], [ -122.299612221969994, 47.525772280682503, 0.0 ], [ -122.299730656730006, 47.526162632908502, 0.0 ], [ -122.299971704376006, 47.526612017016603, 0.0 ], [ -122.300015607136999, 47.52670608914125, 0.0 ], [ -122.300015607136999, 47.533341488983901, 0.0 ], [ -122.291682271842006, 47.533341488983901, 0.0 ], [ -122.291682271842006, 47.525008153688603, 0.0 ], [ -122.300015607136999, 47.525008153688603, 0.0 ], [ -122.300015607136999, 47.525058446608035, 0.0 ] ] ] } },
{ "type": "Feature", "properties": { "OBJECTID": 237608, "CEILING": 0, "UNIT": "Feet", "MAP_EFF": "10/30/2025", "LAST_EDIT": "12/7/2017", "LATITUDE": 47.53750816, "LONGITUDE": -122.30418227, "GLOBALID": "959dc3e9-a997-43a1-940e-7309bb03b891", "ARPT_COUNT": 1, "APT1_FAAID": "BFI", "APT1_ICAO": "KBFI", "APT1_NAME": "Boeing Fld/King County Intl", "APT1_LAANC": 0, "APT2_FAAID": "", "APT2_ICAO": "", "APT2_NAME": "", "APT2_LAANC": null, "APT3_FAAID": "", "APT3_ICAO": "", "APT3_NAME": "", "APT3_LAANC": null, "APT4_FAAID": "", "APT4_ICAO": "", "APT4_NAME": "", "APT4_LAANC": null, "APT5_FAAID": "", "APT5_ICAO": "", "APT5_NAME": "", "APT5_LAANC": null, "AIRS_COUNT": 1, "AIRSPACE_1": "D", "AIRSPACE_2": "", "AIRSPACE_3": "", "AIRSPACE_4": "", "AIRSPACE_5": "", "REGION": "Western", "APT1_Enabled": "", "APT2_Enabled": "", "APT3_Enabled": "", "APT4_Enabled": "", "APT5_Enabled": "", "Shape__Length": null, "Shape__Area": null, "Shape__Area_2": 6.9444477048818953e-05, "Shape__Length_2": 0.033333341181332798 }, "geometry": { "type": "Polygon", "coordinates": [ [ [ -122.308348942433, 47.541674824279298, 0.0 ], [ -122.300015607136999, 47.541674824279298, 0.0 ], [ -122.300015607136999, 47.533341488983901, 0.0 ], [ -122.308348942433, 47.533341488983901, 0.0 ], [ -122.308348942433, 47.541674824279298, 0.0 ] ] ] } },
{ "type": "Feature", "properties": { "OBJECTID": 237609, "CEILING": 0, "UNIT": "Feet", "MAP_EFF": "10/30/2025", "LAST_EDIT": "12/7/2017", "LATITUDE": 47.53750816, "LONGITUDE": -122.29584894, "GLOBALID": "b63c2eea-e5b2-4652-bcc6-a3dc3eeffc1c", "ARPT_COUNT": 1, "APT1_FAAID": "BFI", "APT1_ICAO": "KBFI", "APT1_NAME": "Boeing Fld/King County Intl", "APT1_LAANC": 1, "APT2_FAAID": "", "APT2_ICAO": "", "APT2_NAME": "", "APT2_LAANC": null, "APT3_FAAID": "", "APT3_ICAO": "", "APT3_NAME": "", "APT3_LAANC": null, "APT4_FAAID": "", "APT4_ICAO": "", "APT4_NAME": "", "APT4_LAANC": null, "APT5_FAAID": "", "APT5_ICAO": "", "APT5_NAME": "", "APT5_LAANC": null, "AIRS_COUNT": 1, "AIRSPACE_1": "D", "AIRSPACE_2": "", "AIRSPACE_3": "", "AIRSPACE_4": "", "AIRSPACE_5": "", "REGION": "Western", "APT1_Enabled": "107-AA,107-FC,44809-AA", "APT2_Enabled": "", "APT3_Enabled": "", "APT4_Enabled": "", "APT5_Enabled": "", "Shape__Length": null, "Shape__Area": null, "Shape__Area_2": 6.9444476139324252e-05, "Shape__Length_2": 0.033333341181332798 }, "geometry": { "type": "Polygon", "coordinates": [ [ [ -122.300015607136999, 47.541674824279298, 0.0 ], [ -122.291682271842006, 47.541674824279298, 0.0 ], [ -122.291682271842006, 47.533341488983901, 0.0 ], [ -122.300015607136999, 47.533341488983901, 0.0 ], [ -122.300015607136999, 47.541674824279298, 0.0 ] ] ] } },
{ "type": "Feature", "properties": { "OBJECTID": 360757, "CEILING": 0, "UNIT": "Feet", "MAP_EFF": "10/30/2025", "LAST_EDIT": "12/7/2017", "LATITUDE": 47.54584149, "LONGITUDE": -122.29584894, "GLOBALID": "a6d6642f-18fe-42cf-afd4-215800c072da", "ARPT_COUNT": 1, "APT1_FAAID": "BFI", "APT1_ICAO": "KBFI", "APT1_NAME": "Boeing Fld/King County Intl", "APT1_LAANC": 1, "APT2_FAAID": "", "APT2_ICAO": "", "APT2_NAME": "", "APT2_LAANC": null, "APT3_FAAID": "", "APT3_ICAO": "", "APT3_NAME": "", "APT3_LAANC": null, "APT4_FAAID": "", "APT4_ICAO": "", "APT4_NAME": "", "APT4_LAANC": null, "APT5_FAAID": "", "APT5_ICAO": "", "APT5_NAME": "", "APT5_LAANC": null, "AIRS_COUNT": 1, "AIRSPACE_1": "D", "AIRSPACE_2": "", "AIRSPACE_3": "", "AIRSPACE_4": "", "AIRSPACE_5": "", "REGION": "Western", "APT1_Enabled": "107-AA,107-FC,44809-AA", "APT2_Enabled": "", "APT3_Enabled": "", "APT4_Enabled": "", "APT5_Enabled": "", "Shape__Length": null, "Shape__Area": null, "Shape__Area_2": 6.9444469772861339e-05, "Shape__Length_2": 0.033333339181353949 }, "geometry": { "type": "Polygon", "coordinates": [ [ [ -122.300015607136999, 47.550008158574599, 0.0 ], [ -122.291682271842006, 47.550008158574599, 0.0 ], [ -122.291682271842006, 47.541674824279298, 0.0 ], [ -122.300015607136999, 47.541674824279298, 0.0 ], [ -122.300015607136999, 47.550008158574599, 0.0 ] ] ] } },
{ "type": "Feature", "properties": { "OBJECTID": 237508, "CEILING": 400, "UNIT": "Feet", "MAP_EFF": "10/30/2025", "LAST_EDIT": "12/7/2017", "LATITUDE": 47.52917482, "LONGITUDE": -122.35418228, "GLOBALID": "bc758a7d-b018-4281-b0b3-0ccc35203d77", "ARPT_COUNT": 1, "APT1_FAAID": "BFI", "APT1_ICAO": "KBFI", "APT1_NAME": "Boeing Fld/King County Intl", "APT1_LAANC": 1, "APT2_FAAID": "", "APT2_ICAO": "", "APT2_NAME": "", "APT2_LAANC": null, "APT3_FAAID": "", "APT3_ICAO": "", "APT3_NAME": "", "APT3_LAANC": null, "APT4_FAAID": "", "APT4_ICAO": "", "APT4_NAME": "", "APT4_LAANC": null, "APT5_FAAID": "", "APT5_ICAO": "", "APT5_NAME": "", "APT5_LAANC": null, "AIRS_COUNT": 1, "AIRSPACE_1": "D", "AIRSPACE_2": "", "AIRSPACE_3": "", "AIRSPACE_4": "", "AIRSPACE_5": "", "REGION": "Western", "APT1_Enabled": "107-AA,107-FC,44809-AA", "APT2_Enabled": "", "APT3_Enabled": "", "APT4_Enabled": "", "APT5_Enabled": "", "Shape__Length": null, "Shape__Area": null, "Shape__Area_2": 6.9444477048818953e-05, "Shape__Length_2": 0.033333341181332798 }, "geometry": { "type": "Polygon", "coordinates": [ [ [ -122.358348952205006, 47.533341488983901, 0.0 ], [ -122.350015616909005, 47.533341488983901, 0.0 ], [ -122.350015616909005, 47.525008153688603, 0.0 ], [ -122.358348952205006, 47.525008153688603, 0.0 ], [ -122.358348952205006, 47.533341488983901, 0.0 ] ] ] } },
{ "type": "Feature", "properties": { "OBJECTID": 237510, "CEILING": 200, "UNIT": "Feet", "MAP_EFF": "10/30/2025", "LAST_EDIT": "12/7/2017", "LATITUDE": 47.52917482, "LONGITUDE": -122.33751561000001, "GLOBALID": "f5bcd668-7adc-47bb-af7e-16aeca9756ea", "ARPT_COUNT": 1, "APT1_FAAID": "BFI", "APT1_ICAO": "KBFI", "APT1_NAME": "Boeing Fld/King County Intl", "APT1_LAANC": 1, "APT2_FAAID": "", "APT2_ICAO": "", "APT2_NAME": "", "APT2_LAANC": null, "APT3_FAAID": "", "APT3_ICAO": "", "APT3_NAME": "", "APT3_LAANC": null, "APT4_FAAID": "", "APT4_ICAO": "", "APT4_NAME": "", "APT4_LAANC": null, "APT5_FAAID": "", "APT5_ICAO": "", "APT5_NAME": "", "APT5_LAANC": null, "AIRS_COUNT": 1, "AIRSPACE_1": "D", "AIRSPACE_2": "", "AIRSPACE_3": "", "AIRSPACE_4": "", "AIRSPACE_5": "", "REGION": "Western", "APT1_Enabled": "107-AA,107-FC,44809-AA", "APT2_Enabled": "", "APT3_Enabled": "", "APT4_Enabled": "", "APT5_Enabled": "", "Shape__Length": null, "Shape__Area": null, "Shape__Area_2": 6.9444468863366637e-05, "Shape__Length_2": 0.033333339181353949 }, "geometry": { "type": "Polygon", "coordinates": [ [ [ -122.341682281613998, 47.533341488983901, 0.0 ], [ -122.333348947318996, 47.533341488983901, 0.0 ], [ -122.333348947318996, 47.525008153688603, 0.0 ], [ -122.341682281613998, 47.525008153688603, 0.0 ], [ -122.341682281613998, 47.533341488983901, 0.0 ] ] ] } },
{ "type": "Feature", "properties": { "OBJECTID": 237509, "CEILING": 200, "UNIT": "Feet", "MAP_EFF": "10/30/2025", "LAST_EDIT": "12/7/2017", "LATITUDE": 47.52917482, "LONGITUDE": -122.34584895, "GLOBALID": "3f44ca50-ea10-4893-8cba-7362fb760109", "ARPT_COUNT": 1, "APT1_FAAID": "BFI", "APT1_ICAO": "KBFI", "APT1_NAME": "Boeing Fld/King County Intl", "APT1_LAANC": 1, "APT2_FAAID": "", "APT2_ICAO": "", "APT2_NAME": "", "APT2_LAANC": null, "APT3_FAAID": "", "APT3_ICAO": "", "APT3_NAME": "", "APT3_LAANC": null, "APT4_FAAID": "", "APT4_ICAO": "", "APT4_NAME": "", "APT4_LAANC": null, "APT5_FAAID": "", "APT5_ICAO": "", "APT5_NAME": "", "APT5_LAANC": null, "AIRS_COUNT": 1, "AIRSPACE_1": "D", "AIRSPACE_2": "", "AIRSPACE_3": "", "AIRSPACE_4": "", "AIRSPACE_5": "", "REGION": "Western", "APT1_Enabled": "107-AA,107-FC,44809-AA", "APT2_Enabled": "", "APT3_Enabled": "", "APT4_Enabled": "", "APT5_Enabled": "", "Shape__Length": null, "Shape__Area": null, "Shape__Area_2": 6.9444477958313655e-05, "Shape__Length_2": 0.033333341181332798 }, "geometry": { "type": "Polygon", "coordinates": [ [ [ -122.350015616909005, 47.533341488983901, 0.0 ], [ -122.341682281613998, 47.533341488983901, 0.0 ], [ -122.341682281613998, 47.525008153688603, 0.0 ], [ -122.350015616909005, 47.525008153688603, 0.0 ], [ -122.350015616909005, 47.533341488983901, 0.0 ] ] ] } },
{ "type": "Feature", "properties": { "OBJECTID": 360735, "CEILING": 200, "UNIT": "Feet", "MAP_EFF": "10/30/2025", "LAST_EDIT": "12/7/2017", "LATITUDE": 47.53750816, "LONGITUDE": -122.34584895, "GLOBALID": "6d0657e9-fead-483f-8d54-61b9b3e4ef92", "ARPT_COUNT": 1, "APT1_FAAID": "BFI", "APT1_ICAO": "KBFI", "APT1_NAME": "Boeing Fld/King County Intl", "APT1_LAANC": 1, "APT2_FAAID": "", "APT2_ICAO": "", "APT2_NAME": "", "APT2_LAANC": null, "APT3_FAAID": "", "APT3_ICAO": "", "APT3_NAME": "", "APT3_LAANC": null, "APT4_FAAID": "", "APT4_ICAO": "", "APT4_NAME": "", "APT4_LAANC": null, "APT5_FAAID": "", "APT5_ICAO": "", "APT5_NAME": "", "APT5_LAANC": null, "AIRS_COUNT": 1, "AIRSPACE_1": "D", "AIRSPACE_2": "", "AIRSPACE_3": "", "AIRSPACE_4": "", "AIRSPACE_5": "", "REGION": "Western", "APT1_Enabled": "107-AA,107-FC,44809-AA", "APT2_Enabled": "", "APT3_Enabled": "", "APT4_Enabled": "", "APT5_Enabled": "", "Shape__Length": null, "Shape__Area": null, "Shape__Area_2": 6.9444477048818953e-05, "Shape__Length_2": 0.033333341181332798 }, "geometry": { "type": "Polygon", "coordinates": [ [ [ -122.350015616909005, 47.541674824279298, 0.0 ], [ -122.341682281613998, 47.541674824279298, 0.0 ], [ -122.341682281613998, 47.533341488983901, 0.0 ], [ -122.350015616909005, 47.533341488983901, 0.0 ], [ -122.350015616909005, 47.541674824279298, 0.0 ] ] ] } },
{ "type": "Feature", "properties": { "OBJECTID": 237605, "CEILING": 200, "UNIT": "Feet", "MAP_EFF": "10/30/2025", "LAST_EDIT": "12/7/2017", "LATITUDE": 47.53750816, "LONGITUDE": -122.33751561000001, "GLOBALID": "a48c1811-ad0d-41f1-b07c-b196f06d2d7d", "ARPT_COUNT": 1, "APT1_FAAID": "BFI", "APT1_ICAO": "KBFI", "APT1_NAME": "Boeing Fld/King County Intl", "APT1_LAANC": 1, "APT2_FAAID": "", "APT2_ICAO": "", "APT2_NAME": "", "APT2_LAANC": null, "APT3_FAAID": "", "APT3_ICAO": "", "APT3_NAME": "", "APT3_LAANC": null, "APT4_FAAID": "", "APT4_ICAO": "", "APT4_NAME": "", "APT4_LAANC": null, "APT5_FAAID": "", "APT5_ICAO": "", "APT5_NAME": "", "APT5_LAANC": null, "AIRS_COUNT": 1, "AIRSPACE_1": "D", "AIRSPACE_2": "", "AIRSPACE_3": "", "AIRSPACE_4": "", "AIRSPACE_5": "", "REGION": "Western", "APT1_Enabled": "107-AA,107-FC,44809-AA", "APT2_Enabled": "", "APT3_Enabled": "", "APT4_Enabled": "", "APT5_Enabled": "", "Shape__Length": null, "Shape__Area": null, "Shape__Area_2": 6.9444468863366637e-05, "Shape__Length_2": 0.033333339181353949 }, "geometry": { "type": "Polygon", "coordinates": [ [ [ -122.341682281613998, 47.541674824279298, 0.0 ], [ -122.333348947318996, 47.541674824279298, 0.0 ], [ -122.333348947318996, 47.533341488983901, 0.0 ], [ -122.341682281613998, 47.533341488983901, 0.0 ], [ -122.341682281613998, 47.541674824279298, 0.0 ] ] ] } },
{ "type": "Feature", "properties": { "OBJECTID": 360756, "CEILING": 200, "UNIT": "Feet", "MAP_EFF": "10/30/2025", "LAST_EDIT": "12/7/2017", "LATITUDE": 47.54584149, "LONGITUDE": -122.35418228, "GLOBALID": "9619c692-01f8-4c81-b198-bac1634065c5", "ARPT_COUNT": 1, "APT1_FAAID": "BFI", "APT1_ICAO": "KBFI", "APT1_NAME": "Boeing Fld/King County Intl", "APT1_LAANC": 1, "APT2_FAAID": "", "APT2_ICAO": "", "APT2_NAME": "", "APT2_LAANC": null, "APT3_FAAID": "", "APT3_ICAO": "", "APT3_NAME": "", "APT3_LAANC": null, "APT4_FAAID": "", "APT4_ICAO": "", "APT4_NAME": "", "APT4_LAANC": null, "APT5_FAAID": "", "APT5_ICAO": "", "APT5_NAME": "", "APT5_LAANC": null, "AIRS_COUNT": 1, "AIRSPACE_1": "D", "AIRSPACE_2": "", "AIRSPACE_3": "", "AIRSPACE_4": "", "AIRSPACE_5": "", "REGION": "Western", "APT1_Enabled": "107-AA,107-FC,44809-AA", "APT2_Enabled": "", "APT3_Enabled": "", "APT4_Enabled": "", "APT5_Enabled": "", "Shape__Length": null, "Shape__Area": null, "Shape__Area_2": 6.9444469772861339e-05, "Shape__Length_2": 0.033333339181353949 }, "geometry": { "type": "Polygon", "coordinates": [ [ [ -122.358348952205006, 47.550008158574599, 0.0 ], [ -122.350015616909005, 47.550008158574599, 0.0 ], [ -122.350015616909005, 47.541674824279298, 0.0 ], [ -122.358348952205006, 47.541674824279298, 0.0 ], [ -122.358348952205006, 47.550008158574599, 0.0 ] ] ] } },
{ "type": "Feature", "properties": { "OBJECTID": 237721, "CEILING": 200, "UNIT": "Feet", "MAP_EFF": "10/30/2025", "LAST_EDIT": "12/7/2017", "LATITUDE": 47.54584149, "LONGITUDE": -122.34584895, "GLOBALID": "34497f57-18d6-46e0-a6ad-c069d692b130", "ARPT_COUNT": 1, "APT1_FAAID": "BFI", "APT1_ICAO": "KBFI", "APT1_NAME": "Boeing Fld/King County Intl", "APT1_LAANC": 1, "APT2_FAAID": "", "APT2_ICAO": "", "APT2_NAME": "", "APT2_LAANC": null, "APT3_FAAID": "", "APT3_ICAO": "", "APT3_NAME": "", "APT3_LAANC": null, "APT4_FAAID": "", "APT4_ICAO": "", "APT4_NAME": "", "APT4_LAANC": null, "APT5_FAAID": "", "APT5_ICAO": "", "APT5_NAME": "", "APT5_LAANC": null, "AIRS_COUNT": 1, "AIRSPACE_1": "D", "AIRSPACE_2": "", "AIRSPACE_3": "", "AIRSPACE_4": "", "AIRSPACE_5": "", "REGION": "Western", "APT1_Enabled": "107-AA,107-FC,44809-AA", "APT2_Enabled": "", "APT3_Enabled": "", "APT4_Enabled": "", "APT5_Enabled": "", "Shape__Length": null, "Shape__Area": null, "Shape__Area_2": 6.9444467953871936e-05, "Shape__Length_2": 0.033333339181353949 }, "geometry": { "type": "Polygon", "coordinates": [ [ [ -122.350015616909005, 47.550008158574599, 0.0 ], [ -122.341682281613998, 47.550008158574599, 0.0 ], [ -122.341682281613998, 47.541674824279298, 0.0 ], [ -122.350015616909005, 47.541674824279298, 0.0 ], [ -122.350015616909005, 47.550008158574599, 0.0 ] ] ] } },
{ "type": "Feature", "properties": { "OBJECTID": 237722, "CEILING": 200, "UNIT": "Feet", "MAP_EFF": "10/30/2025", "LAST_EDIT": "12/7/2017", "LATITUDE": 47.54584149, "LONGITUDE": -122.33751561000001, "GLOBALID": "ed25d70c-caed-47cb-9473-4318da22972f", "ARPT_COUNT": 1, "APT1_FAAID": "BFI", "APT1_ICAO": "KBFI", "APT1_NAME": "Boeing Fld/King County Intl", "APT1_LAANC": 1, "APT2_FAAID": "", "APT2_ICAO": "", "APT2_NAME": "", "APT2_LAANC": null, "APT3_FAAID": "", "APT3_ICAO": "", "APT3_NAME": "", "APT3_LAANC": null, "APT4_FAAID": "", "APT4_ICAO": "", "APT4_NAME": "", "APT4_LAANC": null, "APT5_FAAID": "", "APT5_ICAO": "", "APT5_NAME": "", "APT5_LAANC": null, "AIRS_COUNT": 1, "AIRSPACE_1": "D", "AIRSPACE_2": "", "AIRSPACE_3": "", "AIRSPACE_4": "", "AIRSPACE_5": "", "REGION": "Western", "APT1_Enabled": "107-AA,107-FC,44809-AA", "APT2_Enabled": "", "APT3_Enabled": "", "APT4_Enabled": "", "APT5_Enabled": "", "Shape__Length": null, "Shape__Area": null, "Shape__Area_2": 6.9444460677914321e-05, "Shape__Length_2": 0.0333333371813751 }, "geometry": { "type": "Polygon", "coordinates": [ [ [ -122.341682281613998, 47.550008158574599, 0.0 ], [ -122.333348947318996, 47.550008158574599, 0.0 ], [ -122.333348947318996, 47.541674824279298, 0.0 ], [ -122.341682281613998, 47.541674824279298, 0.0 ], [ -122.341682281613998, 47.550008158574599, 0.0 ] ] ] } },
{ "type": "Feature", "properties": { "OBJECTID": 237838, "CEILING": 150, "UNIT": "Feet", "MAP_EFF": "10/30/2025", "LAST_EDIT": "12/7/2017", "LATITUDE": 47.55417483, "LONGITUDE": -122.33751561000001, "GLOBALID": "c561f76f-da80-4cad-ab60-194fd032709b", "ARPT_COUNT": 1, "APT1_FAAID": "BFI", "APT1_ICAO": "KBFI", "APT1_NAME": "Boeing Fld/King County Intl", "APT1_LAANC": 1, "APT2_FAAID": "", "APT2_ICAO": "", "APT2_NAME": "", "APT2_LAANC": null, "APT3_FAAID": "", "APT3_ICAO": "", "APT3_NAME": "", "APT3_LAANC": null, "APT4_FAAID": "", "APT4_ICAO": "", "APT4_NAME": "", "APT4_LAANC": null, "APT5_FAAID": "", "APT5_ICAO": "", "APT5_NAME": "", "APT5_LAANC": null, "AIRS_COUNT": 1, "AIRSPACE_1": "D", "AIRSPACE_2": "", "AIRSPACE_3": "", "AIRSPACE_4": "", "AIRSPACE_5": "", "REGION": "Western", "APT1_Enabled": "107-AA,107-FC,44809-AA", "APT2_Enabled": "", "APT3_Enabled": "", "APT4_Enabled": "", "APT5_Enabled": "", "Shape__Length": null, "Shape__Area": null, "Shape__Area_2": 6.9444468863366637e-05, "Shape__Length_2": 0.033333339181467636 }, "geometry": { "type": "Polygon", "coordinates": [ [ [ -122.341682281613998, 47.558341493870003, 0.0 ], [ -122.333348947318996, 47.558341493870003, 0.0 ], [ -122.333348947318996, 47.550008158574599, 0.0 ], [ -122.341682281613998, 47.550008158574599, 0.0 ], [ -122.341682281613998, 47.558341493870003, 0.0 ] ] ] } },
{ "type": "Feature", "properties": { "OBJECTID": 237837, "CEILING": 150, "UNIT": "Feet", "MAP_EFF": "10/30/2025", "LAST_EDIT": "12/7/2017", "LATITUDE": 47.55417483, "LONGITUDE": -122.34584895, "GLOBALID": "e5c09eaa-8b0a-48c6-a537-5b2f8296f4a6", "ARPT_COUNT": 1, "APT1_FAAID": "BFI", "APT1_ICAO": "KBFI", "APT1_NAME": "Boeing Fld/King County Intl", "APT1_LAANC": 1, "APT2_FAAID": "", "APT2_ICAO": "", "APT2_NAME": "", "APT2_LAANC": null, "APT3_FAAID": "", "APT3_ICAO": "", "APT3_NAME": "", "APT3_LAANC": null, "APT4_FAAID": "", "APT4_ICAO": "", "APT4_NAME": "", "APT4_LAANC": null, "APT5_FAAID": "", "APT5_ICAO": "", "APT5_NAME": "", "APT5_LAANC": null, "AIRS_COUNT": 1, "AIRSPACE_1": "D", "AIRSPACE_2": "", "AIRSPACE_3": "", "AIRSPACE_4": "", "AIRSPACE_5": "", "REGION": "Western", "APT1_Enabled": "107-AA,107-FC,44809-AA", "APT2_Enabled": "", "APT3_Enabled": "", "APT4_Enabled": "", "APT5_Enabled": "", "Shape__Length": null, "Shape__Area": null, "Shape__Area_2": 6.9444477958313655e-05, "Shape__Length_2": 0.033333341181446485 }, "geometry": { "type": "Polygon", "coordinates": [ [ [ -122.350015616909005, 47.558341493870003, 0.0 ], [ -122.341682281613998, 47.558341493870003, 0.0 ], [ -122.341682281613998, 47.550008158574599, 0.0 ], [ -122.350015616909005, 47.550008158574599, 0.0 ], [ -122.350015616909005, 47.558341493870003, 0.0 ] ] ] } },
{ "type": "Feature", "properties": { "OBJECTID": 237511, "CEILING": 50, "UNIT": "Feet", "MAP_EFF": "10/30/2025", "LAST_EDIT": "12/7/2017", "LATITUDE": 47.52917482, "LONGITUDE": -122.32918228, "GLOBALID": "fe324963-0436-482a-92d8-dc61312ae37e", "ARPT_COUNT": 1, "APT1_FAAID": "BFI", "APT1_ICAO": "KBFI", "APT1_NAME": "Boeing Fld/King County Intl", "APT1_LAANC": 1, "APT2_FAAID": "", "APT2_ICAO": "", "APT2_NAME": "", "APT2_LAANC": null, "APT3_FAAID": "", "APT3_ICAO": "", "APT3_NAME": "", "APT3_LAANC": null, "APT4_FAAID": "", "APT4_ICAO": "", "APT4_NAME": "", "APT4_LAANC": null, "APT5_FAAID": "", "APT5_ICAO": "", "APT5_NAME": "", "APT5_LAANC": null, "AIRS_COUNT": 1, "AIRSPACE_1": "D", "AIRSPACE_2": "", "AIRSPACE_3": "", "AIRSPACE_4": "", "AIRSPACE_5": "", "REGION": "Western", "APT1_Enabled": "107-AA,107-FC,44809-AA", "APT2_Enabled": "", "APT3_Enabled": "", "APT4_Enabled": "", "APT5_Enabled": "", "Shape__Length": null, "Shape__Area": null, "Shape__Area_2": 6.9444476139324252e-05, "Shape__Length_2": 0.033333341181332798 }, "geometry": { "type": "Polygon", "coordinates": [ [ [ -122.333348947318996, 47.533341488983901, 0.0 ], [ -122.325015612022995, 47.533341488983901, 0.0 ], [ -122.325015612022995, 47.525008153688603, 0.0 ], [ -122.333348947318996, 47.525008153688603, 0.0 ], [ -122.333348947318996, 47.533341488983901, 0.0 ] ] ] } },
{ "type": "Feature", "properties": { "OBJECTID": 237606, "CEILING": 0, "UNIT": "Feet", "MAP_EFF": "10/30/2025", "LAST_EDIT": "12/7/2017", "LATITUDE": 47.53750816, "LONGITUDE": -122.32084894, "GLOBALID": "3f6eb155-e588-4190-bd18-bd6d5cb2f2ca", "ARPT_COUNT": 1, "APT1_FAAID": "BFI", "APT1_ICAO": "KBFI", "APT1_NAME": "Boeing Fld/King County Intl", "APT1_LAANC": 1, "APT2_FAAID": "", "APT2_ICAO": "", "APT2_NAME": "", "APT2_LAANC": null, "APT3_FAAID": "", "APT3_ICAO": "", "APT3_NAME": "", "APT3_LAANC": null, "APT4_FAAID": "", "APT4_ICAO": "", "APT4_NAME": "", "APT4_LAANC": null, "APT5_FAAID": "", "APT5_ICAO": "", "APT5_NAME": "", "APT5_LAANC": null, "AIRS_COUNT": 1, "AIRSPACE_1": "D", "AIRSPACE_2": "", "AIRSPACE_3": "", "AIRSPACE_4": "", "AIRSPACE_5": "", "REGION": "Western", "APT1_Enabled": "107-AA,107-FC,44809-AA", "APT2_Enabled": "", "APT3_Enabled": "", "APT4_Enabled": "", "APT5_Enabled": "", "Shape__Length": null, "Shape__Area": null, "Shape__Area_2": 6.9444477048818953e-05, "Shape__Length_2": 0.033333341181446485 }, "geometry": { "type": "Polygon", "coordinates": [ [ [ -122.325015612022995, 47.541674824279298, 0.0 ], [ -122.316682276728002, 47.541674824279298, 0.0 ], [ -122.316682276728002, 47.533341488983901, 0.0 ], [ -122.325015612022995, 47.533341488983901, 0.0 ], [ -122.325015612022995, 47.541674824279298, 0.0 ] ] ] } },
{ "type": "Feature", "properties": { "OBJECTID": 237607, "CEILING": 0, "UNIT": "Feet", "MAP_EFF": "10/30/2025", "LAST_EDIT": "12/7/2017", "LATITUDE": 47.53750816, "LONGITUDE": -122.31251561000001, "GLOBALID": "e0eb9506-3a46-4870-b8b4-120230ce0895", "ARPT_COUNT": 1, "APT1_FAAID": "BFI", "APT1_ICAO": "KBFI", "APT1_NAME": "Boeing Fld/King County Intl", "APT1_LAANC": 0, "APT2_FAAID": "", "APT2_ICAO": "", "APT2_NAME": "", "APT2_LAANC": null, "APT3_FAAID": "", "APT3_ICAO": "", "APT3_NAME": "", "APT3_LAANC": null, "APT4_FAAID": "", "APT4_ICAO": "", "APT4_NAME": "", "APT4_LAANC": null, "APT5_FAAID": "", "APT5_ICAO": "", "APT5_NAME": "", "APT5_LAANC": null, "AIRS_COUNT": 1, "AIRSPACE_1": "D", "AIRSPACE_2": "", "AIRSPACE_3": "", "AIRSPACE_4": "", "AIRSPACE_5": "", "REGION": "Western", "APT1_Enabled": "", "APT2_Enabled": "", "APT3_Enabled": "", "APT4_Enabled": "", "APT5_Enabled": "", "Shape__Length": null, "Shape__Area": null, "Shape__Area_2": 6.9444468863366637e-05, "Shape__Length_2": 0.033333339181353949 }, "geometry": { "type": "Polygon", "coordinates": [ [ [ -122.316682276728002, 47.541674824279298, 0.0 ], [ -122.308348942433, 47.541674824279298, 0.0 ], [ -122.308348942433, 47.533341488983901, 0.0 ], [ -122.316682276728002, 47.533341488983901, 0.0 ], [ -122.316682276728002, 47.541674824279298, 0.0 ] ] ] } },
{ "type": "Feature", "properties": { "OBJECTID": 360736, "CEILING": 0, "UNIT": "Feet", "MAP_EFF": "10/30/2025", "LAST_EDIT": "12/7/2017", "LATITUDE": 47.53750816, "LONGITUDE": -122.32918228, "GLOBALID": "71a81b61-9f28-4ba9-af77-37f74781f4d0", "ARPT_COUNT": 1, "APT1_FAAID": "BFI", "APT1_ICAO": "KBFI", "APT1_NAME": "Boeing Fld/King County Intl", "APT1_LAANC": 1, "APT2_FAAID": "", "APT2_ICAO": "", "APT2_NAME": "", "APT2_LAANC": null, "APT3_FAAID": "", "APT3_ICAO": "", "APT3_NAME": "", "APT3_LAANC": null, "APT4_FAAID": "", "APT4_ICAO": "", "APT4_NAME": "", "APT4_LAANC": null, "APT5_FAAID": "", "APT5_ICAO": "", "APT5_NAME": "", "APT5_LAANC": null, "AIRS_COUNT": 1, "AIRSPACE_1": "D", "AIRSPACE_2": "", "AIRSPACE_3": "", "AIRSPACE_4": "", "AIRSPACE_5": "", "REGION": "Western", "APT1_Enabled": "107-AA,107-FC,44809-AA", "APT2_Enabled": "", "APT3_Enabled": "", "APT4_Enabled": "", "APT5_Enabled": "", "Shape__Length": null, "Shape__Area": null, "Shape__Area_2": 6.9444477958313655e-05, "Shape__Length_2": 0.033333341181332798 }, "geometry": { "type": "Polygon", "coordinates": [ [ [ -122.333348947318996, 47.541674824279298, 0.0 ], [ -122.325015612022995, 47.541674824279298, 0.0 ], [ -122.325015612022995, 47.533341488983901, 0.0 ], [ -122.333348947318996, 47.533341488983901, 0.0 ], [ -122.333348947318996, 47.541674824279298, 0.0 ] ] ] } },
{ "type": "Feature", "properties": { "OBJECTID": 237724, "CEILING": 0, "UNIT": "Feet", "MAP_EFF": "10/30/2025", "LAST_EDIT": "12/7/2017", "LATITUDE": 47.54584149, "LONGITUDE": -122.32084894, "GLOBALID": "c1b4d226-42b5-4edf-912b-35b846823a7d", "ARPT_COUNT": 1, "APT1_FAAID": "BFI", "APT1_ICAO": "KBFI", "APT1_NAME": "Boeing Fld/King County Intl", "APT1_LAANC": 1, "APT2_FAAID": "", "APT2_ICAO": "", "APT2_NAME": "", "APT2_LAANC": null, "APT3_FAAID": "", "APT3_ICAO": "", "APT3_NAME": "", "APT3_LAANC": null, "APT4_FAAID": "", "APT4_ICAO": "", "APT4_NAME": "", "APT4_LAANC": null, "APT5_FAAID": "", "APT5_ICAO": "", "APT5_NAME": "", "APT5_LAANC": null, "AIRS_COUNT": 1, "AIRSPACE_1": "D", "AIRSPACE_2": "", "AIRSPACE_3": "", "AIRSPACE_4": "", "AIRSPACE_5": "", "REGION": "Western", "APT1_Enabled": "107-AA,107-FC,44809-AA", "APT2_Enabled": "", "APT3_Enabled": "", "APT4_Enabled": "", "APT5_Enabled": "", "Shape__Length": null, "Shape__Area": null, "Shape__Area_2": 6.9444468863366637e-05, "Shape__Length_2": 0.033333339181467636 }, "geometry": { "type": "Polygon", "coordinates": [ [ [ -122.325015612022995, 47.550008158574599, 0.0 ], [ -122.316682276728002, 47.550008158574599, 0.0 ], [ -122.316682276728002, 47.541674824279298, 0.0 ], [ -122.325015612022995, 47.541674824279298, 0.0 ], [ -122.325015612022995, 47.550008158574599, 0.0 ] ] ] } },
{ "type": "Feature", "properties": { "OBJECTID": 237723, "CEILING": 0, "UNIT": "Feet", "MAP_EFF": "10/30/2025", "LAST_EDIT": "12/7/2017", "LATITUDE": 47.54584149, "LONGITUDE": -122.32918228, "GLOBALID": "404adb1b-e58c-467d-86a3-9576649a676c", "ARPT_COUNT": 1, "APT1_FAAID": "BFI", "APT1_ICAO": "KBFI", "APT1_NAME": "Boeing Fld/King County Intl", "APT1_LAANC": 1, "APT2_FAAID": "", "APT2_ICAO": "", "APT2_NAME": "", "APT2_LAANC": null, "APT3_FAAID": "", "APT3_ICAO": "", "APT3_NAME": "", "APT3_LAANC": null, "APT4_FAAID": "", "APT4_ICAO": "", "APT4_NAME": "", "APT4_LAANC": null, "APT5_FAAID": "", "APT5_ICAO": "", "APT5_NAME": "", "APT5_LAANC": null, "AIRS_COUNT": 1, "AIRSPACE_1": "D", "AIRSPACE_2": "", "AIRSPACE_3": "", "AIRSPACE_4": "", "AIRSPACE_5": "", "REGION": "Western", "APT1_Enabled": "107-AA,107-FC,44809-AA", "APT2_Enabled": "", "APT3_Enabled": "", "APT4_Enabled": "", "APT5_Enabled": "", "Shape__Length": null, "Shape__Area": null, "Shape__Area_2": 6.9444468863366637e-05, "Shape__Length_2": 0.033333339181353949 }, "geometry": { "type": "Polygon", "coordinates": [ [ [ -122.333348947318996, 47.550008158574599, 0.0 ], [ -122.325015612022995, 47.550008158574599, 0.0 ], [ -122.325015612022995, 47.541674824279298, 0.0 ], [ -122.333348947318996, 47.541674824279298, 0.0 ], [ -122.333348947318996, 47.550008158574599, 0.0 ] ] ] } },
{ "type": "Feature", "properties": { "OBJECTID": 237839, "CEILING": 0, "UNIT": "Feet", "MAP_EFF": "10/30/2025", "LAST_EDIT": "12/7/2017", "LATITUDE": 47.55417483, "LONGITUDE": -122.32918228, "GLOBALID": "0f6262cf-6417-402a-9421-07d46350a05c", "ARPT_COUNT": 1, "APT1_FAAID": "BFI", "APT1_ICAO": "KBFI", "APT1_NAME": "Boeing Fld/King County Intl", "APT1_LAANC": 1, "APT2_FAAID": "", "APT2_ICAO": "", "APT2_NAME": "", "APT2_LAANC": null, "APT3_FAAID": "", "APT3_ICAO": "", "APT3_NAME": "", "APT3_LAANC": null, "APT4_FAAID": "", "APT4_ICAO": "", "APT4_NAME": "", "APT4_LAANC": null, "APT5_FAAID": "", "APT5_ICAO": "", "APT5_NAME": "", "APT5_LAANC": null, "AIRS_COUNT": 1, "AIRSPACE_1": "D", "AIRSPACE_2": "", "AIRSPACE_3": "", "AIRSPACE_4": "", "AIRSPACE_5": "", "REGION": "Western", "APT1_Enabled": "107-AA,107-FC,44809-AA", "APT2_Enabled": "", "APT3_Enabled": "", "APT4_Enabled": "", "APT5_Enabled": "", "Shape__Length": null, "Shape__Area": null, "Shape__Area_2": 6.9444477048818953e-05, "Shape__Length_2": 0.033333341181446485 }, "geometry": { "type": "Polygon", "coordinates": [ [ [ -122.333348947318996, 47.558341493870003, 0.0 ], [ -122.325015612022995, 47.558341493870003, 0.0 ], [ -122.325015612022995, 47.550008158574599, 0.0 ], [ -122.333348947318996, 47.550008158574599, 0.0 ], [ -122.333348947318996, 47.558341493870003, 0.0 ] ] ] } },
{ "type": "Feature", "properties": { "OBJECTID": 237840, "CEILING": 0, "UNIT": "Feet", "MAP_EFF": "10/30/2025", "LAST_EDIT": "12/7/2017", "LATITUDE": 47.55417483, "LONGITUDE": -122.32084894, "GLOBALID": "05bc5b11-f035-4a4a-b1a2-cbf0304cc5e2", "ARPT_COUNT": 1, "APT1_FAAID": "BFI", "APT1_ICAO": "KBFI", "APT1_NAME": "Boeing Fld/King County Intl", "APT1_LAANC": 1, "APT2_FAAID": "", "APT2_ICAO": "", "APT2_NAME": "", "APT2_LAANC": null, "APT3_FAAID": "", "APT3_ICAO": "", "APT3_NAME": "", "APT3_LAANC": null, "APT4_FAAID": "", "APT4_ICAO": "", "APT4_NAME": "", "APT4_LAANC": null, "APT5_FAAID": "", "APT5_ICAO": "", "APT5_NAME": "", "APT5_LAANC": null, "AIRS_COUNT": 1, "AIRSPACE_1": "D", "AIRSPACE_2": "", "AIRSPACE_3": "", "AIRSPACE_4": "", "AIRSPACE_5": "", "REGION": "Western", "APT1_Enabled": "107-AA,107-FC,44809-AA", "APT2_Enabled": "", "APT3_Enabled": "", "APT4_Enabled": "", "APT5_Enabled": "", "Shape__Length": null, "Shape__Area": null, "Shape__Area_2": 6.9444477048818953e-05, "Shape__Length_2": 0.033333341181560172 }, "geometry": { "type": "Polygon", "coordinates": [ [ [ -122.325015612022995, 47.558341493870003, 0.0 ], [ -122.316682276728002, 47.558341493870003, 0.0 ], [ -122.316682276728002, 47.550008158574599, 0.0 ], [ -122.325015612022995, 47.550008158574599, 0.0 ], [ -122.325015612022995, 47.558341493870003, 0.0 ] ] ] } },
{ "type": "Feature", "properties": { "OBJECTID": 237955, "CEILING": 0, "UNIT": "Feet", "MAP_EFF": "10/30/2025", "LAST_EDIT": "12/7/2017", "LATITUDE": 47.56250816, "LONGITUDE": -122.32084894, "GLOBALID": "0e7efbe1-0127-4205-9f92-3160821095f2", "ARPT_COUNT": 1, "APT1_FAAID": "BFI", "APT1_ICAO": "KBFI", "APT1_NAME": "Boeing Fld/King County Intl", "APT1_LAANC": 1, "APT2_FAAID": "", "APT2_ICAO": "", "APT2_NAME": "", "APT2_LAANC": null, "APT3_FAAID": "", "APT3_ICAO": "", "APT3_NAME": "", "APT3_LAANC": null, "APT4_FAAID": "", "APT4_ICAO": "", "APT4_NAME": "", "APT4_LAANC": null, "APT5_FAAID": "", "APT5_ICAO": "", "APT5_NAME": "", "APT5_LAANC": null, "AIRS_COUNT": 1, "AIRSPACE_1": "D", "AIRSPACE_2": "", "AIRSPACE_3": "", "AIRSPACE_4": "", "AIRSPACE_5": "", "REGION": "Western", "APT1_Enabled": "107-AA,107-FC,44809-AA", "APT2_Enabled": "", "APT3_Enabled": "", "APT4_Enabled": "", "APT5_Enabled": "", "Shape__Length": null, "Shape__Area": null, "Shape__Area_2": 6.9444477048818953e-05, "Shape__Length_2": 0.033333341181446485 }, "geometry": { "type": "Polygon", "coordinates": [ [ [ -122.325015612022995, 47.566674829165301, 0.0 ], [ -122.316682276728002, 47.566674829165301, 0.0 ], [ -122.316682276728002, 47.558341493870003, 0.0 ], [ -122.325015612022995, 47.558341493870003, 0.0 ], [ -122.325015612022995, 47.566674829165301, 0.0 ] ] ] } },
{ "type": "Feature", "properties": { "OBJECTID": 237954, "CEILING": 0, "UNIT": "Feet", "MAP_EFF": "10/30/2025", "LAST_EDIT": "12/7/2017", "LATITUDE": 47.56250816, "LONGITUDE": -122.32918228, "GLOBALID": "ab182160-244e-4f49-a705-c2a439942128", "ARPT_COUNT": 1, "APT1_FAAID": "BFI", "APT1_ICAO": "KBFI", "APT1_NAME": "Boeing Fld/King County Intl", "APT1_LAANC": 1, "APT2_FAAID": "", "APT2_ICAO": "", "APT2_NAME": "", "APT2_LAANC": null, "APT3_FAAID": "", "APT3_ICAO": "", "APT3_NAME": "", "APT3_LAANC": null, "APT4_FAAID": "", "APT4_ICAO": "", "APT4_NAME": "", "APT4_LAANC": null, "APT5_FAAID": "", "APT5_ICAO": "", "APT5_NAME": "", "APT5_LAANC": null, "AIRS_COUNT": 1, "AIRSPACE_1": "D", "AIRSPACE_2": "", "AIRSPACE_3": "", "AIRSPACE_4": "", "AIRSPACE_5": "", "REGION": "Western", "APT1_Enabled": "107-AA,107-FC,44809-AA", "APT2_Enabled": "", "APT3_Enabled": "", "APT4_Enabled": "", "APT5_Enabled": "", "Shape__Length": null, "Shape__Area": null, "Shape__Area_2": 6.9444477048818953e-05, "Shape__Length_2": 0.033333341181332798 }, "geometry": { "type": "Polygon", "coordinates": [ [ [ -122.333348947318996, 47.566674829165301, 0.0 ], [ -122.325015612022995, 47.566674829165301, 0.0 ], [ -122.325015612022995, 47.558341493870003, 0.0 ], [ -122.333348947318996, 47.558341493870003, 0.0 ], [ -122.333348947318996, 47.566674829165301, 0.0 ] ] ] } },
{ "type": "Feature", "properties": { "OBJECTID": 237726, "CEILING": 0, "UNIT": "Feet", "MAP_EFF": "10/30/2025", "LAST_EDIT": "12/7/2017", "LATITUDE": 47.54584149, "LONGITUDE": -122.30418227, "GLOBALID": "7a56a3dd-939b-4e12-a5de-02d60a8c0bf1", "ARPT_COUNT": 1, "APT1_FAAID": "BFI", "APT1_ICAO": "KBFI", "APT1_NAME": "Boeing Fld/King County Intl", "APT1_LAANC": 1, "APT2_FAAID": "", "APT2_ICAO": "", "APT2_NAME": "", "APT2_LAANC": null, "APT3_FAAID": "", "APT3_ICAO": "", "APT3_NAME": "", "APT3_LAANC": null, "APT4_FAAID": "", "APT4_ICAO": "", "APT4_NAME": "", "APT4_LAANC": null, "APT5_FAAID": "", "APT5_ICAO": "", "APT5_NAME": "", "APT5_LAANC": null, "AIRS_COUNT": 1, "AIRSPACE_1": "D", "AIRSPACE_2": "", "AIRSPACE_3": "", "AIRSPACE_4": "", "AIRSPACE_5": "", "REGION": "Western", "APT1_Enabled": "107-AA,107-FC,44809-AA", "APT2_Enabled": "", "APT3_Enabled": "", "APT4_Enabled": "", "APT5_Enabled": "", "Shape__Length": null, "Shape__Area": null, "Shape__Area_2": 6.9444468863366637e-05, "Shape__Length_2": 0.033333339181353949 }, "geometry": { "type": "Polygon", "coordinates": [ [ [ -122.308348942433, 47.550008158574599, 0.0 ], [ -122.300015607136999, 47.550008158574599, 0.0 ], [ -122.300015607136999, 47.541674824279298, 0.0 ], [ -122.308348942433, 47.541674824279298, 0.0 ], [ -122.308348942433, 47.550008158574599, 0.0 ] ] ] } },
{ "type": "Feature", "properties": { "OBJECTID": 237725, "CEILING": 0, "UNIT": "Feet", "MAP_EFF": "10/30/2025", "LAST_EDIT": "12/7/2017", "LATITUDE": 47.54584149, "LONGITUDE": -122.31251561000001, "GLOBALID": "13e81864-277a-4037-9fe5-42946732155e", "ARPT_COUNT": 1, "APT1_FAAID": "BFI", "APT1_ICAO": "KBFI", "APT1_NAME": "Boeing Fld/King County Intl", "APT1_LAANC": 1, "APT2_FAAID": "", "APT2_ICAO": "", "APT2_NAME": "", "APT2_LAANC": null, "APT3_FAAID": "", "APT3_ICAO": "", "APT3_NAME": "", "APT3_LAANC": null, "APT4_FAAID": "", "APT4_ICAO": "", "APT4_NAME": "", "APT4_LAANC": null, "APT5_FAAID": "", "APT5_ICAO": "", "APT5_NAME": "", "APT5_LAANC": null, "AIRS_COUNT": 1, "AIRSPACE_1": "D", "AIRSPACE_2": "", "AIRSPACE_3": "", "AIRSPACE_4": "", "AIRSPACE_5": "", "REGION": "Western", "APT1_Enabled": "107-AA,107-FC,44809-AA", "APT2_Enabled": "", "APT3_Enabled": "", "APT4_Enabled": "", "APT5_Enabled": "", "Shape__Length": null, "Shape__Area": null, "Shape__Area_2": 6.944445976841962e-05, "Shape__Length_2": 0.0333333371813751 }, "geometry": { "type": "Polygon", "coordinates": [ [ [ -122.316682276728002, 47.550008158574599, 0.0 ], [ -122.308348942433, 47.550008158574599, 0.0 ], [ -122.308348942433, 47.541674824279298, 0.0 ], [ -122.316682276728002, 47.541674824279298, 0.0 ], [ -122.316682276728002, 47.550008158574599, 0.0 ] ] ] } },
{ "type": "Feature", "properties": { "OBJECTID": 360777, "CEILING": 0, "UNIT": "Feet", "MAP_EFF": "10/30/2025", "LAST_EDIT": "12/7/2017", "LATITUDE": 47.55417483, "LONGITUDE": -122.30418227, "GLOBALID": "15ae1073-7a7a-4ebf-a380-6662d2f9849c", "ARPT_COUNT": 1, "APT1_FAAID": "BFI", "APT1_ICAO": "KBFI", "APT1_NAME": "Boeing Fld/King County Intl", "APT1_LAANC": 1, "APT2_FAAID": "", "APT2_ICAO": "", "APT2_NAME": "", "APT2_LAANC": null, "APT3_FAAID": "", "APT3_ICAO": "", "APT3_NAME": "", "APT3_LAANC": null, "APT4_FAAID": "", "APT4_ICAO": "", "APT4_NAME": "", "APT4_LAANC": null, "APT5_FAAID": "", "APT5_ICAO": "", "APT5_NAME": "", "APT5_LAANC": null, "AIRS_COUNT": 1, "AIRSPACE_1": "D", "AIRSPACE_2": "", "AIRSPACE_3": "", "AIRSPACE_4": "", "AIRSPACE_5": "", "REGION": "Western", "APT1_Enabled": "107-AA,107-FC,44809-AA", "APT2_Enabled": "", "APT3_Enabled": "", "APT4_Enabled": "", "APT5_Enabled": "", "Shape__Length": null, "Shape__Area": null, "Shape__Area_2": 6.9444477048818953e-05, "Shape__Length_2": 0.033333341181446485 }, "geometry": { "type": "Polygon", "coordinates": [ [ [ -122.308348942433, 47.558341493870003, 0.0 ], [ -122.300015607136999, 47.558341493870003, 0.0 ], [ -122.300015607136999, 47.550008158574599, 0.0 ], [ -122.308348942433, 47.550008158574599, 0.0 ], [ -122.308348942433, 47.558341493870003, 0.0 ] ] ] } },
{ "type": "Feature", "properties": { "OBJECTID": 237841, "CEILING": 0, "UNIT": "Feet", "MAP_EFF": "10/30/2025", "LAST_EDIT": "12/7/2017", "LATITUDE": 47.55417483, "LONGITUDE": -122.31251561000001, "GLOBALID": "f31af952-ce10-414b-ae3c-7a415546d3fb", "ARPT_COUNT": 1, "APT1_FAAID": "BFI", "APT1_ICAO": "KBFI", "APT1_NAME": "Boeing Fld/King County Intl", "APT1_LAANC": 1, "APT2_FAAID": "", "APT2_ICAO": "", "APT2_NAME": "", "APT2_LAANC": null, "APT3_FAAID": "", "APT3_ICAO": "", "APT3_NAME": "", "APT3_LAANC": null, "APT4_FAAID": "", "APT4_ICAO": "", "APT4_NAME": "", "APT4_LAANC": null, "APT5_FAAID": "", "APT5_ICAO": "", "APT5_NAME": "", "APT5_LAANC": null, "AIRS_COUNT": 1, "AIRSPACE_1": "D", "AIRSPACE_2": "", "AIRSPACE_3": "", "AIRSPACE_4": "", "AIRSPACE_5": "", "REGION": "Western", "APT1_Enabled": "107-AA,107-FC,44809-AA", "APT2_Enabled": "", "APT3_Enabled": "", "APT4_Enabled": "", "APT5_Enabled": "", "Shape__Length": null, "Shape__Area": null, "Shape__Area_2": 6.9444468863366637e-05, "Shape__Length_2": 0.033333339181467636 }, "geometry": { "type": "Polygon", "coordinates": [ [ [ -122.316682276728002, 47.558341493870003, 0.0 ], [ -122.308348942433, 47.558341493870003, 0.0 ], [ -122.308348942433, 47.550008158574599, 0.0 ], [ -122.316682276728002, 47.550008158574599, 0.0 ], [ -122.316682276728002, 47.558341493870003, 0.0 ] ] ] } },
{ "type": "Feature", "properties": { "OBJECTID": 237842, "CEILING": 100, "UNIT": "Feet", "MAP_EFF": "10/30/2025", "LAST_EDIT": "12/7/2017", "LATITUDE": 47.55417483, "LONGITUDE": -122.29584894, "GLOBALID": "87ea8ea4-6154-45f8-b07a-46e3601797d5", "ARPT_COUNT": 1, "APT1_FAAID": "BFI", "APT1_ICAO": "KBFI", "APT1_NAME": "Boeing Fld/King County Intl", "APT1_LAANC": 1, "APT2_FAAID": "", "APT2_ICAO": "", "APT2_NAME": "", "APT2_LAANC": null, "APT3_FAAID": "", "APT3_ICAO": "", "APT3_NAME": "", "APT3_LAANC": null, "APT4_FAAID": "", "APT4_ICAO": "", "APT4_NAME": "", "APT4_LAANC": null, "APT5_FAAID": "", "APT5_ICAO": "", "APT5_NAME": "", "APT5_LAANC": null, "AIRS_COUNT": 1, "AIRSPACE_1": "D", "AIRSPACE_2": "", "AIRSPACE_3": "", "AIRSPACE_4": "", "AIRSPACE_5": "", "REGION": "Western", "APT1_Enabled": "107-AA,107-FC,44809-AA", "APT2_Enabled": "", "APT3_Enabled": "", "APT4_Enabled": "", "APT5_Enabled": "", "Shape__Length": null, "Shape__Area": null, "Shape__Area_2": 6.9444477048818953e-05, "Shape__Length_2": 0.033333341181446485 }, "geometry": { "type": "Polygon", "coordinates": [ [ [ -122.300015607136999, 47.558341493870003, 0.0 ], [ -122.291682271842006, 47.558341493870003, 0.0 ], [ -122.291682271842006, 47.550008158574599, 0.0 ], [ -122.300015607136999, 47.550008158574599, 0.0 ], [ -122.300015607136999, 47.558341493870003, 0.0 ] ] ] } },
{ "type": "Feature", "properties": { "OBJECTID": 237957, "CEILING": 100, "UNIT": "Feet", "MAP_EFF": "10/30/2025", "LAST_EDIT": "12/7/2017", "LATITUDE": 47.56250816, "LONGITUDE": -122.29584894, "GLOBALID": "723f0ffc-8a9c-4cb5-be40-972cc6953e15", "ARPT_COUNT": 1, "APT1_FAAID": "BFI", "APT1_ICAO": "KBFI", "APT1_NAME": "Boeing Fld/King County Intl", "APT1_LAANC": 1, "APT2_FAAID": "", "APT2_ICAO": "", "APT2_NAME": "", "APT2_LAANC": null, "APT3_FAAID": "", "APT3_ICAO": "", "APT3_NAME": "", "APT3_LAANC": null, "APT4_FAAID": "", "APT4_ICAO": "", "APT4_NAME": "", "APT4_LAANC": null, "APT5_FAAID": "", "APT5_ICAO": "", "APT5_NAME": "", "APT5_LAANC": null, "AIRS_COUNT": 1, "AIRSPACE_1": "D", "AIRSPACE_2": "", "AIRSPACE_3": "", "AIRSPACE_4": "", "AIRSPACE_5": "", "REGION": "Western", "APT1_Enabled": "107-AA,107-FC,44809-AA", "APT2_Enabled": "", "APT3_Enabled": "", "APT4_Enabled": "", "APT5_Enabled": "", "Shape__Length": null, "Shape__Area": null, "Shape__Area_2": 6.9444477048818953e-05, "Shape__Length_2": 0.033333341181332798 }, "geometry": { "type": "Polygon", "coordinates": [ [ [ -122.300015607136999, 47.566674829165301, 0.0 ], [ -122.291682271842006, 47.566674829165301, 0.0 ], [ -122.291682271842006, 47.558341493870003, 0.0 ], [ -122.300015607136999, 47.558341493870003, 0.0 ], [ -122.300015607136999, 47.566674829165301, 0.0 ] ] ] } },
{ "type": "Feature", "properties": { "OBJECTID": 237956, "CEILING": 0, "UNIT": "Feet", "MAP_EFF": "10/30/2025", "LAST_EDIT": "12/7/2017", "LATITUDE": 47.56250816, "LONGITUDE": -122.31251561000001, "GLOBALID": "a88b0b82-e8f7-4bcd-9ba1-e268a232f39f", "ARPT_COUNT": 1, "APT1_FAAID": "BFI", "APT1_ICAO": "KBFI", "APT1_NAME": "Boeing Fld/King County Intl", "APT1_LAANC": 1, "APT2_FAAID": "", "APT2_ICAO": "", "APT2_NAME": "", "APT2_LAANC": null, "APT3_FAAID": "", "APT3_ICAO": "", "APT3_NAME": "", "APT3_LAANC": null, "APT4_FAAID": "", "APT4_ICAO": "", "APT4_NAME": "", "APT4_LAANC": null, "APT5_FAAID": "", "APT5_ICAO": "", "APT5_NAME": "", "APT5_LAANC": null, "AIRS_COUNT": 1, "AIRSPACE_1": "D", "AIRSPACE_2": "", "AIRSPACE_3": "", "AIRSPACE_4": "", "AIRSPACE_5": "", "REGION": "Western", "APT1_Enabled": "107-AA,107-FC,44809-AA", "APT2_Enabled": "", "APT3_Enabled": "", "APT4_Enabled": "", "APT5_Enabled": "", "Shape__Length": null, "Shape__Area": null, "Shape__Area_2": 6.9444469772861339e-05, "Shape__Length_2": 0.033333339181353949 }, "geometry": { "type": "Polygon", "coordinates": [ [ [ -122.316682276728002, 47.566674829165301, 0.0 ], [ -122.308348942433, 47.566674829165301, 0.0 ], [ -122.308348942433, 47.558341493870003, 0.0 ], [ -122.316682276728002, 47.558341493870003, 0.0 ], [ -122.316682276728002, 47.566674829165301, 0.0 ] ] ] } },
{ "type": "Feature", "properties": { "OBJECTID": 360797, "CEILING": 0, "UNIT": "Feet", "MAP_EFF": "10/30/2025", "LAST_EDIT": "12/7/2017", "LATITUDE": 47.56250816, "LONGITUDE": -122.30418227, "GLOBALID": "97cb6b5f-09d2-425f-aad6-94a72785cb97", "ARPT_COUNT": 1, "APT1_FAAID": "BFI", "APT1_ICAO": "KBFI", "APT1_NAME": "Boeing Fld/King County Intl", "APT1_LAANC": 1, "APT2_FAAID": "", "APT2_ICAO": "", "APT2_NAME": "", "APT2_LAANC": null, "APT3_FAAID": "", "APT3_ICAO": "", "APT3_NAME": "", "APT3_LAANC": null, "APT4_FAAID": "", "APT4_ICAO": "", "APT4_NAME": "", "APT4_LAANC": null, "APT5_FAAID": "", "APT5_ICAO": "", "APT5_NAME": "", "APT5_LAANC": null, "AIRS_COUNT": 1, "AIRSPACE_1": "D", "AIRSPACE_2": "", "AIRSPACE_3": "", "AIRSPACE_4": "", "AIRSPACE_5": "", "REGION": "Western", "APT1_Enabled": "107-AA,107-FC,44809-AA", "APT2_Enabled": "", "APT3_Enabled": "", "APT4_Enabled": "", "APT5_Enabled": "", "Shape__Length": null, "Shape__Area": null, "Shape__Area_2": 6.9444477048818953e-05, "Shape__Length_2": 0.033333341181332798 }, "geometry": { "type": "Polygon", "coordinates": [ [ [ -122.308348942433, 47.566674829165301, 0.0 ], [ -122.300015607136999, 47.566674829165301, 0.0 ], [ -122.300015607136999, 47.558341493870003, 0.0 ], [ -122.308348942433, 47.558341493870003, 0.0 ], [ -122.308348942433, 47.566674829165301, 0.0 ] ] ] } },
{ "type": "Feature", "properties": { "OBJECTID": 360814, "CEILING": 300, "UNIT": "Feet", "MAP_EFF": "10/30/2025", "LAST_EDIT": "12/7/2017", "LATITUDE": 47.5708415, "LONGITUDE": -122.30418227, "GLOBALID": "b94cef7d-99fb-4590-9343-27304dbfee6e", "ARPT_COUNT": 1, "APT1_FAAID": "BFI", "APT1_ICAO": "KBFI", "APT1_NAME": "Boeing Fld/King County Intl", "APT1_LAANC": 1, "APT2_FAAID": "", "APT2_ICAO": "", "APT2_NAME": "", "APT2_LAANC": null, "APT3_FAAID": "", "APT3_ICAO": "", "APT3_NAME": "", "APT3_LAANC": null, "APT4_FAAID": "", "APT4_ICAO": "", "APT4_NAME": "", "APT4_LAANC": null, "APT5_FAAID": "", "APT5_ICAO": "", "APT5_NAME": "", "APT5_LAANC": null, "AIRS_COUNT": 1, "AIRSPACE_1": "D", "AIRSPACE_2": "", "AIRSPACE_3": "", "AIRSPACE_4": "", "AIRSPACE_5": "", "REGION": "Western", "APT1_Enabled": "107-AA,107-FC,44809-AA", "APT2_Enabled": "", "APT3_Enabled": "", "APT4_Enabled": "", "APT5_Enabled": "", "Shape__Length": null, "Shape__Area": null, "Shape__Area_2": 6.9444477958313655e-05, "Shape__Length_2": 0.033333341181332798 }, "geometry": { "type": "Polygon", "coordinates": [ [ [ -122.308348942433, 47.575008164460698, 0.0 ], [ -122.300015607136999, 47.575008164460698, 0.0 ], [ -122.300015607136999, 47.566674829165301, 0.0 ], [ -122.308348942433, 47.566674829165301, 0.0 ], [ -122.308348942433, 47.575008164460698, 0.0 ] ] ] } },
{ "type": "Feature", "properties": { "OBJECTID": 238055, "CEILING": 300, "UNIT": "Feet", "MAP_EFF": "10/30/2025", "LAST_EDIT": "12/7/2017", "LATITUDE": 47.5708415, "LONGITUDE": -122.29584894, "GLOBALID": "f9c97b9f-d317-4de9-bebe-389683d8d4b4", "ARPT_COUNT": 1, "APT1_FAAID": "BFI", "APT1_ICAO": "KBFI", "APT1_NAME": "Boeing Fld/King County Intl", "APT1_LAANC": 1, "APT2_FAAID": "", "APT2_ICAO": "", "APT2_NAME": "", "APT2_LAANC": null, "APT3_FAAID": "", "APT3_ICAO": "", "APT3_NAME": "", "APT3_LAANC": null, "APT4_FAAID": "", "APT4_ICAO": "", "APT4_NAME": "", "APT4_LAANC": null, "APT5_FAAID": "", "APT5_ICAO": "", "APT5_NAME": "", "APT5_LAANC": null, "AIRS_COUNT": 1, "AIRSPACE_1": "D", "AIRSPACE_2": "", "AIRSPACE_3": "", "AIRSPACE_4": "", "AIRSPACE_5": "", "REGION": "Western", "APT1_Enabled": "107-AA,107-FC,44809-AA", "APT2_Enabled": "", "APT3_Enabled": "", "APT4_Enabled": "", "APT5_Enabled": "", "Shape__Length": null, "Shape__Area": null, "Shape__Area_2": 6.9444477048818953e-05, "Shape__Length_2": 0.033333341181332798 }, "geometry": { "type": "Polygon", "coordinates": [ [ [ -122.300015607136999, 47.575008164460698, 0.0 ], [ -122.291682271842006, 47.575008164460698, 0.0 ], [ -122.291682271842006, 47.566674829165301, 0.0 ], [ -122.300015607136999, 47.566674829165301, 0.0 ], [ -122.300015607136999, 47.575008164460698, 0.0 ] ] ] } },
{ "type": "Feature", "properties": { "OBJECTID": 237202, "CEILING": 400, "UNIT": "Feet", "MAP_EFF": "10/30/2025", "LAST_EDIT": "12/7/2017", "LATITUDE": 47.50417482, "LONGITUDE": -122.37084895, "GLOBALID": "bd53768b-662d-4fb3-bc5f-d18628774102", "ARPT_COUNT": 1, "APT1_FAAID": "BFI", "APT1_ICAO": "KBFI", "APT1_NAME": "Boeing Fld/King County Intl", "APT1_LAANC": 1, "APT2_FAAID": "", "APT2_ICAO": "", "APT2_NAME": "", "APT2_LAANC": null, "APT3_FAAID": "", "APT3_ICAO": "", "APT3_NAME": "", "APT3_LAANC": null, "APT4_FAAID": "", "APT4_ICAO": "", "APT4_NAME": "", "APT4_LAANC": null, "APT5_FAAID": "", "APT5_ICAO": "", "APT5_NAME": "", "APT5_LAANC": null, "AIRS_COUNT": 1, "AIRSPACE_1": "D", "AIRSPACE_2": "", "AIRSPACE_3": "", "AIRSPACE_4": "", "AIRSPACE_5": "", "REGION": "Western", "APT1_Enabled": "107-AA,107-FC,44809-AA", "APT2_Enabled": "", "APT3_Enabled": "", "APT4_Enabled": "", "APT5_Enabled": "", "Shape__Length": null, "Shape__Area": null, "Shape__Area_2": 6.9444477048818953e-05, "Shape__Length_2": 0.033333341181560172 }, "geometry": { "type": "Polygon", "coordinates": [ [ [ -122.375015621795001, 47.508341484097897, 0.0 ], [ -122.370751792089777, 47.508341484097897, 0.0 ], [ -122.370754793670997, 47.508118764517903, 0.0 ], [ -122.370841796690002, 47.5081185737723, 0.0 ], [ -122.370807025389993, 47.508088839916702, 0.0 ], [ -122.370775239357997, 47.508057306512598, 0.0 ], [ -122.370747452025, 47.508024137020698, 0.0 ], [ -122.370723664623995, 47.5079895845384, 0.0 ], [ -122.370704400041006, 47.507953857133998, 0.0 ], [ -122.370687530683, 47.507913423180398, 0.0 ], [ -122.370617346049997, 47.507712019273796, 0.0 ], [ -122.370610580169, 47.507671326203599, 0.0 ], [ -122.370588176466001, 47.507529127845103, 0.0 ], [ -122.370582690993999, 47.507343085182903, 0.0 ], [ -122.370584936957002, 47.507178962759802, 0.0 ], [ -122.370574962313995, 47.507132483129404, 0.0 ], [ -122.370558792181001, 47.507081544017197, 0.0 ], [ -122.370409537731007, 47.506685968745899, 0.0 ], [ -122.370367673394995, 47.506552863126799, 0.0 ], [ -122.370339966255003, 47.506402210888503, 0.0 ], [ -122.370314909428004, 47.506204393464898, 0.0 ], [ -122.370285306737003, 47.505972319901197, 0.0 ], [ -122.370276046827001, 47.505898325825498, 0.0 ], [ -122.370270591869996, 47.505833447096798, 0.0 ], [ -122.370271203358001, 47.505768444077702, 0.0 ], [ -122.370279919275006, 47.505686495255297, 0.0 ], [ -122.370298262730003, 47.505605268268397, 0.0 ], [ -122.370315233952994, 47.505546131149302, 0.0 ], [ -122.370327582235007, 47.5055016611159, 0.0 ], [ -122.370361449799006, 47.505380852546999, 0.0 ], [ -122.370382986574, 47.505304897656799, 0.0 ], [ -122.370403702331998, 47.505218200865897, 0.0 ], [ -122.370416298913995, 47.5051308419809, 0.0 ], [ -122.370421805785995, 47.505043106585298, 0.0 ], [ -122.370427476583004, 47.504600663112903, 0.0 ], [ -122.370437205825993, 47.503866778841299, 0.0 ], [ -122.370442273996005, 47.503798589568603, 0.0 ], [ -122.370455457190005, 47.503730931661899, 0.0 ], [ -122.370476250178001, 47.503664195842703, 0.0 ], [ -122.370505173536998, 47.503598725196298, 0.0 ], [ -122.370541234032999, 47.503535039384403, 0.0 ], [ -122.370584434495001, 47.503473446313699, 0.0 ], [ -122.370610758515994, 47.503439755194002, 0.0 ], [ -122.370645835852002, 47.503394251824297, 0.0 ], [ -122.370721371765995, 47.503297000497803, 0.0 ], [ -122.370814057385005, 47.503198234484799, 0.0 ], [ -122.370862816491993, 47.503153528709703, 0.0 ], [ -122.370977540149994, 47.503047393912297, 0.0 ], [ -122.371243450554999, 47.5028022782733, 0.0 ], [ -122.371586976084004, 47.502479291291799, 0.0 ], [ -122.371951139328999, 47.5021357999792, 0.0 ], [ -122.372018146065002, 47.502075381321099, 0.0 ], [ -122.372089263174999, 47.502017134300303, 0.0 ], [ -122.372167963229003, 47.501958700098101, 0.0 ], [ -122.372255155600996, 47.501896721085998, 0.0 ], [ -122.372423103892004, 47.501777439846897, 0.0 ], [ -122.372521193181996, 47.5017077702027, 0.0 ], [ -122.372589507666007, 47.5016573187078, 0.0 ], [ -122.372752315526, 47.501535402571101, 0.0 ], [ -122.372914089266999, 47.501412643851999, 0.0 ], [ -122.373026855131997, 47.501326069404001, 0.0 ], [ -122.373086146977002, 47.501278524167198, 0.0 ], [ -122.373230427997996, 47.501162988056898, 0.0 ], [ -122.373611379626993, 47.500857652040402, 0.0 ], [ -122.373705749139006, 47.500782079450403, 0.0 ], [ -122.373736323293002, 47.500755400150702, 0.0 ], [ -122.373763815291994, 47.500727222894803, 0.0 ], [ -122.373788228752005, 47.500697669973299, 0.0 ], [ -122.373809071097995, 47.500666925249, 0.0 ], [ -122.373826343586998, 47.500635241818102, 0.0 ], [ -122.373840048963999, 47.500602712452803, 0.0 ], [ -122.373849696652002, 47.500569588484403, 0.0 ], [ -122.373856293987004, 47.500536252788699, 0.0 ], [ -122.373865702274998, 47.500460891985398, 0.0 ], [ -122.373923897943797, 47.5000081488025, 0.0 ], [ -122.375015621795001, 47.5000081488025, 0.0 ], [ -122.375015621795001, 47.508341484097897, 0.0 ] ] ] } },
{ "type": "Feature", "properties": { "OBJECTID": 237305, "CEILING": 400, "UNIT": "Feet", "MAP_EFF": "10/30/2025", "LAST_EDIT": "12/7/2017", "LATITUDE": 47.51250815, "LONGITUDE": -122.37084895, "GLOBALID": "d0a18272-013a-41d3-8a42-3b3b6e5c5595", "ARPT_COUNT": 1, "APT1_FAAID": "BFI", "APT1_ICAO": "KBFI", "APT1_NAME": "Boeing Fld/King County Intl", "APT1_LAANC": 1, "APT2_FAAID": "", "APT2_ICAO": "", "APT2_NAME": "", "APT2_LAANC": null, "APT3_FAAID": "", "APT3_ICAO": "", "APT3_NAME": "", "APT3_LAANC": null, "APT4_FAAID": "", "APT4_ICAO": "", "APT4_NAME": "", "APT4_LAANC": null, "APT5_FAAID": "", "APT5_ICAO": "", "APT5_NAME": "", "APT5_LAANC": null, "AIRS_COUNT": 1, "AIRSPACE_1": "D", "AIRSPACE_2": "", "AIRSPACE_3": "", "AIRSPACE_4": "", "AIRSPACE_5": "", "REGION": "Western", "APT1_Enabled": "107-AA,107-FC,44809-AA", "APT2_Enabled": "", "APT3_Enabled": "", "APT4_Enabled": "", "APT5_Enabled": "", "Shape__Length": null, "Shape__Area": null, "Shape__Area_2": 6.9444477958313655e-05, "Shape__Length_2": 0.033333341181446485 }, "geometry": { "type": "Polygon", "coordinates": [ [ [ -122.375015621795001, 47.516674819393202, 0.0 ], [ -122.371222284209679, 47.516674819393202, 0.0 ], [ -122.371217085018003, 47.516605329830199, 0.0 ], [ -122.371198511128, 47.516353144976598, 0.0 ], [ -122.371180036945006, 47.516104122663997, 0.0 ], [ -122.371175833357, 47.516047541707003, 0.0 ], [ -122.371160868296002, 47.515848862123498, 0.0 ], [ -122.371150686931003, 47.515709539866897, 0.0 ], [ -122.371142358018005, 47.515598815198402, 0.0 ], [ -122.371123845309, 47.515348468790997, 0.0 ], [ -122.371105342974005, 47.515098679087899, 0.0 ], [ -122.371087560936999, 47.514855992059601, 0.0 ], [ -122.371069081594996, 47.514606758889599, 0.0 ], [ -122.371049905082998, 47.514351194720597, 0.0 ], [ -122.371042325814003, 47.514248559463503, 0.0 ], [ -122.371031467888002, 47.514103589328897, 0.0 ], [ -122.371014661985996, 47.513876873062202, 0.0 ], [ -122.371011229228003, 47.513829102596901, 0.0 ], [ -122.371002054331996, 47.5137065648657, 0.0 ], [ -122.370996295780003, 47.513631451903102, 0.0 ], [ -122.370981821079994, 47.513432251019502, 0.0 ], [ -122.370977559712998, 47.513373696576203, 0.0 ], [ -122.370959210275998, 47.513128832034603, 0.0 ], [ -122.370940742353, 47.512880155553603, 0.0 ], [ -122.370937218809999, 47.512829302578297, 0.0 ], [ -122.370922921417005, 47.512636098031301, 0.0 ], [ -122.370903556930003, 47.512374111597701, 0.0 ], [ -122.370891123, 47.512209669011703, 0.0 ], [ -122.370879481572999, 47.5120552051551, 0.0 ], [ -122.370872703857003, 47.511962624437601, 0.0 ], [ -122.370865044320993, 47.5118572440092, 0.0 ], [ -122.370854831692995, 47.511716808484998, 0.0 ], [ -122.37083644946, 47.511471003656098, 0.0 ], [ -122.370818579003, 47.511225234084101, 0.0 ], [ -122.370800707347001, 47.5109794181244, 0.0 ], [ -122.370782326872003, 47.510733655456598, 0.0 ], [ -122.370764455680003, 47.510487843709001, 0.0 ], [ -122.370746080404004, 47.5102420345669, 0.0 ], [ -122.370728305669004, 47.5099996933562, 0.0 ], [ -122.370734389608003, 47.5095884317535, 0.0 ], [ -122.370738853022004, 47.509259457466399, 0.0 ], [ -122.370741217204994, 47.509099357900404, 0.0 ], [ -122.370743825348995, 47.508930429886, 0.0 ], [ -122.370748288523004, 47.508601451383498, 0.0 ], [ -122.370751792089777, 47.508341484097897, 0.0 ], [ -122.375015621795001, 47.508341484097897, 0.0 ], [ -122.375015621795001, 47.516674819393202, 0.0 ] ] ] } },
{ "type": "Feature", "properties": { "OBJECTID": 237306, "CEILING": 400, "UNIT": "Feet", "MAP_EFF": "10/30/2025", "LAST_EDIT": "12/7/2017", "LATITUDE": 47.51250815, "LONGITUDE": -122.36251562, "GLOBALID": "d15d7153-1a2e-48d2-9418-8c98b8ddf871", "ARPT_COUNT": 1, "APT1_FAAID": "BFI", "APT1_ICAO": "KBFI", "APT1_NAME": "Boeing Fld/King County Intl", "APT1_LAANC": 1, "APT2_FAAID": "", "APT2_ICAO": "", "APT2_NAME": "", "APT2_LAANC": null, "APT3_FAAID": "", "APT3_ICAO": "", "APT3_NAME": "", "APT3_LAANC": null, "APT4_FAAID": "", "APT4_ICAO": "", "APT4_NAME": "", "APT4_LAANC": null, "APT5_FAAID": "", "APT5_ICAO": "", "APT5_NAME": "", "APT5_LAANC": null, "AIRS_COUNT": 1, "AIRSPACE_1": "D", "AIRSPACE_2": "", "AIRSPACE_3": "", "AIRSPACE_4": "", "AIRSPACE_5": "", "REGION": "Western", "APT1_Enabled": "107-AA,107-FC,44809-AA", "APT2_Enabled": "", "APT3_Enabled": "", "APT4_Enabled": "", "APT5_Enabled": "", "Shape__Length": null, "Shape__Area": null, "Shape__Area_2": 6.9444468863366637e-05, "Shape__Length_2": 0.033333339181353949 }, "geometry": { "type": "Polygon", "coordinates": [ [ [ -122.358523428337364, 47.516674819393202, 0.0 ], [ -122.358510165322997, 47.515530247074999, 0.0 ], [ -122.359178498820995, 47.515529880544499, 0.0 ], [ -122.360518192224006, 47.5155291413976, 0.0 ], [ -122.360531830312794, 47.516674819393202, 0.0 ], [ -122.358523428337364, 47.516674819393202, 0.0 ] ] ] } },
{ "type": "Feature", "properties": { "OBJECTID": 237411, "CEILING": 400, "UNIT": "Feet", "MAP_EFF": "10/30/2025", "LAST_EDIT": "12/7/2017", "LATITUDE": 47.52084149, "LONGITUDE": -122.35418228, "GLOBALID": "d0e99ad2-4021-4d29-9db4-7e5710dfb6f4", "ARPT_COUNT": 1, "APT1_FAAID": "BFI", "APT1_ICAO": "KBFI", "APT1_NAME": "Boeing Fld/King County Intl", "APT1_LAANC": 1, "APT2_FAAID": "", "APT2_ICAO": "", "APT2_NAME": "", "APT2_LAANC": null, "APT3_FAAID": "", "APT3_ICAO": "", "APT3_NAME": "", "APT3_LAANC": null, "APT4_FAAID": "", "APT4_ICAO": "", "APT4_NAME": "", "APT4_LAANC": null, "APT5_FAAID": "", "APT5_ICAO": "", "APT5_NAME": "", "APT5_LAANC": null, "AIRS_COUNT": 1, "AIRSPACE_1": "D", "AIRSPACE_2": "", "AIRSPACE_3": "", "AIRSPACE_4": "", "AIRSPACE_5": "", "REGION": "Western", "APT1_Enabled": "107-AA,107-FC,44809-AA", "APT2_Enabled": "", "APT3_Enabled": "", "APT4_Enabled": "", "APT5_Enabled": "", "Shape__Length": null, "Shape__Area": null, "Shape__Area_2": 6.9444469772861339e-05, "Shape__Length_2": 0.033333339181353949 }, "geometry": { "type": "Polygon", "coordinates": [ [ [ -122.358348952205006, 47.525008153688603, 0.0 ], [ -122.350015616909005, 47.525008153688603, 0.0 ], [ -122.350015616909005, 47.517330595120974, 0.0 ], [ -122.350652906874004, 47.517334295017299, 0.0 ], [ -122.351735320518998, 47.517340568500202, 0.0 ], [ -122.352875923816001, 47.517347162683997, 0.0 ], [ -122.354016533747995, 47.517353749548903, 0.0 ], [ -122.355164730534995, 47.517360392054599, 0.0 ], [ -122.356510588872993, 47.5173612887316, 0.0 ], [ -122.357856952811005, 47.517362209081597, 0.0 ], [ -122.358348952205006, 47.51736254033483, 0.0 ], [ -122.358348952205006, 47.525008153688603, 0.0 ] ] ] } },
{ "type": "Feature", "properties": { "OBJECTID": 237410, "CEILING": 400, "UNIT": "Feet", "MAP_EFF": "10/30/2025", "LAST_EDIT": "12/7/2017", "LATITUDE": 47.52084149, "LONGITUDE": -122.36251562, "GLOBALID": "5ddaaf17-3e1f-4272-a903-bea585b8ef42", "ARPT_COUNT": 1, "APT1_FAAID": "BFI", "APT1_ICAO": "KBFI", "APT1_NAME": "Boeing Fld/King County Intl", "APT1_LAANC": 1, "APT2_FAAID": "", "APT2_ICAO": "", "APT2_NAME": "", "APT2_LAANC": null, "APT3_FAAID": "", "APT3_ICAO": "", "APT3_NAME": "", "APT3_LAANC": null, "APT4_FAAID": "", "APT4_ICAO": "", "APT4_NAME": "", "APT4_LAANC": null, "APT5_FAAID": "", "APT5_ICAO": "", "APT5_NAME": "", "APT5_LAANC": null, "AIRS_COUNT": 1, "AIRSPACE_1": "D", "AIRSPACE_2": "", "AIRSPACE_3": "", "AIRSPACE_4": "", "AIRSPACE_5": "", "REGION": "Western", "APT1_Enabled": "107-AA,107-FC,44809-AA", "APT2_Enabled": "", "APT3_Enabled": "", "APT4_Enabled": "", "APT5_Enabled": "", "Shape__Length": null, "Shape__Area": null, "Shape__Area_2": 6.9444460677914321e-05, "Shape__Length_2": 0.0333333371813751 }, "geometry": { "type": "Polygon", "coordinates": [ [ [ -122.366682286499994, 47.525008153688603, 0.0 ], [ -122.358348952205006, 47.525008153688603, 0.0 ], [ -122.358348952205006, 47.51736254033483, 0.0 ], [ -122.358531398897, 47.517362663172499, 0.0 ], [ -122.358523428337364, 47.516674819393202, 0.0 ], [ -122.360531830312794, 47.516674819393202, 0.0 ], [ -122.360540008233002, 47.517361811784603, 0.0 ], [ -122.361124433369994, 47.517363460834197, 0.0 ], [ -122.361821134, 47.517363642454598, 0.0 ], [ -122.362617485238999, 47.5173631193706, 0.0 ], [ -122.363224147376002, 47.517363905594102, 0.0 ], [ -122.364567444786005, 47.517363585441501, 0.0 ], [ -122.365912763826003, 47.517363175722799, 0.0 ], [ -122.366682286499994, 47.517371954023012, 0.0 ], [ -122.366682286499994, 47.525008153688603, 0.0 ] ] ] } },
{ "type": "Feature", "properties": { "OBJECTID": 237409, "CEILING": 400, "UNIT": "Feet", "MAP_EFF": "10/30/2025", "LAST_EDIT": "12/7/2017", "LATITUDE": 47.52084149, "LONGITUDE": -122.37084895, "GLOBALID": "e93a5708-e813-4b0e-9ada-d6afaec04f9b", "ARPT_COUNT": 1, "APT1_FAAID": "BFI", "APT1_ICAO": "KBFI", "APT1_NAME": "Boeing Fld/King County Intl", "APT1_LAANC": 1, "APT2_FAAID": "", "APT2_ICAO": "", "APT2_NAME": "", "APT2_LAANC": null, "APT3_FAAID": "", "APT3_ICAO": "", "APT3_NAME": "", "APT3_LAANC": null, "APT4_FAAID": "", "APT4_ICAO": "", "APT4_NAME": "", "APT4_LAANC": null, "APT5_FAAID": "", "APT5_ICAO": "", "APT5_NAME": "", "APT5_LAANC": null, "AIRS_COUNT": 1, "AIRSPACE_1": "D", "AIRSPACE_2": "", "AIRSPACE_3": "", "AIRSPACE_4": "", "AIRSPACE_5": "", "REGION": "Western", "APT1_Enabled": "107-AA,107-FC,44809-AA", "APT2_Enabled": "", "APT3_Enabled": "", "APT4_Enabled": "", "APT5_Enabled": "", "Shape__Length": null, "Shape__Area": null, "Shape__Area_2": 6.9444468863366637e-05, "Shape__Length_2": 0.033333339181467636 }, "geometry": { "type": "Polygon", "coordinates": [ [ [ -122.375015621795001, 47.525008153688603, 0.0 ], [ -122.366682286499994, 47.525008153688603, 0.0 ], [ -122.366682286499994, 47.517371954023012, 0.0 ], [ -122.367283850190006, 47.517378816337597, 0.0 ], [ -122.368671132760994, 47.517394605373497, 0.0 ], [ -122.370026534437002, 47.517409994631002, 0.0 ], [ -122.371278177207003, 47.517424203610098, 0.0 ], [ -122.371254070602006, 47.5171043948326, 0.0 ], [ -122.371252261256998, 47.517077471413998, 0.0 ], [ -122.371234624414001, 47.516839751839903, 0.0 ], [ -122.371222284209679, 47.516674819393202, 0.0 ], [ -122.375015621795001, 47.516674819393202, 0.0 ], [ -122.375015621795001, 47.525008153688603, 0.0 ] ] ] } },
{ "type": "Feature", "properties": { "OBJECTID": 237408, "CEILING": 400, "UNIT": "Feet", "MAP_EFF": "10/30/2025", "LAST_EDIT": "12/7/2017", "LATITUDE": 47.52084149, "LONGITUDE": -122.37918229, "GLOBALID": "a6a50719-5aa3-4411-bb2a-87dc2d252280", "ARPT_COUNT": 1, "APT1_FAAID": "BFI", "APT1_ICAO": "KBFI", "APT1_NAME": "Boeing Fld/King County Intl", "APT1_LAANC": 1, "APT2_FAAID": "", "APT2_ICAO": "", "APT2_NAME": "", "APT2_LAANC": null, "APT3_FAAID": "", "APT3_ICAO": "", "APT3_NAME": "", "APT3_LAANC": null, "APT4_FAAID": "", "APT4_ICAO": "", "APT4_NAME": "", "APT4_LAANC": null, "APT5_FAAID": "", "APT5_ICAO": "", "APT5_NAME": "", "APT5_LAANC": null, "AIRS_COUNT": 1, "AIRSPACE_1": "D", "AIRSPACE_2": "", "AIRSPACE_3": "", "AIRSPACE_4": "", "AIRSPACE_5": "", "REGION": "Western", "APT1_Enabled": "107-AA,107-FC,44809-AA", "APT2_Enabled": "", "APT3_Enabled": "", "APT4_Enabled": "", "APT5_Enabled": "", "Shape__Length": null, "Shape__Area": null, "Shape__Area_2": 6.9444467953871936e-05, "Shape__Length_2": 0.033333339181353949 }, "geometry": { "type": "Polygon", "coordinates": [ [ [ -122.383348957091002, 47.525008153688603, 0.0 ], [ -122.375015621795001, 47.525008153688603, 0.0 ], [ -122.375015621795001, 47.516674819393202, 0.0 ], [ -122.383348957091002, 47.516674819393202, 0.0 ], [ -122.383348957091002, 47.525008153688603, 0.0 ] ] ] } },
{ "type": "Feature", "properties": { "OBJECTID": 237303, "CEILING": 400, "UNIT": "Feet", "MAP_EFF": "10/30/2025", "LAST_EDIT": "12/7/2017", "LATITUDE": 47.51250815, "LONGITUDE": -122.38751562, "GLOBALID": "89c2f7d6-5fb5-44d4-ad88-f1b770e591e0", "ARPT_COUNT": 1, "APT1_FAAID": "BFI", "APT1_ICAO": "KBFI", "APT1_NAME": "Boeing Fld/King County Intl", "APT1_LAANC": 1, "APT2_FAAID": "", "APT2_ICAO": "", "APT2_NAME": "", "APT2_LAANC": null, "APT3_FAAID": "", "APT3_ICAO": "", "APT3_NAME": "", "APT3_LAANC": null, "APT4_FAAID": "", "APT4_ICAO": "", "APT4_NAME": "", "APT4_LAANC": null, "APT5_FAAID": "", "APT5_ICAO": "", "APT5_NAME": "", "APT5_LAANC": null, "AIRS_COUNT": 1, "AIRSPACE_1": "D", "AIRSPACE_2": "", "AIRSPACE_3": "", "AIRSPACE_4": "", "AIRSPACE_5": "", "REGION": "Western", "APT1_Enabled": "107-AA,107-FC,44809-AA", "APT2_Enabled": "", "APT3_Enabled": "", "APT4_Enabled": "", "APT5_Enabled": "", "Shape__Length": null, "Shape__Area": null, "Shape__Area_2": 6.9444477048818953e-05, "Shape__Length_2": 0.033333341181332798 }, "geometry": { "type": "Polygon", "coordinates": [ [ [ -122.391682292385994, 47.516674819393202, 0.0 ], [ -122.383348957091002, 47.516674819393202, 0.0 ], [ -122.383348957091002, 47.508341484097897, 0.0 ], [ -122.391682292385994, 47.508341484097897, 0.0 ], [ -122.391682292385994, 47.516674819393202, 0.0 ] ] ] } },
{ "type": "Feature", "properties": { "OBJECTID": 237407, "CEILING": 400, "UNIT": "Feet", "MAP_EFF": "10/30/2025", "LAST_EDIT": "12/7/2017", "LATITUDE": 47.52084149, "LONGITUDE": -122.39584896, "GLOBALID": "0d436190-a435-41e8-9bc0-e20ff29f4238", "ARPT_COUNT": 1, "APT1_FAAID": "BFI", "APT1_ICAO": "KBFI", "APT1_NAME": "Boeing Fld/King County Intl", "APT1_LAANC": 1, "APT2_FAAID": "", "APT2_ICAO": "", "APT2_NAME": "", "APT2_LAANC": null, "APT3_FAAID": "", "APT3_ICAO": "", "APT3_NAME": "", "APT3_LAANC": null, "APT4_FAAID": "", "APT4_ICAO": "", "APT4_NAME": "", "APT4_LAANC": null, "APT5_FAAID": "", "APT5_ICAO": "", "APT5_NAME": "", "APT5_LAANC": null, "AIRS_COUNT": 1, "AIRSPACE_1": "D", "AIRSPACE_2": "", "AIRSPACE_3": "", "AIRSPACE_4": "", "AIRSPACE_5": "", "REGION": "Western", "APT1_Enabled": "107-AA,107-FC,44809-AA", "APT2_Enabled": "", "APT3_Enabled": "", "APT4_Enabled": "", "APT5_Enabled": "", "Shape__Length": null, "Shape__Area": null, "Shape__Area_2": 6.9444460677914321e-05, "Shape__Length_2": 0.0333333371813751 }, "geometry": { "type": "Polygon", "coordinates": [ [ [ -122.400015626680997, 47.521405611666694, 0.0 ], [ -122.398626722507998, 47.523273791502398, 0.0 ], [ -122.400015626680997, 47.523935142385128, 0.0 ], [ -122.400015626680997, 47.525008153688603, 0.0 ], [ -122.391682292385994, 47.525008153688603, 0.0 ], [ -122.391682292385994, 47.516674819393202, 0.0 ], [ -122.400015626680997, 47.516674819393202, 0.0 ], [ -122.400015626680997, 47.521405611666694, 0.0 ] ] ] } },
{ "type": "Feature", "properties": { "OBJECTID": 360699, "CEILING": 400, "UNIT": "Feet", "MAP_EFF": "10/30/2025", "LAST_EDIT": "12/7/2017", "LATITUDE": 47.52084149, "LONGITUDE": -122.38751562, "GLOBALID": "4e2d694b-104b-426a-adc5-104746a5da1a", "ARPT_COUNT": 1, "APT1_FAAID": "BFI", "APT1_ICAO": "KBFI", "APT1_NAME": "Boeing Fld/King County Intl", "APT1_LAANC": 1, "APT2_FAAID": "", "APT2_ICAO": "", "APT2_NAME": "", "APT2_LAANC": null, "APT3_FAAID": "", "APT3_ICAO": "", "APT3_NAME": "", "APT3_LAANC": null, "APT4_FAAID": "", "APT4_ICAO": "", "APT4_NAME": "", "APT4_LAANC": null, "APT5_FAAID": "", "APT5_ICAO": "", "APT5_NAME": "", "APT5_LAANC": null, "AIRS_COUNT": 1, "AIRSPACE_1": "D", "AIRSPACE_2": "", "AIRSPACE_3": "", "AIRSPACE_4": "", "AIRSPACE_5": "", "REGION": "Western", "APT1_Enabled": "107-AA,107-FC,44809-AA", "APT2_Enabled": "", "APT3_Enabled": "", "APT4_Enabled": "", "APT5_Enabled": "", "Shape__Length": null, "Shape__Area": null, "Shape__Area_2": 6.9444468863366637e-05, "Shape__Length_2": 0.033333339181353949 }, "geometry": { "type": "Polygon", "coordinates": [ [ [ -122.391682292385994, 47.525008153688603, 0.0 ], [ -122.383348957091002, 47.525008153688603, 0.0 ], [ -122.383348957091002, 47.516674819393202, 0.0 ], [ -122.391682292385994, 47.516674819393202, 0.0 ], [ -122.391682292385994, 47.525008153688603, 0.0 ] ] ] } },
{ "type": "Feature", "properties": { "OBJECTID": 237406, "CEILING": 400, "UNIT": "Feet", "MAP_EFF": "10/30/2025", "LAST_EDIT": "12/7/2017", "LATITUDE": 47.52084149, "LONGITUDE": -122.40418229, "GLOBALID": "4ac7e95f-aff0-496b-aaf5-0aa5f5f8bbd7", "ARPT_COUNT": 1, "APT1_FAAID": "BFI", "APT1_ICAO": "KBFI", "APT1_NAME": "Boeing Fld/King County Intl", "APT1_LAANC": 1, "APT2_FAAID": "", "APT2_ICAO": "", "APT2_NAME": "", "APT2_LAANC": null, "APT3_FAAID": "", "APT3_ICAO": "", "APT3_NAME": "", "APT3_LAANC": null, "APT4_FAAID": "", "APT4_ICAO": "", "APT4_NAME": "", "APT4_LAANC": null, "APT5_FAAID": "", "APT5_ICAO": "", "APT5_NAME": "", "APT5_LAANC": null, "AIRS_COUNT": 1, "AIRSPACE_1": "D", "AIRSPACE_2": "", "AIRSPACE_3": "", "AIRSPACE_4": "", "AIRSPACE_5": "", "REGION": "Western", "APT1_Enabled": "107-AA,107-FC,44809-AA", "APT2_Enabled": "", "APT3_Enabled": "", "APT4_Enabled": "", "APT5_Enabled": "", "Shape__Length": null, "Shape__Area": null, "Shape__Area_2": 6.9444468863366637e-05, "Shape__Length_2": 0.033333339181353949 }, "geometry": { "type": "MultiPolygon", "coordinates": [ [ [ [ -122.400015626680997, 47.525008153688603, 0.0 ], [ -122.400015626680997, 47.523935142385128, 0.0 ], [ -122.400750523959005, 47.524285076508001, 0.0 ], [ -122.402269563798029, 47.525008153688603, 0.0 ], [ -122.400015626680997, 47.525008153688603, 0.0 ] ] ], [ [ [ -122.400015626680997, 47.516674819393202, 0.0 ], [ -122.401916885246848, 47.516674819393202, 0.0 ], [ -122.402634973448002, 47.517882394652901, 0.0 ], [ -122.400015626680997, 47.521405611666694, 0.0 ], [ -122.400015626680997, 47.516674819393202, 0.0 ] ] ] ] } },
{ "type": "Feature", "properties": { "OBJECTID": 237504, "CEILING": 400, "UNIT": "Feet", "MAP_EFF": "10/30/2025", "LAST_EDIT": "12/7/2017", "LATITUDE": 47.52917482, "LONGITUDE": -122.39584896, "GLOBALID": "8e08cda2-0d0b-48df-b740-f8654a96cc7b", "ARPT_COUNT": 1, "APT1_FAAID": "BFI", "APT1_ICAO": "KBFI", "APT1_NAME": "Boeing Fld/King County Intl", "APT1_LAANC": 1, "APT2_FAAID": "", "APT2_ICAO": "", "APT2_NAME": "", "APT2_LAANC": null, "APT3_FAAID": "", "APT3_ICAO": "", "APT3_NAME": "", "APT3_LAANC": null, "APT4_FAAID": "", "APT4_ICAO": "", "APT4_NAME": "", "APT4_LAANC": null, "APT5_FAAID": "", "APT5_ICAO": "", "APT5_NAME": "", "APT5_LAANC": null, "AIRS_COUNT": 1, "AIRSPACE_1": "D", "AIRSPACE_2": "", "AIRSPACE_3": "", "AIRSPACE_4": "", "AIRSPACE_5": "", "REGION": "Western", "APT1_Enabled": "107-AA,107-FC,44809-AA", "APT2_Enabled": "", "APT3_Enabled": "", "APT4_Enabled": "", "APT5_Enabled": "", "Shape__Length": null, "Shape__Area": null, "Shape__Area_2": 6.9444468863366637e-05, "Shape__Length_2": 0.033333339181353949 }, "geometry": { "type": "Polygon", "coordinates": [ [ [ -122.400015626680997, 47.533341488983901, 0.0 ], [ -122.391682292385994, 47.533341488983901, 0.0 ], [ -122.391682292385994, 47.525008153688603, 0.0 ], [ -122.400015626680997, 47.525008153688603, 0.0 ], [ -122.400015626680997, 47.533341488983901, 0.0 ] ] ] } },
{ "type": "Feature", "properties": { "OBJECTID": 237502, "CEILING": 400, "UNIT": "Feet", "MAP_EFF": "10/30/2025", "LAST_EDIT": "12/7/2017", "LATITUDE": 47.52917482, "LONGITUDE": -122.41251563, "GLOBALID": "8ae57ad1-0ef7-4eff-9f04-9a7e79044bd5", "ARPT_COUNT": 1, "APT1_FAAID": "BFI", "APT1_ICAO": "KBFI", "APT1_NAME": "Boeing Fld/King County Intl", "APT1_LAANC": 1, "APT2_FAAID": "", "APT2_ICAO": "", "APT2_NAME": "", "APT2_LAANC": null, "APT3_FAAID": "", "APT3_ICAO": "", "APT3_NAME": "", "APT3_LAANC": null, "APT4_FAAID": "", "APT4_ICAO": "", "APT4_NAME": "", "APT4_LAANC": null, "APT5_FAAID": "", "APT5_ICAO": "", "APT5_NAME": "", "APT5_LAANC": null, "AIRS_COUNT": 1, "AIRSPACE_1": "D", "AIRSPACE_2": "", "AIRSPACE_3": "", "AIRSPACE_4": "", "AIRSPACE_5": "", "REGION": "Western", "APT1_Enabled": "107-AA,107-FC,44809-AA", "APT2_Enabled": "", "APT3_Enabled": "", "APT4_Enabled": "", "APT5_Enabled": "", "Shape__Length": null, "Shape__Area": null, "Shape__Area_2": 6.9444477048818953e-05, "Shape__Length_2": 0.033333341181446485 }, "geometry": { "type": "Polygon", "coordinates": [ [ [ -122.408348961976998, 47.527902004121025, 0.0 ], [ -122.408558491096997, 47.5280017419432, 0.0 ], [ -122.409738194024001, 47.530614206560799, 0.0 ], [ -122.408348961976998, 47.531703719210157, 0.0 ], [ -122.408348961976998, 47.527902004121025, 0.0 ] ] ] } },
{ "type": "Feature", "properties": { "OBJECTID": 237503, "CEILING": 400, "UNIT": "Feet", "MAP_EFF": "10/30/2025", "LAST_EDIT": "12/7/2017", "LATITUDE": 47.52917482, "LONGITUDE": -122.40418229, "GLOBALID": "ce96311c-2508-4beb-b819-957ccc7ee542", "ARPT_COUNT": 1, "APT1_FAAID": "BFI", "APT1_ICAO": "KBFI", "APT1_NAME": "Boeing Fld/King County Intl", "APT1_LAANC": 1, "APT2_FAAID": "", "APT2_ICAO": "", "APT2_NAME": "", "APT2_LAANC": null, "APT3_FAAID": "", "APT3_ICAO": "", "APT3_NAME": "", "APT3_LAANC": null, "APT4_FAAID": "", "APT4_ICAO": "", "APT4_NAME": "", "APT4_LAANC": null, "APT5_FAAID": "", "APT5_ICAO": "", "APT5_NAME": "", "APT5_LAANC": null, "AIRS_COUNT": 1, "AIRSPACE_1": "D", "AIRSPACE_2": "", "AIRSPACE_3": "", "AIRSPACE_4": "", "AIRSPACE_5": "", "REGION": "Western", "APT1_Enabled": "107-AA,107-FC,44809-AA", "APT2_Enabled": "", "APT3_Enabled": "", "APT4_Enabled": "", "APT5_Enabled": "", "Shape__Length": null, "Shape__Area": null, "Shape__Area_2": 6.9444477048818953e-05, "Shape__Length_2": 0.033333341181332798 }, "geometry": { "type": "Polygon", "coordinates": [ [ [ -122.408348961976998, 47.531703719210157, 0.0 ], [ -122.406682421503007, 47.533010712473803, 0.0 ], [ -122.405826947342433, 47.533341488983901, 0.0 ], [ -122.400015626680997, 47.533341488983901, 0.0 ], [ -122.400015626680997, 47.525008153688603, 0.0 ], [ -122.402269563798029, 47.525008153688603, 0.0 ], [ -122.408348961976998, 47.527902004121025, 0.0 ], [ -122.408348961976998, 47.531703719210157, 0.0 ] ] ] } },
{ "type": "Feature", "properties": { "OBJECTID": 237505, "CEILING": 400, "UNIT": "Feet", "MAP_EFF": "10/30/2025", "LAST_EDIT": "12/7/2017", "LATITUDE": 47.52917482, "LONGITUDE": -122.38751562, "GLOBALID": "0043ab24-4d94-4bed-9113-4da2bc125ef0", "ARPT_COUNT": 1, "APT1_FAAID": "BFI", "APT1_ICAO": "KBFI", "APT1_NAME": "Boeing Fld/King County Intl", "APT1_LAANC": 1, "APT2_FAAID": "", "APT2_ICAO": "", "APT2_NAME": "", "APT2_LAANC": null, "APT3_FAAID": "", "APT3_ICAO": "", "APT3_NAME": "", "APT3_LAANC": null, "APT4_FAAID": "", "APT4_ICAO": "", "APT4_NAME": "", "APT4_LAANC": null, "APT5_FAAID": "", "APT5_ICAO": "", "APT5_NAME": "", "APT5_LAANC": null, "AIRS_COUNT": 1, "AIRSPACE_1": "D", "AIRSPACE_2": "", "AIRSPACE_3": "", "AIRSPACE_4": "", "AIRSPACE_5": "", "REGION": "Western", "APT1_Enabled": "107-AA,107-FC,44809-AA", "APT2_Enabled": "", "APT3_Enabled": "", "APT4_Enabled": "", "APT5_Enabled": "", "Shape__Length": null, "Shape__Area": null, "Shape__Area_2": 6.9444477048818953e-05, "Shape__Length_2": 0.033333341181332798 }, "geometry": { "type": "Polygon", "coordinates": [ [ [ -122.391682292385994, 47.533341488983901, 0.0 ], [ -122.383348957091002, 47.533341488983901, 0.0 ], [ -122.383348957091002, 47.525008153688603, 0.0 ], [ -122.391682292385994, 47.525008153688603, 0.0 ], [ -122.391682292385994, 47.533341488983901, 0.0 ] ] ] } },
{ "type": "Feature", "properties": { "OBJECTID": 237600, "CEILING": 400, "UNIT": "Feet", "MAP_EFF": "10/30/2025", "LAST_EDIT": "12/7/2017", "LATITUDE": 47.53750816, "LONGITUDE": -122.38751562, "GLOBALID": "4cf48c67-27d7-4272-8d9f-af4bae16ad41", "ARPT_COUNT": 1, "APT1_FAAID": "BFI", "APT1_ICAO": "KBFI", "APT1_NAME": "Boeing Fld/King County Intl", "APT1_LAANC": 1, "APT2_FAAID": "", "APT2_ICAO": "", "APT2_NAME": "", "APT2_LAANC": null, "APT3_FAAID": "", "APT3_ICAO": "", "APT3_NAME": "", "APT3_LAANC": null, "APT4_FAAID": "", "APT4_ICAO": "", "APT4_NAME": "", "APT4_LAANC": null, "APT5_FAAID": "", "APT5_ICAO": "", "APT5_NAME": "", "APT5_LAANC": null, "AIRS_COUNT": 1, "AIRSPACE_1": "D", "AIRSPACE_2": "", "AIRSPACE_3": "", "AIRSPACE_4": "", "AIRSPACE_5": "", "REGION": "Western", "APT1_Enabled": "107-AA,107-FC,44809-AA", "APT2_Enabled": "", "APT3_Enabled": "", "APT4_Enabled": "", "APT5_Enabled": "", "Shape__Length": null, "Shape__Area": null, "Shape__Area_2": 6.9444477048818953e-05, "Shape__Length_2": 0.033333341181332798 }, "geometry": { "type": "Polygon", "coordinates": [ [ [ -122.391682292385994, 47.541674824279298, 0.0 ], [ -122.383348957091002, 47.541674824279298, 0.0 ], [ -122.383348957091002, 47.533341488983901, 0.0 ], [ -122.391682292385994, 47.533341488983901, 0.0 ], [ -122.391682292385994, 47.541674824279298, 0.0 ] ] ] } },
{ "type": "Feature", "properties": { "OBJECTID": 237506, "CEILING": 400, "UNIT": "Feet", "MAP_EFF": "10/30/2025", "LAST_EDIT": "12/7/2017", "LATITUDE": 47.52917482, "LONGITUDE": -122.37084895, "GLOBALID": "56e431bc-d4ba-496c-bf1d-863971a09cf0", "ARPT_COUNT": 1, "APT1_FAAID": "BFI", "APT1_ICAO": "KBFI", "APT1_NAME": "Boeing Fld/King County Intl", "APT1_LAANC": 1, "APT2_FAAID": "", "APT2_ICAO": "", "APT2_NAME": "", "APT2_LAANC": null, "APT3_FAAID": "", "APT3_ICAO": "", "APT3_NAME": "", "APT3_LAANC": null, "APT4_FAAID": "", "APT4_ICAO": "", "APT4_NAME": "", "APT4_LAANC": null, "APT5_FAAID": "", "APT5_ICAO": "", "APT5_NAME": "", "APT5_LAANC": null, "AIRS_COUNT": 1, "AIRSPACE_1": "D", "AIRSPACE_2": "", "AIRSPACE_3": "", "AIRSPACE_4": "", "AIRSPACE_5": "", "REGION": "Western", "APT1_Enabled": "107-AA,107-FC,44809-AA", "APT2_Enabled": "", "APT3_Enabled": "", "APT4_Enabled": "", "APT5_Enabled": "", "Shape__Length": null, "Shape__Area": null, "Shape__Area_2": 6.9444476139324252e-05, "Shape__Length_2": 0.033333341181446485 }, "geometry": { "type": "Polygon", "coordinates": [ [ [ -122.375015621795001, 47.533341488983901, 0.0 ], [ -122.366682286499994, 47.533341488983901, 0.0 ], [ -122.366682286499994, 47.525008153688603, 0.0 ], [ -122.375015621795001, 47.525008153688603, 0.0 ], [ -122.375015621795001, 47.533341488983901, 0.0 ] ] ] } },
{ "type": "Feature", "properties": { "OBJECTID": 237507, "CEILING": 400, "UNIT": "Feet", "MAP_EFF": "10/30/2025", "LAST_EDIT": "12/7/2017", "LATITUDE": 47.52917482, "LONGITUDE": -122.36251562, "GLOBALID": "c6051e3b-b6b8-4099-b26e-a55611531c3a", "ARPT_COUNT": 1, "APT1_FAAID": "BFI", "APT1_ICAO": "KBFI", "APT1_NAME": "Boeing Fld/King County Intl", "APT1_LAANC": 1, "APT2_FAAID": "", "APT2_ICAO": "", "APT2_NAME": "", "APT2_LAANC": null, "APT3_FAAID": "", "APT3_ICAO": "", "APT3_NAME": "", "APT3_LAANC": null, "APT4_FAAID": "", "APT4_ICAO": "", "APT4_NAME": "", "APT4_LAANC": null, "APT5_FAAID": "", "APT5_ICAO": "", "APT5_NAME": "", "APT5_LAANC": null, "AIRS_COUNT": 1, "AIRSPACE_1": "D", "AIRSPACE_2": "", "AIRSPACE_3": "", "AIRSPACE_4": "", "AIRSPACE_5": "", "REGION": "Western", "APT1_Enabled": "107-AA,107-FC,44809-AA", "APT2_Enabled": "", "APT3_Enabled": "", "APT4_Enabled": "", "APT5_Enabled": "", "Shape__Length": null, "Shape__Area": null, "Shape__Area_2": 6.9444468863366637e-05, "Shape__Length_2": 0.033333339181353949 }, "geometry": { "type": "Polygon", "coordinates": [ [ [ -122.366682286499994, 47.533341488983901, 0.0 ], [ -122.358348952205006, 47.533341488983901, 0.0 ], [ -122.358348952205006, 47.525008153688603, 0.0 ], [ -122.366682286499994, 47.525008153688603, 0.0 ], [ -122.366682286499994, 47.533341488983901, 0.0 ] ] ] } },
{ "type": "Feature", "properties": { "OBJECTID": 360717, "CEILING": 400, "UNIT": "Feet", "MAP_EFF": "10/30/2025", "LAST_EDIT": "12/7/2017", "LATITUDE": 47.52917482, "LONGITUDE": -122.37918229, "GLOBALID": "e665e4a0-0ab6-4dc1-874d-0be3712c2ff8", "ARPT_COUNT": 1, "APT1_FAAID": "BFI", "APT1_ICAO": "KBFI", "APT1_NAME": "Boeing Fld/King County Intl", "APT1_LAANC": 1, "APT2_FAAID": "", "APT2_ICAO": "", "APT2_NAME": "", "APT2_LAANC": null, "APT3_FAAID": "", "APT3_ICAO": "", "APT3_NAME": "", "APT3_LAANC": null, "APT4_FAAID": "", "APT4_ICAO": "", "APT4_NAME": "", "APT4_LAANC": null, "APT5_FAAID": "", "APT5_ICAO": "", "APT5_NAME": "", "APT5_LAANC": null, "AIRS_COUNT": 1, "AIRSPACE_1": "D", "AIRSPACE_2": "", "AIRSPACE_3": "", "AIRSPACE_4": "", "AIRSPACE_5": "", "REGION": "Western", "APT1_Enabled": "107-AA,107-FC,44809-AA", "APT2_Enabled": "", "APT3_Enabled": "", "APT4_Enabled": "", "APT5_Enabled": "", "Shape__Length": null, "Shape__Area": null, "Shape__Area_2": 6.9444477958313655e-05, "Shape__Length_2": 0.033333341181332798 }, "geometry": { "type": "Polygon", "coordinates": [ [ [ -122.383348957091002, 47.533341488983901, 0.0 ], [ -122.375015621795001, 47.533341488983901, 0.0 ], [ -122.375015621795001, 47.525008153688603, 0.0 ], [ -122.383348957091002, 47.525008153688603, 0.0 ], [ -122.383348957091002, 47.533341488983901, 0.0 ] ] ] } },
{ "type": "Feature", "properties": { "OBJECTID": 237603, "CEILING": 200, "UNIT": "Feet", "MAP_EFF": "10/30/2025", "LAST_EDIT": "12/7/2017", "LATITUDE": 47.53750816, "LONGITUDE": -122.36251562, "GLOBALID": "97459804-8815-4e73-9f60-5b68a774116b", "ARPT_COUNT": 1, "APT1_FAAID": "BFI", "APT1_ICAO": "KBFI", "APT1_NAME": "Boeing Fld/King County Intl", "APT1_LAANC": 1, "APT2_FAAID": "", "APT2_ICAO": "", "APT2_NAME": "", "APT2_LAANC": null, "APT3_FAAID": "", "APT3_ICAO": "", "APT3_NAME": "", "APT3_LAANC": null, "APT4_FAAID": "", "APT4_ICAO": "", "APT4_NAME": "", "APT4_LAANC": null, "APT5_FAAID": "", "APT5_ICAO": "", "APT5_NAME": "", "APT5_LAANC": null, "AIRS_COUNT": 1, "AIRSPACE_1": "D", "AIRSPACE_2": "", "AIRSPACE_3": "", "AIRSPACE_4": "", "AIRSPACE_5": "", "REGION": "Western", "APT1_Enabled": "107-AA,107-FC,44809-AA", "APT2_Enabled": "", "APT3_Enabled": "", "APT4_Enabled": "", "APT5_Enabled": "", "Shape__Length": null, "Shape__Area": null, "Shape__Area_2": 6.9444468863366637e-05, "Shape__Length_2": 0.033333339181353949 }, "geometry": { "type": "Polygon", "coordinates": [ [ [ -122.366682286499994, 47.541674824279298, 0.0 ], [ -122.358348952205006, 47.541674824279298, 0.0 ], [ -122.358348952205006, 47.533341488983901, 0.0 ], [ -122.366682286499994, 47.533341488983901, 0.0 ], [ -122.366682286499994, 47.541674824279298, 0.0 ] ] ] } },
{ "type": "Feature", "properties": { "OBJECTID": 237601, "CEILING": 200, "UNIT": "Feet", "MAP_EFF": "10/30/2025", "LAST_EDIT": "12/7/2017", "LATITUDE": 47.53750816, "LONGITUDE": -122.37918229, "GLOBALID": "48a71474-c27b-4a67-857f-5d9b57059676", "ARPT_COUNT": 1, "APT1_FAAID": "BFI", "APT1_ICAO": "KBFI", "APT1_NAME": "Boeing Fld/King County Intl", "APT1_LAANC": 1, "APT2_FAAID": "", "APT2_ICAO": "", "APT2_NAME": "", "APT2_LAANC": null, "APT3_FAAID": "", "APT3_ICAO": "", "APT3_NAME": "", "APT3_LAANC": null, "APT4_FAAID": "", "APT4_ICAO": "", "APT4_NAME": "", "APT4_LAANC": null, "APT5_FAAID": "", "APT5_ICAO": "", "APT5_NAME": "", "APT5_LAANC": null, "AIRS_COUNT": 1, "AIRSPACE_1": "D", "AIRSPACE_2": "", "AIRSPACE_3": "", "AIRSPACE_4": "", "AIRSPACE_5": "", "REGION": "Western", "APT1_Enabled": "107-AA,107-FC,44809-AA", "APT2_Enabled": "", "APT3_Enabled": "", "APT4_Enabled": "", "APT5_Enabled": "", "Shape__Length": null, "Shape__Area": null, "Shape__Area_2": 6.9444477048818953e-05, "Shape__Length_2": 0.033333341181332798 }, "geometry": { "type": "Polygon", "coordinates": [ [ [ -122.383348957091002, 47.541674824279298, 0.0 ], [ -122.375015621795001, 47.541674824279298, 0.0 ], [ -122.375015621795001, 47.533341488983901, 0.0 ], [ -122.383348957091002, 47.533341488983901, 0.0 ], [ -122.383348957091002, 47.541674824279298, 0.0 ] ] ] } },
{ "type": "Feature", "properties": { "OBJECTID": 237602, "CEILING": 200, "UNIT": "Feet", "MAP_EFF": "10/30/2025", "LAST_EDIT": "12/7/2017", "LATITUDE": 47.53750816, "LONGITUDE": -122.37084895, "GLOBALID": "b45a27e6-b089-43e3-9fb6-28846e77ce5d", "ARPT_COUNT": 1, "APT1_FAAID": "BFI", "APT1_ICAO": "KBFI", "APT1_NAME": "Boeing Fld/King County Intl", "APT1_LAANC": 1, "APT2_FAAID": "", "APT2_ICAO": "", "APT2_NAME": "", "APT2_LAANC": null, "APT3_FAAID": "", "APT3_ICAO": "", "APT3_NAME": "", "APT3_LAANC": null, "APT4_FAAID": "", "APT4_ICAO": "", "APT4_NAME": "", "APT4_LAANC": null, "APT5_FAAID": "", "APT5_ICAO": "", "APT5_NAME": "", "APT5_LAANC": null, "AIRS_COUNT": 1, "AIRSPACE_1": "D", "AIRSPACE_2": "", "AIRSPACE_3": "", "AIRSPACE_4": "", "AIRSPACE_5": "", "REGION": "Western", "APT1_Enabled": "107-AA,107-FC,44809-AA", "APT2_Enabled": "", "APT3_Enabled": "", "APT4_Enabled": "", "APT5_Enabled": "", "Shape__Length": null, "Shape__Area": null, "Shape__Area_2": 6.9444477958313655e-05, "Shape__Length_2": 0.033333341181446485 }, "geometry": { "type": "Polygon", "coordinates": [ [ [ -122.375015621795001, 47.541674824279298, 0.0 ], [ -122.366682286499994, 47.541674824279298, 0.0 ], [ -122.366682286499994, 47.533341488983901, 0.0 ], [ -122.375015621795001, 47.533341488983901, 0.0 ], [ -122.375015621795001, 47.541674824279298, 0.0 ] ] ] } },
{ "type": "Feature", "properties": { "OBJECTID": 237604, "CEILING": 200, "UNIT": "Feet", "MAP_EFF": "10/30/2025", "LAST_EDIT": "12/7/2017", "LATITUDE": 47.53750816, "LONGITUDE": -122.35418228, "GLOBALID": "09c87742-5e5b-4ceb-b5fb-917afe7ba784", "ARPT_COUNT": 1, "APT1_FAAID": "BFI", "APT1_ICAO": "KBFI", "APT1_NAME": "Boeing Fld/King County Intl", "APT1_LAANC": 1, "APT2_FAAID": "", "APT2_ICAO": "", "APT2_NAME": "", "APT2_LAANC": null, "APT3_FAAID": "", "APT3_ICAO": "", "APT3_NAME": "", "APT3_LAANC": null, "APT4_FAAID": "", "APT4_ICAO": "", "APT4_NAME": "", "APT4_LAANC": null, "APT5_FAAID": "", "APT5_ICAO": "", "APT5_NAME": "", "APT5_LAANC": null, "AIRS_COUNT": 1, "AIRSPACE_1": "D", "AIRSPACE_2": "", "AIRSPACE_3": "", "AIRSPACE_4": "", "AIRSPACE_5": "", "REGION": "Western", "APT1_Enabled": "107-AA,107-FC,44809-AA", "APT2_Enabled": "", "APT3_Enabled": "", "APT4_Enabled": "", "APT5_Enabled": "", "Shape__Length": null, "Shape__Area": null, "Shape__Area_2": 6.9444476139324252e-05, "Shape__Length_2": 0.033333341181332798 }, "geometry": { "type": "Polygon", "coordinates": [ [ [ -122.358348952205006, 47.541674824279298, 0.0 ], [ -122.350015616909005, 47.541674824279298, 0.0 ], [ -122.350015616909005, 47.533341488983901, 0.0 ], [ -122.358348952205006, 47.533341488983901, 0.0 ], [ -122.358348952205006, 47.541674824279298, 0.0 ] ] ] } },
{ "type": "Feature", "properties": { "OBJECTID": 237719, "CEILING": 200, "UNIT": "Feet", "MAP_EFF": "10/30/2025", "LAST_EDIT": "12/7/2017", "LATITUDE": 47.54584149, "LONGITUDE": -122.37918229, "GLOBALID": "9a35c202-b3b7-400e-bf27-8891d730e62d", "ARPT_COUNT": 1, "APT1_FAAID": "BFI", "APT1_ICAO": "KBFI", "APT1_NAME": "Boeing Fld/King County Intl", "APT1_LAANC": 1, "APT2_FAAID": "", "APT2_ICAO": "", "APT2_NAME": "", "APT2_LAANC": null, "APT3_FAAID": "", "APT3_ICAO": "", "APT3_NAME": "", "APT3_LAANC": null, "APT4_FAAID": "", "APT4_ICAO": "", "APT4_NAME": "", "APT4_LAANC": null, "APT5_FAAID": "", "APT5_ICAO": "", "APT5_NAME": "", "APT5_LAANC": null, "AIRS_COUNT": 1, "AIRSPACE_1": "D", "AIRSPACE_2": "", "AIRSPACE_3": "", "AIRSPACE_4": "", "AIRSPACE_5": "", "REGION": "Western", "APT1_Enabled": "107-AA,107-FC,44809-AA", "APT2_Enabled": "", "APT3_Enabled": "", "APT4_Enabled": "", "APT5_Enabled": "", "Shape__Length": null, "Shape__Area": null, "Shape__Area_2": 6.9444467953871936e-05, "Shape__Length_2": 0.033333339181353949 }, "geometry": { "type": "Polygon", "coordinates": [ [ [ -122.383348957091002, 47.550008158574599, 0.0 ], [ -122.375015621795001, 47.550008158574599, 0.0 ], [ -122.375015621795001, 47.541674824279298, 0.0 ], [ -122.383348957091002, 47.541674824279298, 0.0 ], [ -122.383348957091002, 47.550008158574599, 0.0 ] ] ] } },
{ "type": "Feature", "properties": { "OBJECTID": 237720, "CEILING": 200, "UNIT": "Feet", "MAP_EFF": "10/30/2025", "LAST_EDIT": "12/7/2017", "LATITUDE": 47.54584149, "LONGITUDE": -122.36251562, "GLOBALID": "b8119180-9b2b-40cd-b9c1-bf67c73600b3", "ARPT_COUNT": 1, "APT1_FAAID": "BFI", "APT1_ICAO": "KBFI", "APT1_NAME": "Boeing Fld/King County Intl", "APT1_LAANC": 1, "APT2_FAAID": "", "APT2_ICAO": "", "APT2_NAME": "", "APT2_LAANC": null, "APT3_FAAID": "", "APT3_ICAO": "", "APT3_NAME": "", "APT3_LAANC": null, "APT4_FAAID": "", "APT4_ICAO": "", "APT4_NAME": "", "APT4_LAANC": null, "APT5_FAAID": "", "APT5_ICAO": "", "APT5_NAME": "", "APT5_LAANC": null, "AIRS_COUNT": 1, "AIRSPACE_1": "D", "AIRSPACE_2": "", "AIRSPACE_3": "", "AIRSPACE_4": "", "AIRSPACE_5": "", "REGION": "Western", "APT1_Enabled": "107-AA,107-FC,44809-AA", "APT2_Enabled": "", "APT3_Enabled": "", "APT4_Enabled": "", "APT5_Enabled": "", "Shape__Length": null, "Shape__Area": null, "Shape__Area_2": 6.9444460677914321e-05, "Shape__Length_2": 0.0333333371813751 }, "geometry": { "type": "Polygon", "coordinates": [ [ [ -122.366682286499994, 47.550008158574599, 0.0 ], [ -122.358348952205006, 47.550008158574599, 0.0 ], [ -122.358348952205006, 47.541674824279298, 0.0 ], [ -122.366682286499994, 47.541674824279298, 0.0 ], [ -122.366682286499994, 47.550008158574599, 0.0 ] ] ] } },
{ "type": "Feature", "properties": { "OBJECTID": 360755, "CEILING": 200, "UNIT": "Feet", "MAP_EFF": "10/30/2025", "LAST_EDIT": "12/7/2017", "LATITUDE": 47.54584149, "LONGITUDE": -122.37084895, "GLOBALID": "50a3c4d7-43a0-47ad-a3ed-03e6f3f4ee71", "ARPT_COUNT": 1, "APT1_FAAID": "BFI", "APT1_ICAO": "KBFI", "APT1_NAME": "Boeing Fld/King County Intl", "APT1_LAANC": 1, "APT2_FAAID": "", "APT2_ICAO": "", "APT2_NAME": "", "APT2_LAANC": null, "APT3_FAAID": "", "APT3_ICAO": "", "APT3_NAME": "", "APT3_LAANC": null, "APT4_FAAID": "", "APT4_ICAO": "", "APT4_NAME": "", "APT4_LAANC": null, "APT5_FAAID": "", "APT5_ICAO": "", "APT5_NAME": "", "APT5_LAANC": null, "AIRS_COUNT": 1, "AIRSPACE_1": "D", "AIRSPACE_2": "", "AIRSPACE_3": "", "AIRSPACE_4": "", "AIRSPACE_5": "", "REGION": "Western", "APT1_Enabled": "107-AA,107-FC,44809-AA", "APT2_Enabled": "", "APT3_Enabled": "", "APT4_Enabled": "", "APT5_Enabled": "", "Shape__Length": null, "Shape__Area": null, "Shape__Area_2": 6.9444468863366637e-05, "Shape__Length_2": 0.033333339181467636 }, "geometry": { "type": "Polygon", "coordinates": [ [ [ -122.375015621795001, 47.550008158574599, 0.0 ], [ -122.366682286499994, 47.550008158574599, 0.0 ], [ -122.366682286499994, 47.541674824279298, 0.0 ], [ -122.375015621795001, 47.541674824279298, 0.0 ], [ -122.375015621795001, 47.550008158574599, 0.0 ] ] ] } },
{ "type": "Feature", "properties": { "OBJECTID": 360734, "CEILING": 400, "UNIT": "Feet", "MAP_EFF": "10/30/2025", "LAST_EDIT": "12/7/2017", "LATITUDE": 47.53750816, "LONGITUDE": -122.40418229, "GLOBALID": "885b811c-2a69-449f-a89f-a3d68153bb84", "ARPT_COUNT": 1, "APT1_FAAID": "BFI", "APT1_ICAO": "KBFI", "APT1_NAME": "Boeing Fld/King County Intl", "APT1_LAANC": 1, "APT2_FAAID": "", "APT2_ICAO": "", "APT2_NAME": "", "APT2_LAANC": null, "APT3_FAAID": "", "APT3_ICAO": "", "APT3_NAME": "", "APT3_LAANC": null, "APT4_FAAID": "", "APT4_ICAO": "", "APT4_NAME": "", "APT4_LAANC": null, "APT5_FAAID": "", "APT5_ICAO": "", "APT5_NAME": "", "APT5_LAANC": null, "AIRS_COUNT": 1, "AIRSPACE_1": "D", "AIRSPACE_2": "", "AIRSPACE_3": "", "AIRSPACE_4": "", "AIRSPACE_5": "", "REGION": "Western", "APT1_Enabled": "107-AA,107-FC,44809-AA", "APT2_Enabled": "", "APT3_Enabled": "", "APT4_Enabled": "", "APT5_Enabled": "", "Shape__Length": null, "Shape__Area": null, "Shape__Area_2": 6.9444477048818953e-05, "Shape__Length_2": 0.033333341181332798 }, "geometry": { "type": "MultiPolygon", "coordinates": [ [ [ [ -122.400015626680997, 47.541674824279298, 0.0 ], [ -122.400015626680997, 47.538197021160109, 0.0 ], [ -122.400900220324004, 47.539172185041402, 0.0 ], [ -122.401523331751363, 47.541674824279298, 0.0 ], [ -122.400015626680997, 47.541674824279298, 0.0 ] ] ], [ [ [ -122.400015626680997, 47.533341488983901, 0.0 ], [ -122.405826947342433, 47.533341488983901, 0.0 ], [ -122.400015626680997, 47.535588486562595, 0.0 ], [ -122.400015626680997, 47.533341488983901, 0.0 ] ] ] ] } },
{ "type": "Feature", "properties": { "OBJECTID": 237599, "CEILING": 400, "UNIT": "Feet", "MAP_EFF": "10/30/2025", "LAST_EDIT": "12/7/2017", "LATITUDE": 47.53750816, "LONGITUDE": -122.39584896, "GLOBALID": "8e4dcd1f-8e7d-4b7f-a672-6390d1040158", "ARPT_COUNT": 1, "APT1_FAAID": "BFI", "APT1_ICAO": "KBFI", "APT1_NAME": "Boeing Fld/King County Intl", "APT1_LAANC": 1, "APT2_FAAID": "", "APT2_ICAO": "", "APT2_NAME": "", "APT2_LAANC": null, "APT3_FAAID": "", "APT3_ICAO": "", "APT3_NAME": "", "APT3_LAANC": null, "APT4_FAAID": "", "APT4_ICAO": "", "APT4_NAME": "", "APT4_LAANC": null, "APT5_FAAID": "", "APT5_ICAO": "", "APT5_NAME": "", "APT5_LAANC": null, "AIRS_COUNT": 1, "AIRSPACE_1": "D", "AIRSPACE_2": "", "AIRSPACE_3": "", "AIRSPACE_4": "", "AIRSPACE_5": "", "REGION": "Western", "APT1_Enabled": "107-AA,107-FC,44809-AA", "APT2_Enabled": "", "APT3_Enabled": "", "APT4_Enabled": "", "APT5_Enabled": "", "Shape__Length": null, "Shape__Area": null, "Shape__Area_2": 6.9444468863366637e-05, "Shape__Length_2": 0.033333339181353949 }, "geometry": { "type": "Polygon", "coordinates": [ [ [ -122.400015626680997, 47.535588486562595, 0.0 ], [ -122.398263860168996, 47.536265822290602, 0.0 ], [ -122.398851208872003, 47.536913382961899, 0.0 ], [ -122.400015626680997, 47.538197021160109, 0.0 ], [ -122.400015626680997, 47.541674824279298, 0.0 ], [ -122.391682292385994, 47.541674824279298, 0.0 ], [ -122.391682292385994, 47.533341488983901, 0.0 ], [ -122.400015626680997, 47.533341488983901, 0.0 ], [ -122.400015626680997, 47.535588486562595, 0.0 ] ] ] } },
{ "type": "Feature", "properties": { "OBJECTID": 237717, "CEILING": 400, "UNIT": "Feet", "MAP_EFF": "10/30/2025", "LAST_EDIT": "12/7/2017", "LATITUDE": 47.54584149, "LONGITUDE": -122.39584896, "GLOBALID": "c983011d-7241-4a7e-a337-833cc3ece557", "ARPT_COUNT": 1, "APT1_FAAID": "BFI", "APT1_ICAO": "KBFI", "APT1_NAME": "Boeing Fld/King County Intl", "APT1_LAANC": 1, "APT2_FAAID": "", "APT2_ICAO": "", "APT2_NAME": "", "APT2_LAANC": null, "APT3_FAAID": "", "APT3_ICAO": "", "APT3_NAME": "", "APT3_LAANC": null, "APT4_FAAID": "", "APT4_ICAO": "", "APT4_NAME": "", "APT4_LAANC": null, "APT5_FAAID": "", "APT5_ICAO": "", "APT5_NAME": "", "APT5_LAANC": null, "AIRS_COUNT": 1, "AIRSPACE_1": "D", "AIRSPACE_2": "", "AIRSPACE_3": "", "AIRSPACE_4": "", "AIRSPACE_5": "", "REGION": "Western", "APT1_Enabled": "107-AA,107-FC,44809-AA", "APT2_Enabled": "", "APT3_Enabled": "", "APT4_Enabled": "", "APT5_Enabled": "", "Shape__Length": null, "Shape__Area": null, "Shape__Area_2": 6.9444460677914321e-05, "Shape__Length_2": 0.0333333371813751 }, "geometry": { "type": "Polygon", "coordinates": [ [ [ -122.400015626680997, 47.550008158574599, 0.0 ], [ -122.391682292385994, 47.550008158574599, 0.0 ], [ -122.391682292385994, 47.541674824279298, 0.0 ], [ -122.400015626680997, 47.541674824279298, 0.0 ], [ -122.400015626680997, 47.550008158574599, 0.0 ] ] ] } },
{ "type": "Feature", "properties": { "OBJECTID": 237718, "CEILING": 400, "UNIT": "Feet", "MAP_EFF": "10/30/2025", "LAST_EDIT": "12/7/2017", "LATITUDE": 47.54584149, "LONGITUDE": -122.38751562, "GLOBALID": "92fff437-cb68-4b5f-ba08-5c64261933df", "ARPT_COUNT": 1, "APT1_FAAID": "BFI", "APT1_ICAO": "KBFI", "APT1_NAME": "Boeing Fld/King County Intl", "APT1_LAANC": 1, "APT2_FAAID": "", "APT2_ICAO": "", "APT2_NAME": "", "APT2_LAANC": null, "APT3_FAAID": "", "APT3_ICAO": "", "APT3_NAME": "", "APT3_LAANC": null, "APT4_FAAID": "", "APT4_ICAO": "", "APT4_NAME": "", "APT4_LAANC": null, "APT5_FAAID": "", "APT5_ICAO": "", "APT5_NAME": "", "APT5_LAANC": null, "AIRS_COUNT": 1, "AIRSPACE_1": "D", "AIRSPACE_2": "", "AIRSPACE_3": "", "AIRSPACE_4": "", "AIRSPACE_5": "", "REGION": "Western", "APT1_Enabled": "107-AA,107-FC,44809-AA", "APT2_Enabled": "", "APT3_Enabled": "", "APT4_Enabled": "", "APT5_Enabled": "", "Shape__Length": null, "Shape__Area": null, "Shape__Area_2": 6.9444468863366637e-05, "Shape__Length_2": 0.033333339181353949 }, "geometry": { "type": "Polygon", "coordinates": [ [ [ -122.391682292385994, 47.550008158574599, 0.0 ], [ -122.383348957091002, 47.550008158574599, 0.0 ], [ -122.383348957091002, 47.541674824279298, 0.0 ], [ -122.391682292385994, 47.541674824279298, 0.0 ], [ -122.391682292385994, 47.550008158574599, 0.0 ] ] ] } },
{ "type": "Feature", "properties": { "OBJECTID": 237716, "CEILING": 400, "UNIT": "Feet", "MAP_EFF": "10/30/2025", "LAST_EDIT": "12/7/2017", "LATITUDE": 47.54584149, "LONGITUDE": -122.40418229, "GLOBALID": "a75f5bbb-25a9-46e2-bf94-64397fd7e203", "ARPT_COUNT": 1, "APT1_FAAID": "BFI", "APT1_ICAO": "KBFI", "APT1_NAME": "Boeing Fld/King County Intl", "APT1_LAANC": 1, "APT2_FAAID": "", "APT2_ICAO": "", "APT2_NAME": "", "APT2_LAANC": null, "APT3_FAAID": "", "APT3_ICAO": "", "APT3_NAME": "", "APT3_LAANC": null, "APT4_FAAID": "", "APT4_ICAO": "", "APT4_NAME": "", "APT4_LAANC": null, "APT5_FAAID": "", "APT5_ICAO": "", "APT5_NAME": "", "APT5_LAANC": null, "AIRS_COUNT": 1, "AIRSPACE_1": "D", "AIRSPACE_2": "", "AIRSPACE_3": "", "AIRSPACE_4": "", "AIRSPACE_5": "", "REGION": "Western", "APT1_Enabled": "107-AA,107-FC,44809-AA", "APT2_Enabled": "", "APT3_Enabled": "", "APT4_Enabled": "", "APT5_Enabled": "", "Shape__Length": null, "Shape__Area": null, "Shape__Area_2": 6.9444468863366637e-05, "Shape__Length_2": 0.033333339181353949 }, "geometry": { "type": "Polygon", "coordinates": [ [ [ -122.400015626680997, 47.550008158574599, 0.0 ], [ -122.400015626680997, 47.541674824279298, 0.0 ], [ -122.401523331751363, 47.541674824279298, 0.0 ], [ -122.403598179675427, 47.550008158574599, 0.0 ], [ -122.400015626680997, 47.550008158574599, 0.0 ] ] ] } },
{ "type": "Feature", "properties": { "OBJECTID": 237834, "CEILING": 400, "UNIT": "Feet", "MAP_EFF": "10/30/2025", "LAST_EDIT": "12/7/2017", "LATITUDE": 47.55417483, "LONGITUDE": -122.38751562, "GLOBALID": "676f4c03-163f-4c95-a03b-7e8a597db679", "ARPT_COUNT": 1, "APT1_FAAID": "BFI", "APT1_ICAO": "KBFI", "APT1_NAME": "Boeing Fld/King County Intl", "APT1_LAANC": 1, "APT2_FAAID": "", "APT2_ICAO": "", "APT2_NAME": "", "APT2_LAANC": null, "APT3_FAAID": "", "APT3_ICAO": "", "APT3_NAME": "", "APT3_LAANC": null, "APT4_FAAID": "", "APT4_ICAO": "", "APT4_NAME": "", "APT4_LAANC": null, "APT5_FAAID": "", "APT5_ICAO": "", "APT5_NAME": "", "APT5_LAANC": null, "AIRS_COUNT": 1, "AIRSPACE_1": "D", "AIRSPACE_2": "", "AIRSPACE_3": "", "AIRSPACE_4": "", "AIRSPACE_5": "", "REGION": "Western", "APT1_Enabled": "107-AA,107-FC,44809-AA", "APT2_Enabled": "", "APT3_Enabled": "", "APT4_Enabled": "", "APT5_Enabled": "", "Shape__Length": null, "Shape__Area": null, "Shape__Area_2": 6.9444477048818953e-05, "Shape__Length_2": 0.033333341181446485 }, "geometry": { "type": "Polygon", "coordinates": [ [ [ -122.391682292385994, 47.558341493870003, 0.0 ], [ -122.383348957091002, 47.558341493870003, 0.0 ], [ -122.383348957091002, 47.550008158574599, 0.0 ], [ -122.391682292385994, 47.550008158574599, 0.0 ], [ -122.391682292385994, 47.558341493870003, 0.0 ] ] ] } },
{ "type": "Feature", "properties": { "OBJECTID": 237832, "CEILING": 400, "UNIT": "Feet", "MAP_EFF": "10/30/2025", "LAST_EDIT": "12/7/2017", "LATITUDE": 47.55417483, "LONGITUDE": -122.39584896, "GLOBALID": "d3b31375-968b-427e-8f3b-9f06e0124aad", "ARPT_COUNT": 1, "APT1_FAAID": "BFI", "APT1_ICAO": "KBFI", "APT1_NAME": "Boeing Fld/King County Intl", "APT1_LAANC": 1, "APT2_FAAID": "", "APT2_ICAO": "", "APT2_NAME": "", "APT2_LAANC": null, "APT3_FAAID": "", "APT3_ICAO": "", "APT3_NAME": "", "APT3_LAANC": null, "APT4_FAAID": "", "APT4_ICAO": "", "APT4_NAME": "", "APT4_LAANC": null, "APT5_FAAID": "", "APT5_ICAO": "", "APT5_NAME": "", "APT5_LAANC": null, "AIRS_COUNT": 1, "AIRSPACE_1": "D", "AIRSPACE_2": "", "AIRSPACE_3": "", "AIRSPACE_4": "", "AIRSPACE_5": "", "REGION": "Western", "APT1_Enabled": "107-AA,107-FC,44809-AA", "APT2_Enabled": "", "APT3_Enabled": "", "APT4_Enabled": "", "APT5_Enabled": "", "Shape__Length": null, "Shape__Area": null, "Shape__Area_2": 6.9444467953871936e-05, "Shape__Length_2": 0.033333339181467636 }, "geometry": { "type": "Polygon", "coordinates": [ [ [ -122.400015626680997, 47.558341493870003, 0.0 ], [ -122.391682292385994, 47.558341493870003, 0.0 ], [ -122.391682292385994, 47.550008158574599, 0.0 ], [ -122.400015626680997, 47.550008158574599, 0.0 ], [ -122.400015626680997, 47.558341493870003, 0.0 ] ] ] } },
{ "type": "Feature", "properties": { "OBJECTID": 237831, "CEILING": 400, "UNIT": "Feet", "MAP_EFF": "10/30/2025", "LAST_EDIT": "12/7/2017", "LATITUDE": 47.55417483, "LONGITUDE": -122.40418229, "GLOBALID": "ebfdc926-1177-4a60-9ad8-18e8485c8df3", "ARPT_COUNT": 1, "APT1_FAAID": "BFI", "APT1_ICAO": "KBFI", "APT1_NAME": "Boeing Fld/King County Intl", "APT1_LAANC": 1, "APT2_FAAID": "", "APT2_ICAO": "", "APT2_NAME": "", "APT2_LAANC": null, "APT3_FAAID": "", "APT3_ICAO": "", "APT3_NAME": "", "APT3_LAANC": null, "APT4_FAAID": "", "APT4_ICAO": "", "APT4_NAME": "", "APT4_LAANC": null, "APT5_FAAID": "", "APT5_ICAO": "", "APT5_NAME": "", "APT5_LAANC": null, "AIRS_COUNT": 1, "AIRSPACE_1": "D", "AIRSPACE_2": "", "AIRSPACE_3": "", "AIRSPACE_4": "", "AIRSPACE_5": "", "REGION": "Western", "APT1_Enabled": "107-AA,107-FC,44809-AA", "APT2_Enabled": "", "APT3_Enabled": "", "APT4_Enabled": "", "APT5_Enabled": "", "Shape__Length": null, "Shape__Area": null, "Shape__Area_2": 6.9444477048818953e-05, "Shape__Length_2": 0.033333341181446485 }, "geometry": { "type": "Polygon", "coordinates": [ [ [ -122.400015626680997, 47.558341493870003, 0.0 ], [ -122.400015626680997, 47.550008158574599, 0.0 ], [ -122.403598179675427, 47.550008158574599, 0.0 ], [ -122.404658150098996, 47.554265380407699, 0.0 ], [ -122.407652361546795, 47.558341493870003, 0.0 ], [ -122.400015626680997, 47.558341493870003, 0.0 ] ] ] } },
{ "type": "Feature", "properties": { "OBJECTID": 237948, "CEILING": 400, "UNIT": "Feet", "MAP_EFF": "10/30/2025", "LAST_EDIT": "12/7/2017", "LATITUDE": 47.56250816, "LONGITUDE": -122.39584896, "GLOBALID": "5bebda54-197c-4b95-8e06-6cd0d2df4ecf", "ARPT_COUNT": 1, "APT1_FAAID": "BFI", "APT1_ICAO": "KBFI", "APT1_NAME": "Boeing Fld/King County Intl", "APT1_LAANC": 1, "APT2_FAAID": "", "APT2_ICAO": "", "APT2_NAME": "", "APT2_LAANC": null, "APT3_FAAID": "", "APT3_ICAO": "", "APT3_NAME": "", "APT3_LAANC": null, "APT4_FAAID": "", "APT4_ICAO": "", "APT4_NAME": "", "APT4_LAANC": null, "APT5_FAAID": "", "APT5_ICAO": "", "APT5_NAME": "", "APT5_LAANC": null, "AIRS_COUNT": 1, "AIRSPACE_1": "D", "AIRSPACE_2": "", "AIRSPACE_3": "", "AIRSPACE_4": "", "AIRSPACE_5": "", "REGION": "Western", "APT1_Enabled": "107-AA,107-FC,44809-AA", "APT2_Enabled": "", "APT3_Enabled": "", "APT4_Enabled": "", "APT5_Enabled": "", "Shape__Length": null, "Shape__Area": null, "Shape__Area_2": 6.9444468863366637e-05, "Shape__Length_2": 0.033333339181353949 }, "geometry": { "type": "Polygon", "coordinates": [ [ [ -122.400015626680997, 47.566674829165301, 0.0 ], [ -122.391682292385994, 47.566674829165301, 0.0 ], [ -122.391682292385994, 47.558341493870003, 0.0 ], [ -122.400015626680997, 47.558341493870003, 0.0 ], [ -122.400015626680997, 47.566674829165301, 0.0 ] ] ] } },
{ "type": "Feature", "properties": { "OBJECTID": 360775, "CEILING": 400, "UNIT": "Feet", "MAP_EFF": "10/30/2025", "LAST_EDIT": "12/7/2017", "LATITUDE": 47.55417483, "LONGITUDE": -122.37918229, "GLOBALID": "efba264e-ad43-419e-adda-97169d9d560c", "ARPT_COUNT": 1, "APT1_FAAID": "BFI", "APT1_ICAO": "KBFI", "APT1_NAME": "Boeing Fld/King County Intl", "APT1_LAANC": 1, "APT2_FAAID": "", "APT2_ICAO": "", "APT2_NAME": "", "APT2_LAANC": null, "APT3_FAAID": "", "APT3_ICAO": "", "APT3_NAME": "", "APT3_LAANC": null, "APT4_FAAID": "", "APT4_ICAO": "", "APT4_NAME": "", "APT4_LAANC": null, "APT5_FAAID": "", "APT5_ICAO": "", "APT5_NAME": "", "APT5_LAANC": null, "AIRS_COUNT": 1, "AIRSPACE_1": "D", "AIRSPACE_2": "", "AIRSPACE_3": "", "AIRSPACE_4": "", "AIRSPACE_5": "", "REGION": "Western", "APT1_Enabled": "107-AA,107-FC,44809-AA", "APT2_Enabled": "", "APT3_Enabled": "", "APT4_Enabled": "", "APT5_Enabled": "", "Shape__Length": null, "Shape__Area": null, "Shape__Area_2": 6.9444477958313655e-05, "Shape__Length_2": 0.033333341181446485 }, "geometry": { "type": "Polygon", "coordinates": [ [ [ -122.383348957091002, 47.558341493870003, 0.0 ], [ -122.375015621795001, 47.558341493870003, 0.0 ], [ -122.375015621795001, 47.550008158574599, 0.0 ], [ -122.383348957091002, 47.550008158574599, 0.0 ], [ -122.383348957091002, 47.558341493870003, 0.0 ] ] ] } },
{ "type": "Feature", "properties": { "OBJECTID": 237835, "CEILING": 400, "UNIT": "Feet", "MAP_EFF": "10/30/2025", "LAST_EDIT": "12/7/2017", "LATITUDE": 47.55417483, "LONGITUDE": -122.37084895, "GLOBALID": "cdd111ae-ca18-425d-ad47-925b1fff45b0", "ARPT_COUNT": 1, "APT1_FAAID": "BFI", "APT1_ICAO": "KBFI", "APT1_NAME": "Boeing Fld/King County Intl", "APT1_LAANC": 1, "APT2_FAAID": "", "APT2_ICAO": "", "APT2_NAME": "", "APT2_LAANC": null, "APT3_FAAID": "", "APT3_ICAO": "", "APT3_NAME": "", "APT3_LAANC": null, "APT4_FAAID": "", "APT4_ICAO": "", "APT4_NAME": "", "APT4_LAANC": null, "APT5_FAAID": "", "APT5_ICAO": "", "APT5_NAME": "", "APT5_LAANC": null, "AIRS_COUNT": 1, "AIRSPACE_1": "D", "AIRSPACE_2": "", "AIRSPACE_3": "", "AIRSPACE_4": "", "AIRSPACE_5": "", "REGION": "Western", "APT1_Enabled": "107-AA,107-FC,44809-AA", "APT2_Enabled": "", "APT3_Enabled": "", "APT4_Enabled": "", "APT5_Enabled": "", "Shape__Length": null, "Shape__Area": null, "Shape__Area_2": 6.9444477048818953e-05, "Shape__Length_2": 0.033333341181560172 }, "geometry": { "type": "Polygon", "coordinates": [ [ [ -122.375015621795001, 47.558341493870003, 0.0 ], [ -122.366682286499994, 47.558341493870003, 0.0 ], [ -122.366682286499994, 47.550008158574599, 0.0 ], [ -122.375015621795001, 47.550008158574599, 0.0 ], [ -122.375015621795001, 47.558341493870003, 0.0 ] ] ] } },
{ "type": "Feature", "properties": { "OBJECTID": 360776, "CEILING": 200, "UNIT": "Feet", "MAP_EFF": "10/30/2025", "LAST_EDIT": "12/7/2017", "LATITUDE": 47.55417483, "LONGITUDE": -122.36251562, "GLOBALID": "b2870f58-2de2-438f-ae3e-409b0ee63a27", "ARPT_COUNT": 1, "APT1_FAAID": "BFI", "APT1_ICAO": "KBFI", "APT1_NAME": "Boeing Fld/King County Intl", "APT1_LAANC": 1, "APT2_FAAID": "", "APT2_ICAO": "", "APT2_NAME": "", "APT2_LAANC": null, "APT3_FAAID": "", "APT3_ICAO": "", "APT3_NAME": "", "APT3_LAANC": null, "APT4_FAAID": "", "APT4_ICAO": "", "APT4_NAME": "", "APT4_LAANC": null, "APT5_FAAID": "", "APT5_ICAO": "", "APT5_NAME": "", "APT5_LAANC": null, "AIRS_COUNT": 1, "AIRSPACE_1": "D", "AIRSPACE_2": "", "AIRSPACE_3": "", "AIRSPACE_4": "", "AIRSPACE_5": "", "REGION": "Western", "APT1_Enabled": "107-AA,107-FC,44809-AA", "APT2_Enabled": "", "APT3_Enabled": "", "APT4_Enabled": "", "APT5_Enabled": "", "Shape__Length": null, "Shape__Area": null, "Shape__Area_2": 6.9444467953871936e-05, "Shape__Length_2": 0.033333339181467636 }, "geometry": { "type": "Polygon", "coordinates": [ [ [ -122.366682286499994, 47.558341493870003, 0.0 ], [ -122.358348952205006, 47.558341493870003, 0.0 ], [ -122.358348952205006, 47.550008158574599, 0.0 ], [ -122.366682286499994, 47.550008158574599, 0.0 ], [ -122.366682286499994, 47.558341493870003, 0.0 ] ] ] } },
{ "type": "Feature", "properties": { "OBJECTID": 360796, "CEILING": 200, "UNIT": "Feet", "MAP_EFF": "10/30/2025", "LAST_EDIT": "12/7/2017", "LATITUDE": 47.56250816, "LONGITUDE": -122.36251562, "GLOBALID": "83c383c7-e84f-43ef-89f9-d9ef94fa545f", "ARPT_COUNT": 1, "APT1_FAAID": "BFI", "APT1_ICAO": "KBFI", "APT1_NAME": "Boeing Fld/King County Intl", "APT1_LAANC": 1, "APT2_FAAID": "", "APT2_ICAO": "", "APT2_NAME": "", "APT2_LAANC": null, "APT3_FAAID": "", "APT3_ICAO": "", "APT3_NAME": "", "APT3_LAANC": null, "APT4_FAAID": "", "APT4_ICAO": "", "APT4_NAME": "", "APT4_LAANC": null, "APT5_FAAID": "", "APT5_ICAO": "", "APT5_NAME": "", "APT5_LAANC": null, "AIRS_COUNT": 1, "AIRSPACE_1": "D", "AIRSPACE_2": "", "AIRSPACE_3": "", "AIRSPACE_4": "", "AIRSPACE_5": "", "REGION": "Western", "APT1_Enabled": "107-AA,107-FC,44809-AA", "APT2_Enabled": "", "APT3_Enabled": "", "APT4_Enabled": "", "APT5_Enabled": "", "Shape__Length": null, "Shape__Area": null, "Shape__Area_2": 6.9444469772861339e-05, "Shape__Length_2": 0.033333339181353949 }, "geometry": { "type": "Polygon", "coordinates": [ [ [ -122.366682286499994, 47.566674829165301, 0.0 ], [ -122.358348952205006, 47.566674829165301, 0.0 ], [ -122.358348952205006, 47.558341493870003, 0.0 ], [ -122.366682286499994, 47.558341493870003, 0.0 ], [ -122.366682286499994, 47.566674829165301, 0.0 ] ] ] } },
{ "type": "Feature", "properties": { "OBJECTID": 237950, "CEILING": 400, "UNIT": "Feet", "MAP_EFF": "10/30/2025", "LAST_EDIT": "12/7/2017", "LATITUDE": 47.56250816, "LONGITUDE": -122.37084895, "GLOBALID": "6a52b39e-f321-47de-b1a7-ad7530c5afcd", "ARPT_COUNT": 1, "APT1_FAAID": "BFI", "APT1_ICAO": "KBFI", "APT1_NAME": "Boeing Fld/King County Intl", "APT1_LAANC": 1, "APT2_FAAID": "", "APT2_ICAO": "", "APT2_NAME": "", "APT2_LAANC": null, "APT3_FAAID": "", "APT3_ICAO": "", "APT3_NAME": "", "APT3_LAANC": null, "APT4_FAAID": "", "APT4_ICAO": "", "APT4_NAME": "", "APT4_LAANC": null, "APT5_FAAID": "", "APT5_ICAO": "", "APT5_NAME": "", "APT5_LAANC": null, "AIRS_COUNT": 1, "AIRSPACE_1": "D", "AIRSPACE_2": "", "AIRSPACE_3": "", "AIRSPACE_4": "", "AIRSPACE_5": "", "REGION": "Western", "APT1_Enabled": "107-AA,107-FC,44809-AA", "APT2_Enabled": "", "APT3_Enabled": "", "APT4_Enabled": "", "APT5_Enabled": "", "Shape__Length": null, "Shape__Area": null, "Shape__Area_2": 6.9444477048818953e-05, "Shape__Length_2": 0.033333341181446485 }, "geometry": { "type": "Polygon", "coordinates": [ [ [ -122.375015621795001, 47.566674829165301, 0.0 ], [ -122.366682286499994, 47.566674829165301, 0.0 ], [ -122.366682286499994, 47.558341493870003, 0.0 ], [ -122.375015621795001, 47.558341493870003, 0.0 ], [ -122.375015621795001, 47.566674829165301, 0.0 ] ] ] } },
{ "type": "Feature", "properties": { "OBJECTID": 360795, "CEILING": 400, "UNIT": "Feet", "MAP_EFF": "10/30/2025", "LAST_EDIT": "12/7/2017", "LATITUDE": 47.56250816, "LONGITUDE": -122.37918229, "GLOBALID": "3c29f59e-d2c7-4d20-a4a2-f98d95e9316a", "ARPT_COUNT": 1, "APT1_FAAID": "BFI", "APT1_ICAO": "KBFI", "APT1_NAME": "Boeing Fld/King County Intl", "APT1_LAANC": 1, "APT2_FAAID": "", "APT2_ICAO": "", "APT2_NAME": "", "APT2_LAANC": null, "APT3_FAAID": "", "APT3_ICAO": "", "APT3_NAME": "", "APT3_LAANC": null, "APT4_FAAID": "", "APT4_ICAO": "", "APT4_NAME": "", "APT4_LAANC": null, "APT5_FAAID": "", "APT5_ICAO": "", "APT5_NAME": "", "APT5_LAANC": null, "AIRS_COUNT": 1, "AIRSPACE_1": "D", "AIRSPACE_2": "", "AIRSPACE_3": "", "AIRSPACE_4": "", "AIRSPACE_5": "", "REGION": "Western", "APT1_Enabled": "107-AA,107-FC,44809-AA", "APT2_Enabled": "", "APT3_Enabled": "", "APT4_Enabled": "", "APT5_Enabled": "", "Shape__Length": null, "Shape__Area": null, "Shape__Area_2": 6.9444477048818953e-05, "Shape__Length_2": 0.033333341181332798 }, "geometry": { "type": "Polygon", "coordinates": [ [ [ -122.383348957091002, 47.566674829165301, 0.0 ], [ -122.375015621795001, 47.566674829165301, 0.0 ], [ -122.375015621795001, 47.558341493870003, 0.0 ], [ -122.383348957091002, 47.558341493870003, 0.0 ], [ -122.383348957091002, 47.566674829165301, 0.0 ] ] ] } },
{ "type": "Feature", "properties": { "OBJECTID": 360813, "CEILING": 200, "UNIT": "Feet", "MAP_EFF": "10/30/2025", "LAST_EDIT": "12/7/2017", "LATITUDE": 47.5708415, "LONGITUDE": -122.36251562, "GLOBALID": "14ee7546-5570-4047-8fd3-5677065bee5b", "ARPT_COUNT": 1, "APT1_FAAID": "BFI", "APT1_ICAO": "KBFI", "APT1_NAME": "Boeing Fld/King County Intl", "APT1_LAANC": 1, "APT2_FAAID": "", "APT2_ICAO": "", "APT2_NAME": "", "APT2_LAANC": null, "APT3_FAAID": "", "APT3_ICAO": "", "APT3_NAME": "", "APT3_LAANC": null, "APT4_FAAID": "", "APT4_ICAO": "", "APT4_NAME": "", "APT4_LAANC": null, "APT5_FAAID": "", "APT5_ICAO": "", "APT5_NAME": "", "APT5_LAANC": null, "AIRS_COUNT": 1, "AIRSPACE_1": "D", "AIRSPACE_2": "", "AIRSPACE_3": "", "AIRSPACE_4": "", "AIRSPACE_5": "", "REGION": "Western", "APT1_Enabled": "107-AA,107-FC,44809-AA", "APT2_Enabled": "", "APT3_Enabled": "", "APT4_Enabled": "", "APT5_Enabled": "", "Shape__Length": null, "Shape__Area": null, "Shape__Area_2": 6.9444467953871936e-05, "Shape__Length_2": 0.033333339181353949 }, "geometry": { "type": "Polygon", "coordinates": [ [ [ -122.366682286499994, 47.575008164460698, 0.0 ], [ -122.358348952205006, 47.575008164460698, 0.0 ], [ -122.358348952205006, 47.566674829165301, 0.0 ], [ -122.366682286499994, 47.566674829165301, 0.0 ], [ -122.366682286499994, 47.575008164460698, 0.0 ] ] ] } },
{ "type": "Feature", "properties": { "OBJECTID": 238047, "CEILING": 400, "UNIT": "Feet", "MAP_EFF": "10/30/2025", "LAST_EDIT": "12/7/2017", "LATITUDE": 47.5708415, "LONGITUDE": -122.37918229, "GLOBALID": "74a79e44-a541-48b9-bf1c-db74c1e41b8f", "ARPT_COUNT": 1, "APT1_FAAID": "BFI", "APT1_ICAO": "KBFI", "APT1_NAME": "Boeing Fld/King County Intl", "APT1_LAANC": 1, "APT2_FAAID": "", "APT2_ICAO": "", "APT2_NAME": "", "APT2_LAANC": null, "APT3_FAAID": "", "APT3_ICAO": "", "APT3_NAME": "", "APT3_LAANC": null, "APT4_FAAID": "", "APT4_ICAO": "", "APT4_NAME": "", "APT4_LAANC": null, "APT5_FAAID": "", "APT5_ICAO": "", "APT5_NAME": "", "APT5_LAANC": null, "AIRS_COUNT": 1, "AIRSPACE_1": "D", "AIRSPACE_2": "", "AIRSPACE_3": "", "AIRSPACE_4": "", "AIRSPACE_5": "", "REGION": "Western", "APT1_Enabled": "107-AA,107-FC,44809-AA", "APT2_Enabled": "", "APT3_Enabled": "", "APT4_Enabled": "", "APT5_Enabled": "", "Shape__Length": null, "Shape__Area": null, "Shape__Area_2": 6.9444477048818953e-05, "Shape__Length_2": 0.033333341181332798 }, "geometry": { "type": "Polygon", "coordinates": [ [ [ -122.383348957091002, 47.575008164460698, 0.0 ], [ -122.375015621795001, 47.575008164460698, 0.0 ], [ -122.375015621795001, 47.566674829165301, 0.0 ], [ -122.383348957091002, 47.566674829165301, 0.0 ], [ -122.383348957091002, 47.575008164460698, 0.0 ] ] ] } },
{ "type": "Feature", "properties": { "OBJECTID": 238048, "CEILING": 400, "UNIT": "Feet", "MAP_EFF": "10/30/2025", "LAST_EDIT": "12/7/2017", "LATITUDE": 47.5708415, "LONGITUDE": -122.37084895, "GLOBALID": "5202ccd4-941b-447f-be88-4f3ea54eeefe", "ARPT_COUNT": 1, "APT1_FAAID": "BFI", "APT1_ICAO": "KBFI", "APT1_NAME": "Boeing Fld/King County Intl", "APT1_LAANC": 1, "APT2_FAAID": "", "APT2_ICAO": "", "APT2_NAME": "", "APT2_LAANC": null, "APT3_FAAID": "", "APT3_ICAO": "", "APT3_NAME": "", "APT3_LAANC": null, "APT4_FAAID": "", "APT4_ICAO": "", "APT4_NAME": "", "APT4_LAANC": null, "APT5_FAAID": "", "APT5_ICAO": "", "APT5_NAME": "", "APT5_LAANC": null, "AIRS_COUNT": 1, "AIRSPACE_1": "D", "AIRSPACE_2": "", "AIRSPACE_3": "", "AIRSPACE_4": "", "AIRSPACE_5": "", "REGION": "Western", "APT1_Enabled": "107-AA,107-FC,44809-AA", "APT2_Enabled": "", "APT3_Enabled": "", "APT4_Enabled": "", "APT5_Enabled": "", "Shape__Length": null, "Shape__Area": null, "Shape__Area_2": 6.9444477958313655e-05, "Shape__Length_2": 0.033333341181446485 }, "geometry": { "type": "Polygon", "coordinates": [ [ [ -122.375015621795001, 47.575008164460698, 0.0 ], [ -122.366682286499994, 47.575008164460698, 0.0 ], [ -122.366682286499994, 47.566674829165301, 0.0 ], [ -122.375015621795001, 47.566674829165301, 0.0 ], [ -122.375015621795001, 47.575008164460698, 0.0 ] ] ] } },
{ "type": "Feature", "properties": { "OBJECTID": 238141, "CEILING": 400, "UNIT": "Feet", "MAP_EFF": "10/30/2025", "LAST_EDIT": "12/7/2017", "LATITUDE": 47.57917483, "LONGITUDE": -122.37918229, "GLOBALID": "7ff23eca-692b-41d9-8301-0e0624a846ae", "ARPT_COUNT": 1, "APT1_FAAID": "BFI", "APT1_ICAO": "KBFI", "APT1_NAME": "Boeing Fld/King County Intl", "APT1_LAANC": 1, "APT2_FAAID": "", "APT2_ICAO": "", "APT2_NAME": "", "APT2_LAANC": null, "APT3_FAAID": "", "APT3_ICAO": "", "APT3_NAME": "", "APT3_LAANC": null, "APT4_FAAID": "", "APT4_ICAO": "", "APT4_NAME": "", "APT4_LAANC": null, "APT5_FAAID": "", "APT5_ICAO": "", "APT5_NAME": "", "APT5_LAANC": null, "AIRS_COUNT": 1, "AIRSPACE_1": "D", "AIRSPACE_2": "", "AIRSPACE_3": "", "AIRSPACE_4": "", "AIRSPACE_5": "", "REGION": "Western", "APT1_Enabled": "107-AA,107-FC,44809-AA", "APT2_Enabled": "", "APT3_Enabled": "", "APT4_Enabled": "", "APT5_Enabled": "", "Shape__Length": null, "Shape__Area": null, "Shape__Area_2": 6.9444468863366637e-05, "Shape__Length_2": 0.033333339181353949 }, "geometry": { "type": "Polygon", "coordinates": [ [ [ -122.383348957091002, 47.583341498755999, 0.0 ], [ -122.375015621795001, 47.583341498755999, 0.0 ], [ -122.375015621795001, 47.575008164460698, 0.0 ], [ -122.383348957091002, 47.575008164460698, 0.0 ], [ -122.383348957091002, 47.583341498755999, 0.0 ] ] ] } },
{ "type": "Feature", "properties": { "OBJECTID": 237946, "CEILING": 400, "UNIT": "Feet", "MAP_EFF": "10/30/2025", "LAST_EDIT": "12/7/2017", "LATITUDE": 47.56250816, "LONGITUDE": -122.41251563, "GLOBALID": "9f701c16-ece2-4435-a63b-c37825e34a10", "ARPT_COUNT": 1, "APT1_FAAID": "BFI", "APT1_ICAO": "KBFI", "APT1_NAME": "Boeing Fld/King County Intl", "APT1_LAANC": 1, "APT2_FAAID": "", "APT2_ICAO": "", "APT2_NAME": "", "APT2_LAANC": null, "APT3_FAAID": "", "APT3_ICAO": "", "APT3_NAME": "", "APT3_LAANC": null, "APT4_FAAID": "", "APT4_ICAO": "", "APT4_NAME": "", "APT4_LAANC": null, "APT5_FAAID": "", "APT5_ICAO": "", "APT5_NAME": "", "APT5_LAANC": null, "AIRS_COUNT": 1, "AIRSPACE_1": "D", "AIRSPACE_2": "", "AIRSPACE_3": "", "AIRSPACE_4": "", "AIRSPACE_5": "", "REGION": "Western", "APT1_Enabled": "107-AA,107-FC,44809-AA", "APT2_Enabled": "", "APT3_Enabled": "", "APT4_Enabled": "", "APT5_Enabled": "", "Shape__Length": null, "Shape__Area": null, "Shape__Area_2": 6.9444477048818953e-05, "Shape__Length_2": 0.033333341181446485 }, "geometry": { "type": "Polygon", "coordinates": [ [ [ -122.408348961976998, 47.566674829165301, 0.0 ], [ -122.408348961976998, 47.559268257960966, 0.0 ], [ -122.409372268935996, 47.560484073289899, 0.0 ], [ -122.414584447375688, 47.566674829165301, 0.0 ], [ -122.408348961976998, 47.566674829165301, 0.0 ] ] ] } },
{ "type": "Feature", "properties": { "OBJECTID": 237947, "CEILING": 400, "UNIT": "Feet", "MAP_EFF": "10/30/2025", "LAST_EDIT": "12/7/2017", "LATITUDE": 47.56250816, "LONGITUDE": -122.40418229, "GLOBALID": "8cea4d53-aa97-47c7-8af1-905930a33520", "ARPT_COUNT": 1, "APT1_FAAID": "BFI", "APT1_ICAO": "KBFI", "APT1_NAME": "Boeing Fld/King County Intl", "APT1_LAANC": 1, "APT2_FAAID": "", "APT2_ICAO": "", "APT2_NAME": "", "APT2_LAANC": null, "APT3_FAAID": "", "APT3_ICAO": "", "APT3_NAME": "", "APT3_LAANC": null, "APT4_FAAID": "", "APT4_ICAO": "", "APT4_NAME": "", "APT4_LAANC": null, "APT5_FAAID": "", "APT5_ICAO": "", "APT5_NAME": "", "APT5_LAANC": null, "AIRS_COUNT": 1, "AIRSPACE_1": "D", "AIRSPACE_2": "", "AIRSPACE_3": "", "AIRSPACE_4": "", "AIRSPACE_5": "", "REGION": "Western", "APT1_Enabled": "107-AA,107-FC,44809-AA", "APT2_Enabled": "", "APT3_Enabled": "", "APT4_Enabled": "", "APT5_Enabled": "", "Shape__Length": null, "Shape__Area": null, "Shape__Area_2": 6.9444477048818953e-05, "Shape__Length_2": 0.033333341181332798 }, "geometry": { "type": "Polygon", "coordinates": [ [ [ -122.408348961976998, 47.566674829165301, 0.0 ], [ -122.400015626680997, 47.566674829165301, 0.0 ], [ -122.400015626680997, 47.558341493870003, 0.0 ], [ -122.407652361546795, 47.558341493870003, 0.0 ], [ -122.408224603516999, 47.559120504717797, 0.0 ], [ -122.408348961976998, 47.559268257960966, 0.0 ], [ -122.408348961976998, 47.566674829165301, 0.0 ] ] ] } },
{ "type": "Feature", "properties": { "OBJECTID": 237949, "CEILING": 400, "UNIT": "Feet", "MAP_EFF": "10/30/2025", "LAST_EDIT": "12/7/2017", "LATITUDE": 47.56250816, "LONGITUDE": -122.38751562, "GLOBALID": "c53d4ea9-eacf-42ce-8c14-fd54af89313d", "ARPT_COUNT": 1, "APT1_FAAID": "BFI", "APT1_ICAO": "KBFI", "APT1_NAME": "Boeing Fld/King County Intl", "APT1_LAANC": 1, "APT2_FAAID": "", "APT2_ICAO": "", "APT2_NAME": "", "APT2_LAANC": null, "APT3_FAAID": "", "APT3_ICAO": "", "APT3_NAME": "", "APT3_LAANC": null, "APT4_FAAID": "", "APT4_ICAO": "", "APT4_NAME": "", "APT4_LAANC": null, "APT5_FAAID": "", "APT5_ICAO": "", "APT5_NAME": "", "APT5_LAANC": null, "AIRS_COUNT": 1, "AIRSPACE_1": "D", "AIRSPACE_2": "", "AIRSPACE_3": "", "AIRSPACE_4": "", "AIRSPACE_5": "", "REGION": "Western", "APT1_Enabled": "107-AA,107-FC,44809-AA", "APT2_Enabled": "", "APT3_Enabled": "", "APT4_Enabled": "", "APT5_Enabled": "", "Shape__Length": null, "Shape__Area": null, "Shape__Area_2": 6.9444477048818953e-05, "Shape__Length_2": 0.033333341181332798 }, "geometry": { "type": "Polygon", "coordinates": [ [ [ -122.391682292385994, 47.566674829165301, 0.0 ], [ -122.383348957091002, 47.566674829165301, 0.0 ], [ -122.383348957091002, 47.558341493870003, 0.0 ], [ -122.391682292385994, 47.558341493870003, 0.0 ], [ -122.391682292385994, 47.566674829165301, 0.0 ] ] ] } },
{ "type": "Feature", "properties": { "OBJECTID": 238045, "CEILING": 400, "UNIT": "Feet", "MAP_EFF": "10/30/2025", "LAST_EDIT": "12/7/2017", "LATITUDE": 47.5708415, "LONGITUDE": -122.39584896, "GLOBALID": "dccb0f66-1c2e-42b3-95cb-f18a0f1d64d8", "ARPT_COUNT": 1, "APT1_FAAID": "BFI", "APT1_ICAO": "KBFI", "APT1_NAME": "Boeing Fld/King County Intl", "APT1_LAANC": 1, "APT2_FAAID": "", "APT2_ICAO": "", "APT2_NAME": "", "APT2_LAANC": null, "APT3_FAAID": "", "APT3_ICAO": "", "APT3_NAME": "", "APT3_LAANC": null, "APT4_FAAID": "", "APT4_ICAO": "", "APT4_NAME": "", "APT4_LAANC": null, "APT5_FAAID": "", "APT5_ICAO": "", "APT5_NAME": "", "APT5_LAANC": null, "AIRS_COUNT": 1, "AIRSPACE_1": "D", "AIRSPACE_2": "", "AIRSPACE_3": "", "AIRSPACE_4": "", "AIRSPACE_5": "", "REGION": "Western", "APT1_Enabled": "107-AA,107-FC,44809-AA", "APT2_Enabled": "", "APT3_Enabled": "", "APT4_Enabled": "", "APT5_Enabled": "", "Shape__Length": null, "Shape__Area": null, "Shape__Area_2": 6.9444468863366637e-05, "Shape__Length_2": 0.033333339181353949 }, "geometry": { "type": "Polygon", "coordinates": [ [ [ -122.400015626680997, 47.575008164460698, 0.0 ], [ -122.391682292385994, 47.575008164460698, 0.0 ], [ -122.391682292385994, 47.566674829165301, 0.0 ], [ -122.400015626680997, 47.566674829165301, 0.0 ], [ -122.400015626680997, 47.575008164460698, 0.0 ] ] ] } },
{ "type": "Feature", "properties": { "OBJECTID": 238043, "CEILING": 400, "UNIT": "Feet", "MAP_EFF": "10/30/2025", "LAST_EDIT": "12/7/2017", "LATITUDE": 47.5708415, "LONGITUDE": -122.41251563, "GLOBALID": "73693424-bd60-440e-bf2d-66a1f30d73fb", "ARPT_COUNT": 1, "APT1_FAAID": "BFI", "APT1_ICAO": "KBFI", "APT1_NAME": "Boeing Fld/King County Intl", "APT1_LAANC": 1, "APT2_FAAID": "", "APT2_ICAO": "", "APT2_NAME": "", "APT2_LAANC": null, "APT3_FAAID": "", "APT3_ICAO": "", "APT3_NAME": "", "APT3_LAANC": null, "APT4_FAAID": "", "APT4_ICAO": "", "APT4_NAME": "", "APT4_LAANC": null, "APT5_FAAID": "", "APT5_ICAO": "", "APT5_NAME": "", "APT5_LAANC": null, "AIRS_COUNT": 1, "AIRSPACE_1": "D", "AIRSPACE_2": "", "AIRSPACE_3": "", "AIRSPACE_4": "", "AIRSPACE_5": "", "REGION": "Western", "APT1_Enabled": "107-AA,107-FC,44809-AA", "APT2_Enabled": "", "APT3_Enabled": "", "APT4_Enabled": "", "APT5_Enabled": "", "Shape__Length": null, "Shape__Area": null, "Shape__Area_2": 6.9444477958313655e-05, "Shape__Length_2": 0.033333341181446485 }, "geometry": { "type": "Polygon", "coordinates": [ [ [ -122.416682297272004, 47.575008164460698, 0.0 ], [ -122.408348961976998, 47.575008164460698, 0.0 ], [ -122.408348961976998, 47.566674829165301, 0.0 ], [ -122.414584447375688, 47.566674829165301, 0.0 ], [ -122.415440381207006, 47.5676914630846, 0.0 ], [ -122.416682297272004, 47.568542426916416, 0.0 ], [ -122.416682297272004, 47.575008164460698, 0.0 ] ] ] } },
{ "type": "Feature", "properties": { "OBJECTID": 238044, "CEILING": 400, "UNIT": "Feet", "MAP_EFF": "10/30/2025", "LAST_EDIT": "12/7/2017", "LATITUDE": 47.5708415, "LONGITUDE": -122.40418229, "GLOBALID": "d96e42d7-af0e-4335-8b5d-61022a079af6", "ARPT_COUNT": 1, "APT1_FAAID": "BFI", "APT1_ICAO": "KBFI", "APT1_NAME": "Boeing Fld/King County Intl", "APT1_LAANC": 1, "APT2_FAAID": "", "APT2_ICAO": "", "APT2_NAME": "", "APT2_LAANC": null, "APT3_FAAID": "", "APT3_ICAO": "", "APT3_NAME": "", "APT3_LAANC": null, "APT4_FAAID": "", "APT4_ICAO": "", "APT4_NAME": "", "APT4_LAANC": null, "APT5_FAAID": "", "APT5_ICAO": "", "APT5_NAME": "", "APT5_LAANC": null, "AIRS_COUNT": 1, "AIRSPACE_1": "D", "AIRSPACE_2": "", "AIRSPACE_3": "", "AIRSPACE_4": "", "AIRSPACE_5": "", "REGION": "Western", "APT1_Enabled": "107-AA,107-FC,44809-AA", "APT2_Enabled": "", "APT3_Enabled": "", "APT4_Enabled": "", "APT5_Enabled": "", "Shape__Length": null, "Shape__Area": null, "Shape__Area_2": 6.9444477048818953e-05, "Shape__Length_2": 0.033333341181332798 }, "geometry": { "type": "Polygon", "coordinates": [ [ [ -122.408348961976998, 47.575008164460698, 0.0 ], [ -122.400015626680997, 47.575008164460698, 0.0 ], [ -122.400015626680997, 47.566674829165301, 0.0 ], [ -122.408348961976998, 47.566674829165301, 0.0 ], [ -122.408348961976998, 47.575008164460698, 0.0 ] ] ] } },
{ "type": "Feature", "properties": { "OBJECTID": 238046, "CEILING": 400, "UNIT": "Feet", "MAP_EFF": "10/30/2025", "LAST_EDIT": "12/7/2017", "LATITUDE": 47.5708415, "LONGITUDE": -122.38751562, "GLOBALID": "772d8dec-d522-444b-89d7-bb2923a52948", "ARPT_COUNT": 1, "APT1_FAAID": "BFI", "APT1_ICAO": "KBFI", "APT1_NAME": "Boeing Fld/King County Intl", "APT1_LAANC": 1, "APT2_FAAID": "", "APT2_ICAO": "", "APT2_NAME": "", "APT2_LAANC": null, "APT3_FAAID": "", "APT3_ICAO": "", "APT3_NAME": "", "APT3_LAANC": null, "APT4_FAAID": "", "APT4_ICAO": "", "APT4_NAME": "", "APT4_LAANC": null, "APT5_FAAID": "", "APT5_ICAO": "", "APT5_NAME": "", "APT5_LAANC": null, "AIRS_COUNT": 1, "AIRSPACE_1": "D", "AIRSPACE_2": "", "AIRSPACE_3": "", "AIRSPACE_4": "", "AIRSPACE_5": "", "REGION": "Western", "APT1_Enabled": "107-AA,107-FC,44809-AA", "APT2_Enabled": "", "APT3_Enabled": "", "APT4_Enabled": "", "APT5_Enabled": "", "Shape__Length": null, "Shape__Area": null, "Shape__Area_2": 6.9444477048818953e-05, "Shape__Length_2": 0.033333341181332798 }, "geometry": { "type": "Polygon", "coordinates": [ [ [ -122.391682292385994, 47.575008164460698, 0.0 ], [ -122.383348957091002, 47.575008164460698, 0.0 ], [ -122.383348957091002, 47.566674829165301, 0.0 ], [ -122.391682292385994, 47.566674829165301, 0.0 ], [ -122.391682292385994, 47.575008164460698, 0.0 ] ] ] } },
{ "type": "Feature", "properties": { "OBJECTID": 238140, "CEILING": 400, "UNIT": "Feet", "MAP_EFF": "10/30/2025", "LAST_EDIT": "12/7/2017", "LATITUDE": 47.57917483, "LONGITUDE": -122.38751562, "GLOBALID": "253d70f2-98f1-45e6-975d-bdc29ab4851b", "ARPT_COUNT": 1, "APT1_FAAID": "BFI", "APT1_ICAO": "KBFI", "APT1_NAME": "Boeing Fld/King County Intl", "APT1_LAANC": 1, "APT2_FAAID": "", "APT2_ICAO": "", "APT2_NAME": "", "APT2_LAANC": null, "APT3_FAAID": "", "APT3_ICAO": "", "APT3_NAME": "", "APT3_LAANC": null, "APT4_FAAID": "", "APT4_ICAO": "", "APT4_NAME": "", "APT4_LAANC": null, "APT5_FAAID": "", "APT5_ICAO": "", "APT5_NAME": "", "APT5_LAANC": null, "AIRS_COUNT": 1, "AIRSPACE_1": "D", "AIRSPACE_2": "", "AIRSPACE_3": "", "AIRSPACE_4": "", "AIRSPACE_5": "", "REGION": "Western", "APT1_Enabled": "107-AA,107-FC,44809-AA", "APT2_Enabled": "", "APT3_Enabled": "", "APT4_Enabled": "", "APT5_Enabled": "", "Shape__Length": null, "Shape__Area": null, "Shape__Area_2": 6.9444468863366637e-05, "Shape__Length_2": 0.033333339181353949 }, "geometry": { "type": "Polygon", "coordinates": [ [ [ -122.391682292385994, 47.583341498755999, 0.0 ], [ -122.383348957091002, 47.583341498755999, 0.0 ], [ -122.383348957091002, 47.575008164460698, 0.0 ], [ -122.391682292385994, 47.575008164460698, 0.0 ], [ -122.391682292385994, 47.583341498755999, 0.0 ] ] ] } },
{ "type": "Feature", "properties": { "OBJECTID": 238138, "CEILING": 400, "UNIT": "Feet", "MAP_EFF": "10/30/2025", "LAST_EDIT": "12/7/2017", "LATITUDE": 47.57917483, "LONGITUDE": -122.40418229, "GLOBALID": "fbfa0d89-45d1-499d-9f02-10b69fcbb9bb", "ARPT_COUNT": 1, "APT1_FAAID": "BFI", "APT1_ICAO": "KBFI", "APT1_NAME": "Boeing Fld/King County Intl", "APT1_LAANC": 1, "APT2_FAAID": "", "APT2_ICAO": "", "APT2_NAME": "", "APT2_LAANC": null, "APT3_FAAID": "", "APT3_ICAO": "", "APT3_NAME": "", "APT3_LAANC": null, "APT4_FAAID": "", "APT4_ICAO": "", "APT4_NAME": "", "APT4_LAANC": null, "APT5_FAAID": "", "APT5_ICAO": "", "APT5_NAME": "", "APT5_LAANC": null, "AIRS_COUNT": 1, "AIRSPACE_1": "D", "AIRSPACE_2": "", "AIRSPACE_3": "", "AIRSPACE_4": "", "AIRSPACE_5": "", "REGION": "Western", "APT1_Enabled": "107-AA,107-FC,44809-AA", "APT2_Enabled": "", "APT3_Enabled": "", "APT4_Enabled": "", "APT5_Enabled": "", "Shape__Length": null, "Shape__Area": null, "Shape__Area_2": 6.9444468863366637e-05, "Shape__Length_2": 0.033333339181353949 }, "geometry": { "type": "Polygon", "coordinates": [ [ [ -122.408348961976998, 47.583341498755999, 0.0 ], [ -122.400015626680997, 47.583341498755999, 0.0 ], [ -122.400015626680997, 47.575008164460698, 0.0 ], [ -122.408348961976998, 47.575008164460698, 0.0 ], [ -122.408348961976998, 47.583341498755999, 0.0 ] ] ] } },
{ "type": "Feature", "properties": { "OBJECTID": 238139, "CEILING": 400, "UNIT": "Feet", "MAP_EFF": "10/30/2025", "LAST_EDIT": "12/7/2017", "LATITUDE": 47.57917483, "LONGITUDE": -122.39584896, "GLOBALID": "742d760b-c452-477a-bc92-ea75c023a9ee", "ARPT_COUNT": 1, "APT1_FAAID": "BFI", "APT1_ICAO": "KBFI", "APT1_NAME": "Boeing Fld/King County Intl", "APT1_LAANC": 1, "APT2_FAAID": "", "APT2_ICAO": "", "APT2_NAME": "", "APT2_LAANC": null, "APT3_FAAID": "", "APT3_ICAO": "", "APT3_NAME": "", "APT3_LAANC": null, "APT4_FAAID": "", "APT4_ICAO": "", "APT4_NAME": "", "APT4_LAANC": null, "APT5_FAAID": "", "APT5_ICAO": "", "APT5_NAME": "", "APT5_LAANC": null, "AIRS_COUNT": 1, "AIRSPACE_1": "D", "AIRSPACE_2": "", "AIRSPACE_3": "", "AIRSPACE_4": "", "AIRSPACE_5": "", "REGION": "Western", "APT1_Enabled": "107-AA,107-FC,44809-AA", "APT2_Enabled": "", "APT3_Enabled": "", "APT4_Enabled": "", "APT5_Enabled": "", "Shape__Length": null, "Shape__Area": null, "Shape__Area_2": 6.9444460677914321e-05, "Shape__Length_2": 0.0333333371813751 }, "geometry": { "type": "Polygon", "coordinates": [ [ [ -122.400015626680997, 47.583341498755999, 0.0 ], [ -122.391682292385994, 47.583341498755999, 0.0 ], [ -122.391682292385994, 47.575008164460698, 0.0 ], [ -122.400015626680997, 47.575008164460698, 0.0 ], [ -122.400015626680997, 47.583341498755999, 0.0 ] ] ] } },
{ "type": "Feature", "properties": { "OBJECTID": 360829, "CEILING": 400, "UNIT": "Feet", "MAP_EFF": "10/30/2025", "LAST_EDIT": "12/7/2017", "LATITUDE": 47.57917483, "LONGITUDE": -122.37084895, "GLOBALID": "1bd40fa7-7ad5-4e88-a117-079d735596dc", "ARPT_COUNT": 1, "APT1_FAAID": "BFI", "APT1_ICAO": "KBFI", "APT1_NAME": "Boeing Fld/King County Intl", "APT1_LAANC": 1, "APT2_FAAID": "", "APT2_ICAO": "", "APT2_NAME": "", "APT2_LAANC": null, "APT3_FAAID": "", "APT3_ICAO": "", "APT3_NAME": "", "APT3_LAANC": null, "APT4_FAAID": "", "APT4_ICAO": "", "APT4_NAME": "", "APT4_LAANC": null, "APT5_FAAID": "", "APT5_ICAO": "", "APT5_NAME": "", "APT5_LAANC": null, "AIRS_COUNT": 1, "AIRSPACE_1": "D", "AIRSPACE_2": "", "AIRSPACE_3": "", "AIRSPACE_4": "", "AIRSPACE_5": "", "REGION": "Western", "APT1_Enabled": "107-AA,107-FC,44809-AA", "APT2_Enabled": "", "APT3_Enabled": "", "APT4_Enabled": "", "APT5_Enabled": "", "Shape__Length": null, "Shape__Area": null, "Shape__Area_2": 6.9444467953871936e-05, "Shape__Length_2": 0.033333339181467636 }, "geometry": { "type": "Polygon", "coordinates": [ [ [ -122.375015621795001, 47.583341498755999, 0.0 ], [ -122.366682286499994, 47.583341498755999, 0.0 ], [ -122.366682286499994, 47.575008164460698, 0.0 ], [ -122.375015621795001, 47.575008164460698, 0.0 ], [ -122.375015621795001, 47.583341498755999, 0.0 ] ] ] } },
{ "type": "Feature", "properties": { "OBJECTID": 238142, "CEILING": 200, "UNIT": "Feet", "MAP_EFF": "10/30/2025", "LAST_EDIT": "12/7/2017", "LATITUDE": 47.57917483, "LONGITUDE": -122.36251562, "GLOBALID": "7de648b0-7a5a-4b48-afe2-c68d7ced59a7", "ARPT_COUNT": 1, "APT1_FAAID": "BFI", "APT1_ICAO": "KBFI", "APT1_NAME": "Boeing Fld/King County Intl", "APT1_LAANC": 1, "APT2_FAAID": "", "APT2_ICAO": "", "APT2_NAME": "", "APT2_LAANC": null, "APT3_FAAID": "", "APT3_ICAO": "", "APT3_NAME": "", "APT3_LAANC": null, "APT4_FAAID": "", "APT4_ICAO": "", "APT4_NAME": "", "APT4_LAANC": null, "APT5_FAAID": "", "APT5_ICAO": "", "APT5_NAME": "", "APT5_LAANC": null, "AIRS_COUNT": 1, "AIRSPACE_1": "D", "AIRSPACE_2": "", "AIRSPACE_3": "", "AIRSPACE_4": "", "AIRSPACE_5": "", "REGION": "Western", "APT1_Enabled": "107-AA,107-FC,44809-AA", "APT2_Enabled": "", "APT3_Enabled": "", "APT4_Enabled": "", "APT5_Enabled": "", "Shape__Length": null, "Shape__Area": null, "Shape__Area_2": 6.9444460677914321e-05, "Shape__Length_2": 0.0333333371813751 }, "geometry": { "type": "Polygon", "coordinates": [ [ [ -122.366682286499994, 47.583341498755999, 0.0 ], [ -122.358348952205006, 47.583341498755999, 0.0 ], [ -122.358348952205006, 47.575008164460698, 0.0 ], [ -122.366682286499994, 47.575008164460698, 0.0 ], [ -122.366682286499994, 47.583341498755999, 0.0 ] ] ] } },
{ "type": "Feature", "properties": { "OBJECTID": 238143, "CEILING": 200, "UNIT": "Feet", "MAP_EFF": "10/30/2025", "LAST_EDIT": "12/7/2017", "LATITUDE": 47.57917483, "LONGITUDE": -122.35418228, "GLOBALID": "ad0be7f6-32cd-4969-b012-cd37dddad316", "ARPT_COUNT": 1, "APT1_FAAID": "BFI", "APT1_ICAO": "KBFI", "APT1_NAME": "Boeing Fld/King County Intl", "APT1_LAANC": 1, "APT2_FAAID": "", "APT2_ICAO": "", "APT2_NAME": "", "APT2_LAANC": null, "APT3_FAAID": "", "APT3_ICAO": "", "APT3_NAME": "", "APT3_LAANC": null, "APT4_FAAID": "", "APT4_ICAO": "", "APT4_NAME": "", "APT4_LAANC": null, "APT5_FAAID": "", "APT5_ICAO": "", "APT5_NAME": "", "APT5_LAANC": null, "AIRS_COUNT": 1, "AIRSPACE_1": "D", "AIRSPACE_2": "", "AIRSPACE_3": "", "AIRSPACE_4": "", "AIRSPACE_5": "", "REGION": "Western", "APT1_Enabled": "107-AA,107-FC,44809-AA", "APT2_Enabled": "", "APT3_Enabled": "", "APT4_Enabled": "", "APT5_Enabled": "", "Shape__Length": null, "Shape__Area": null, "Shape__Area_2": 6.9444468863366637e-05, "Shape__Length_2": 0.033333339181353949 }, "geometry": { "type": "Polygon", "coordinates": [ [ [ -122.358348952205006, 47.583341498755999, 0.0 ], [ -122.350015616909005, 47.583341498755999, 0.0 ], [ -122.350015616909005, 47.575008164460698, 0.0 ], [ -122.358348952205006, 47.575008164460698, 0.0 ], [ -122.358348952205006, 47.583341498755999, 0.0 ] ] ] } },
{ "type": "Feature", "properties": { "OBJECTID": 360841, "CEILING": 100, "UNIT": "Feet", "MAP_EFF": "10/30/2025", "LAST_EDIT": "12/7/2017", "LATITUDE": 47.58750817, "LONGITUDE": -122.36251562, "GLOBALID": "bf9c25b7-795f-44c5-90ed-e6793b7e085e", "ARPT_COUNT": 1, "APT1_FAAID": "BFI", "APT1_ICAO": "KBFI", "APT1_NAME": "Boeing Fld/King County Intl", "APT1_LAANC": 1, "APT2_FAAID": "", "APT2_ICAO": "", "APT2_NAME": "", "APT2_LAANC": null, "APT3_FAAID": "", "APT3_ICAO": "", "APT3_NAME": "", "APT3_LAANC": null, "APT4_FAAID": "", "APT4_ICAO": "", "APT4_NAME": "", "APT4_LAANC": null, "APT5_FAAID": "", "APT5_ICAO": "", "APT5_NAME": "", "APT5_LAANC": null, "AIRS_COUNT": 1, "AIRSPACE_1": "D", "AIRSPACE_2": "", "AIRSPACE_3": "", "AIRSPACE_4": "", "AIRSPACE_5": "", "REGION": "Western", "APT1_Enabled": "107-AA,107-FC,44809-AA", "APT2_Enabled": "", "APT3_Enabled": "", "APT4_Enabled": "", "APT5_Enabled": "", "Shape__Length": null, "Shape__Area": null, "Shape__Area_2": 6.9444469772861339e-05, "Shape__Length_2": 0.033333339181353949 }, "geometry": { "type": "Polygon", "coordinates": [ [ [ -122.366682286499994, 47.58559085925237, 0.0 ], [ -122.360211604582005, 47.5856780132859, 0.0 ], [ -122.360269982446994, 47.587312454238898, 0.0 ], [ -122.358348952205006, 47.587936075932177, 0.0 ], [ -122.358348952205006, 47.583341498755999, 0.0 ], [ -122.366682286499994, 47.583341498755999, 0.0 ], [ -122.366682286499994, 47.58559085925237, 0.0 ] ] ] } },
{ "type": "Feature", "properties": { "OBJECTID": 238211, "CEILING": 100, "UNIT": "Feet", "MAP_EFF": "10/30/2025", "LAST_EDIT": "12/7/2017", "LATITUDE": 47.58750817, "LONGITUDE": -122.35418228, "GLOBALID": "c224b3f4-6df6-49c1-a23d-232988716c17", "ARPT_COUNT": 1, "APT1_FAAID": "BFI", "APT1_ICAO": "KBFI", "APT1_NAME": "Boeing Fld/King County Intl", "APT1_LAANC": 1, "APT2_FAAID": "", "APT2_ICAO": "", "APT2_NAME": "", "APT2_LAANC": null, "APT3_FAAID": "", "APT3_ICAO": "", "APT3_NAME": "", "APT3_LAANC": null, "APT4_FAAID": "", "APT4_ICAO": "", "APT4_NAME": "", "APT4_LAANC": null, "APT5_FAAID": "", "APT5_ICAO": "", "APT5_NAME": "", "APT5_LAANC": null, "AIRS_COUNT": 1, "AIRSPACE_1": "D", "AIRSPACE_2": "", "AIRSPACE_3": "", "AIRSPACE_4": "", "AIRSPACE_5": "", "REGION": "Western", "APT1_Enabled": "107-AA,107-FC,44809-AA", "APT2_Enabled": "", "APT3_Enabled": "", "APT4_Enabled": "", "APT5_Enabled": "", "Shape__Length": null, "Shape__Area": null, "Shape__Area_2": 6.9444477048818953e-05, "Shape__Length_2": 0.033333341181332798 }, "geometry": { "type": "Polygon", "coordinates": [ [ [ -122.358348952205006, 47.587936075932177, 0.0 ], [ -122.350015616909005, 47.590641316357015, 0.0 ], [ -122.350015616909005, 47.583341498755999, 0.0 ], [ -122.358348952205006, 47.583341498755999, 0.0 ], [ -122.358348952205006, 47.587936075932177, 0.0 ] ] ] } },
{ "type": "Feature", "properties": { "OBJECTID": 238210, "CEILING": 200, "UNIT": "Feet", "MAP_EFF": "10/30/2025", "LAST_EDIT": "12/7/2017", "LATITUDE": 47.58750817, "LONGITUDE": -122.37084895, "GLOBALID": "be471011-22b6-4d31-90aa-7741e42452bd", "ARPT_COUNT": 1, "APT1_FAAID": "BFI", "APT1_ICAO": "KBFI", "APT1_NAME": "Boeing Fld/King County Intl", "APT1_LAANC": 1, "APT2_FAAID": "", "APT2_ICAO": "", "APT2_NAME": "", "APT2_LAANC": null, "APT3_FAAID": "", "APT3_ICAO": "", "APT3_NAME": "", "APT3_LAANC": null, "APT4_FAAID": "", "APT4_ICAO": "", "APT4_NAME": "", "APT4_LAANC": null, "APT5_FAAID": "", "APT5_ICAO": "", "APT5_NAME": "", "APT5_LAANC": null, "AIRS_COUNT": 1, "AIRSPACE_1": "D", "AIRSPACE_2": "", "AIRSPACE_3": "", "AIRSPACE_4": "", "AIRSPACE_5": "", "REGION": "Western", "APT1_Enabled": "107-AA,107-FC,44809-AA", "APT2_Enabled": "", "APT3_Enabled": "", "APT4_Enabled": "", "APT5_Enabled": "", "Shape__Length": null, "Shape__Area": null, "Shape__Area_2": 6.9444477048818953e-05, "Shape__Length_2": 0.033333341181446485 }, "geometry": { "type": "Polygon", "coordinates": [ [ [ -122.375015621795001, 47.589120650987148, 0.0 ], [ -122.370199305889003, 47.585543488290597, 0.0 ], [ -122.366682286499994, 47.58559085925237, 0.0 ], [ -122.366682286499994, 47.583341498755999, 0.0 ], [ -122.375015621795001, 47.583341498755999, 0.0 ], [ -122.375015621795001, 47.589120650987148, 0.0 ] ] ] } },
{ "type": "Feature", "properties": { "OBJECTID": 238209, "CEILING": 200, "UNIT": "Feet", "MAP_EFF": "10/30/2025", "LAST_EDIT": "12/7/2017", "LATITUDE": 47.58750817, "LONGITUDE": -122.37918229, "GLOBALID": "3af33ca8-c1a3-45b0-bc48-ad383abd09d6", "ARPT_COUNT": 1, "APT1_FAAID": "BFI", "APT1_ICAO": "KBFI", "APT1_NAME": "Boeing Fld/King County Intl", "APT1_LAANC": 1, "APT2_FAAID": "", "APT2_ICAO": "", "APT2_NAME": "", "APT2_LAANC": null, "APT3_FAAID": "", "APT3_ICAO": "", "APT3_NAME": "", "APT3_LAANC": null, "APT4_FAAID": "", "APT4_ICAO": "", "APT4_NAME": "", "APT4_LAANC": null, "APT5_FAAID": "", "APT5_ICAO": "", "APT5_NAME": "", "APT5_LAANC": null, "AIRS_COUNT": 1, "AIRSPACE_1": "D", "AIRSPACE_2": "", "AIRSPACE_3": "", "AIRSPACE_4": "", "AIRSPACE_5": "", "REGION": "Western", "APT1_Enabled": "107-AA,107-FC,44809-AA", "APT2_Enabled": "", "APT3_Enabled": "", "APT4_Enabled": "", "APT5_Enabled": "", "Shape__Length": null, "Shape__Area": null, "Shape__Area_2": 6.9444477048818953e-05, "Shape__Length_2": 0.033333341181332798 }, "geometry": { "type": "Polygon", "coordinates": [ [ [ -122.383348957091002, 47.591674834051297, 0.0 ], [ -122.37794471276753, 47.591674834051297, 0.0 ], [ -122.375298532247001, 47.589330773565301, 0.0 ], [ -122.375015621795001, 47.589120650987148, 0.0 ], [ -122.375015621795001, 47.583341498755999, 0.0 ], [ -122.383348957091002, 47.583341498755999, 0.0 ], [ -122.383348957091002, 47.591674834051297, 0.0 ] ] ] } },
{ "type": "Feature", "properties": { "OBJECTID": 238207, "CEILING": 400, "UNIT": "Feet", "MAP_EFF": "10/30/2025", "LAST_EDIT": "12/7/2017", "LATITUDE": 47.58750817, "LONGITUDE": -122.39584896, "GLOBALID": "d8bc2f05-7313-4793-a056-ea1e955507b7", "ARPT_COUNT": 1, "APT1_FAAID": "BFI", "APT1_ICAO": "KBFI", "APT1_NAME": "Boeing Fld/King County Intl", "APT1_LAANC": 1, "APT2_FAAID": "", "APT2_ICAO": "", "APT2_NAME": "", "APT2_LAANC": null, "APT3_FAAID": "", "APT3_ICAO": "", "APT3_NAME": "", "APT3_LAANC": null, "APT4_FAAID": "", "APT4_ICAO": "", "APT4_NAME": "", "APT4_LAANC": null, "APT5_FAAID": "", "APT5_ICAO": "", "APT5_NAME": "", "APT5_LAANC": null, "AIRS_COUNT": 1, "AIRSPACE_1": "D", "AIRSPACE_2": "", "AIRSPACE_3": "", "AIRSPACE_4": "", "AIRSPACE_5": "", "REGION": "Western", "APT1_Enabled": "107-AA,107-FC,44809-AA", "APT2_Enabled": "", "APT3_Enabled": "", "APT4_Enabled": "", "APT5_Enabled": "", "Shape__Length": null, "Shape__Area": null, "Shape__Area_2": 6.9444468863366637e-05, "Shape__Length_2": 0.033333339181353949 }, "geometry": { "type": "Polygon", "coordinates": [ [ [ -122.400015626680997, 47.591201517042663, 0.0 ], [ -122.399407314709251, 47.591674834051297, 0.0 ], [ -122.391682292385994, 47.591674834051297, 0.0 ], [ -122.391682292385994, 47.583341498755999, 0.0 ], [ -122.400015626680997, 47.583341498755999, 0.0 ], [ -122.400015626680997, 47.591201517042663, 0.0 ] ] ] } },
{ "type": "Feature", "properties": { "OBJECTID": 238208, "CEILING": 400, "UNIT": "Feet", "MAP_EFF": "10/30/2025", "LAST_EDIT": "12/7/2017", "LATITUDE": 47.58750817, "LONGITUDE": -122.38751562, "GLOBALID": "cb25a4df-b438-4e5d-8987-890fee555193", "ARPT_COUNT": 1, "APT1_FAAID": "BFI", "APT1_ICAO": "KBFI", "APT1_NAME": "Boeing Fld/King County Intl", "APT1_LAANC": 1, "APT2_FAAID": "", "APT2_ICAO": "", "APT2_NAME": "", "APT2_LAANC": null, "APT3_FAAID": "", "APT3_ICAO": "", "APT3_NAME": "", "APT3_LAANC": null, "APT4_FAAID": "", "APT4_ICAO": "", "APT4_NAME": "", "APT4_LAANC": null, "APT5_FAAID": "", "APT5_ICAO": "", "APT5_NAME": "", "APT5_LAANC": null, "AIRS_COUNT": 1, "AIRSPACE_1": "D", "AIRSPACE_2": "", "AIRSPACE_3": "", "AIRSPACE_4": "", "AIRSPACE_5": "", "REGION": "Western", "APT1_Enabled": "107-AA,107-FC,44809-AA", "APT2_Enabled": "", "APT3_Enabled": "", "APT4_Enabled": "", "APT5_Enabled": "", "Shape__Length": null, "Shape__Area": null, "Shape__Area_2": 6.9444477048818953e-05, "Shape__Length_2": 0.033333341181332798 }, "geometry": { "type": "Polygon", "coordinates": [ [ [ -122.391682292385994, 47.591674834051297, 0.0 ], [ -122.383348957091002, 47.591674834051297, 0.0 ], [ -122.383348957091002, 47.583341498755999, 0.0 ], [ -122.391682292385994, 47.583341498755999, 0.0 ], [ -122.391682292385994, 47.591674834051297, 0.0 ] ] ] } },
{ "type": "Feature", "properties": { "OBJECTID": 238273, "CEILING": 400, "UNIT": "Feet", "MAP_EFF": "10/30/2025", "LAST_EDIT": "12/7/2017", "LATITUDE": 47.5958415, "LONGITUDE": -122.38751562, "GLOBALID": "fb5ec2eb-d295-48a2-8421-a88aed4756ef", "ARPT_COUNT": 1, "APT1_FAAID": "BFI", "APT1_ICAO": "KBFI", "APT1_NAME": "Boeing Fld/King County Intl", "APT1_LAANC": 1, "APT2_FAAID": "", "APT2_ICAO": "", "APT2_NAME": "", "APT2_LAANC": null, "APT3_FAAID": "", "APT3_ICAO": "", "APT3_NAME": "", "APT3_LAANC": null, "APT4_FAAID": "", "APT4_ICAO": "", "APT4_NAME": "", "APT4_LAANC": null, "APT5_FAAID": "", "APT5_ICAO": "", "APT5_NAME": "", "APT5_LAANC": null, "AIRS_COUNT": 1, "AIRSPACE_1": "D", "AIRSPACE_2": "", "AIRSPACE_3": "", "AIRSPACE_4": "", "AIRSPACE_5": "", "REGION": "Western", "APT1_Enabled": "107-AA,107-FC,44809-AA", "APT2_Enabled": "", "APT3_Enabled": "", "APT4_Enabled": "", "APT5_Enabled": "", "Shape__Length": null, "Shape__Area": null, "Shape__Area_2": 6.9444477958313655e-05, "Shape__Length_2": 0.033333341181446485 }, "geometry": { "type": "Polygon", "coordinates": [ [ [ -122.391682292385994, 47.597685540115862, 0.0 ], [ -122.389941892506002, 47.599039715117001, 0.0 ], [ -122.386229275732006, 47.599051205292, 0.0 ], [ -122.383348957091002, 47.596480994229509, 0.0 ], [ -122.383348957091002, 47.591674834051297, 0.0 ], [ -122.391682292385994, 47.591674834051297, 0.0 ], [ -122.391682292385994, 47.597685540115862, 0.0 ] ] ] } },
{ "type": "Feature", "properties": { "OBJECTID": 238274, "CEILING": 200, "UNIT": "Feet", "MAP_EFF": "10/30/2025", "LAST_EDIT": "12/7/2017", "LATITUDE": 47.5958415, "LONGITUDE": -122.37918229, "GLOBALID": "36a27384-8ef8-475b-8809-d0658a0a8b0e", "ARPT_COUNT": 1, "APT1_FAAID": "BFI", "APT1_ICAO": "KBFI", "APT1_NAME": "Boeing Fld/King County Intl", "APT1_LAANC": 1, "APT2_FAAID": "", "APT2_ICAO": "", "APT2_NAME": "", "APT2_LAANC": null, "APT3_FAAID": "", "APT3_ICAO": "", "APT3_NAME": "", "APT3_LAANC": null, "APT4_FAAID": "", "APT4_ICAO": "", "APT4_NAME": "", "APT4_LAANC": null, "APT5_FAAID": "", "APT5_ICAO": "", "APT5_NAME": "", "APT5_LAANC": null, "AIRS_COUNT": 1, "AIRSPACE_1": "D", "AIRSPACE_2": "", "AIRSPACE_3": "", "AIRSPACE_4": "", "AIRSPACE_5": "", "REGION": "Western", "APT1_Enabled": "107-AA,107-FC,44809-AA", "APT2_Enabled": "", "APT3_Enabled": "", "APT4_Enabled": "", "APT5_Enabled": "", "Shape__Length": null, "Shape__Area": null, "Shape__Area_2": 6.9444477048818953e-05, "Shape__Length_2": 0.033333341181446485 }, "geometry": { "type": "Polygon", "coordinates": [ [ [ -122.383348957091002, 47.596480994229509, 0.0 ], [ -122.380440153500004, 47.593885365030097, 0.0 ], [ -122.37794471276753, 47.591674834051297, 0.0 ], [ -122.383348957091002, 47.591674834051297, 0.0 ], [ -122.383348957091002, 47.596480994229509, 0.0 ] ] ] } },
{ "type": "Feature", "properties": { "OBJECTID": 237836, "CEILING": 200, "UNIT": "Feet", "MAP_EFF": "10/30/2025", "LAST_EDIT": "12/7/2017", "LATITUDE": 47.55417483, "LONGITUDE": -122.35418228, "GLOBALID": "84f896fe-5379-4bc2-968f-b84851c12d3d", "ARPT_COUNT": 1, "APT1_FAAID": "BFI", "APT1_ICAO": "KBFI", "APT1_NAME": "Boeing Fld/King County Intl", "APT1_LAANC": 1, "APT2_FAAID": "", "APT2_ICAO": "", "APT2_NAME": "", "APT2_LAANC": null, "APT3_FAAID": "", "APT3_ICAO": "", "APT3_NAME": "", "APT3_LAANC": null, "APT4_FAAID": "", "APT4_ICAO": "", "APT4_NAME": "", "APT4_LAANC": null, "APT5_FAAID": "", "APT5_ICAO": "", "APT5_NAME": "", "APT5_LAANC": null, "AIRS_COUNT": 1, "AIRSPACE_1": "D", "AIRSPACE_2": "", "AIRSPACE_3": "", "AIRSPACE_4": "", "AIRSPACE_5": "", "REGION": "Western", "APT1_Enabled": "107-AA,107-FC,44809-AA", "APT2_Enabled": "", "APT3_Enabled": "", "APT4_Enabled": "", "APT5_Enabled": "", "Shape__Length": null, "Shape__Area": null, "Shape__Area_2": 6.9444477048818953e-05, "Shape__Length_2": 0.033333341181446485 }, "geometry": { "type": "Polygon", "coordinates": [ [ [ -122.358348952205006, 47.558341493870003, 0.0 ], [ -122.350015616909005, 47.558341493870003, 0.0 ], [ -122.350015616909005, 47.550008158574599, 0.0 ], [ -122.358348952205006, 47.550008158574599, 0.0 ], [ -122.358348952205006, 47.558341493870003, 0.0 ] ] ] } },
{ "type": "Feature", "properties": { "OBJECTID": 237952, "CEILING": 150, "UNIT": "Feet", "MAP_EFF": "10/30/2025", "LAST_EDIT": "12/7/2017", "LATITUDE": 47.56250816, "LONGITUDE": -122.34584895, "GLOBALID": "6549bd49-380c-4125-b3d8-ccf3c1960796", "ARPT_COUNT": 1, "APT1_FAAID": "BFI", "APT1_ICAO": "KBFI", "APT1_NAME": "Boeing Fld/King County Intl", "APT1_LAANC": 1, "APT2_FAAID": "", "APT2_ICAO": "", "APT2_NAME": "", "APT2_LAANC": null, "APT3_FAAID": "", "APT3_ICAO": "", "APT3_NAME": "", "APT3_LAANC": null, "APT4_FAAID": "", "APT4_ICAO": "", "APT4_NAME": "", "APT4_LAANC": null, "APT5_FAAID": "", "APT5_ICAO": "", "APT5_NAME": "", "APT5_LAANC": null, "AIRS_COUNT": 1, "AIRSPACE_1": "D", "AIRSPACE_2": "", "AIRSPACE_3": "", "AIRSPACE_4": "", "AIRSPACE_5": "", "REGION": "Western", "APT1_Enabled": "107-AA,107-FC,44809-AA", "APT2_Enabled": "", "APT3_Enabled": "", "APT4_Enabled": "", "APT5_Enabled": "", "Shape__Length": null, "Shape__Area": null, "Shape__Area_2": 6.9444477048818953e-05, "Shape__Length_2": 0.033333341181332798 }, "geometry": { "type": "Polygon", "coordinates": [ [ [ -122.350015616909005, 47.566674829165301, 0.0 ], [ -122.341682281613998, 47.566674829165301, 0.0 ], [ -122.341682281613998, 47.558341493870003, 0.0 ], [ -122.350015616909005, 47.558341493870003, 0.0 ], [ -122.350015616909005, 47.566674829165301, 0.0 ] ] ] } },
{ "type": "Feature", "properties": { "OBJECTID": 237951, "CEILING": 200, "UNIT": "Feet", "MAP_EFF": "10/30/2025", "LAST_EDIT": "12/7/2017", "LATITUDE": 47.56250816, "LONGITUDE": -122.35418228, "GLOBALID": "6c360e8f-2b38-498a-abb7-bf2c84d0be58", "ARPT_COUNT": 1, "APT1_FAAID": "BFI", "APT1_ICAO": "KBFI", "APT1_NAME": "Boeing Fld/King County Intl", "APT1_LAANC": 1, "APT2_FAAID": "", "APT2_ICAO": "", "APT2_NAME": "", "APT2_LAANC": null, "APT3_FAAID": "", "APT3_ICAO": "", "APT3_NAME": "", "APT3_LAANC": null, "APT4_FAAID": "", "APT4_ICAO": "", "APT4_NAME": "", "APT4_LAANC": null, "APT5_FAAID": "", "APT5_ICAO": "", "APT5_NAME": "", "APT5_LAANC": null, "AIRS_COUNT": 1, "AIRSPACE_1": "D", "AIRSPACE_2": "", "AIRSPACE_3": "", "AIRSPACE_4": "", "AIRSPACE_5": "", "REGION": "Western", "APT1_Enabled": "107-AA,107-FC,44809-AA", "APT2_Enabled": "", "APT3_Enabled": "", "APT4_Enabled": "", "APT5_Enabled": "", "Shape__Length": null, "Shape__Area": null, "Shape__Area_2": 6.9444477048818953e-05, "Shape__Length_2": 0.033333341181332798 }, "geometry": { "type": "Polygon", "coordinates": [ [ [ -122.358348952205006, 47.566674829165301, 0.0 ], [ -122.350015616909005, 47.566674829165301, 0.0 ], [ -122.350015616909005, 47.558341493870003, 0.0 ], [ -122.358348952205006, 47.558341493870003, 0.0 ], [ -122.358348952205006, 47.566674829165301, 0.0 ] ] ] } },
{ "type": "Feature", "properties": { "OBJECTID": 237953, "CEILING": 150, "UNIT": "Feet", "MAP_EFF": "10/30/2025", "LAST_EDIT": "12/7/2017", "LATITUDE": 47.56250816, "LONGITUDE": -122.33751561000001, "GLOBALID": "8bcccd54-1ca8-4c52-8a4e-41f0b4479922", "ARPT_COUNT": 1, "APT1_FAAID": "BFI", "APT1_ICAO": "KBFI", "APT1_NAME": "Boeing Fld/King County Intl", "APT1_LAANC": 1, "APT2_FAAID": "", "APT2_ICAO": "", "APT2_NAME": "", "APT2_LAANC": null, "APT3_FAAID": "", "APT3_ICAO": "", "APT3_NAME": "", "APT3_LAANC": null, "APT4_FAAID": "", "APT4_ICAO": "", "APT4_NAME": "", "APT4_LAANC": null, "APT5_FAAID": "", "APT5_ICAO": "", "APT5_NAME": "", "APT5_LAANC": null, "AIRS_COUNT": 1, "AIRSPACE_1": "D", "AIRSPACE_2": "", "AIRSPACE_3": "", "AIRSPACE_4": "", "AIRSPACE_5": "", "REGION": "Western", "APT1_Enabled": "107-AA,107-FC,44809-AA", "APT2_Enabled": "", "APT3_Enabled": "", "APT4_Enabled": "", "APT5_Enabled": "", "Shape__Length": null, "Shape__Area": null, "Shape__Area_2": 6.9444467953871936e-05, "Shape__Length_2": 0.033333339181353949 }, "geometry": { "type": "Polygon", "coordinates": [ [ [ -122.341682281613998, 47.566674829165301, 0.0 ], [ -122.333348947318996, 47.566674829165301, 0.0 ], [ -122.333348947318996, 47.558341493870003, 0.0 ], [ -122.341682281613998, 47.558341493870003, 0.0 ], [ -122.341682281613998, 47.566674829165301, 0.0 ] ] ] } },
{ "type": "Feature", "properties": { "OBJECTID": 238050, "CEILING": 200, "UNIT": "Feet", "MAP_EFF": "10/30/2025", "LAST_EDIT": "12/7/2017", "LATITUDE": 47.5708415, "LONGITUDE": -122.34584895, "GLOBALID": "f55ca6b4-61f5-4db0-81f9-13fb49f1e9cd", "ARPT_COUNT": 1, "APT1_FAAID": "BFI", "APT1_ICAO": "KBFI", "APT1_NAME": "Boeing Fld/King County Intl", "APT1_LAANC": 1, "APT2_FAAID": "", "APT2_ICAO": "", "APT2_NAME": "", "APT2_LAANC": null, "APT3_FAAID": "", "APT3_ICAO": "", "APT3_NAME": "", "APT3_LAANC": null, "APT4_FAAID": "", "APT4_ICAO": "", "APT4_NAME": "", "APT4_LAANC": null, "APT5_FAAID": "", "APT5_ICAO": "", "APT5_NAME": "", "APT5_LAANC": null, "AIRS_COUNT": 1, "AIRSPACE_1": "D", "AIRSPACE_2": "", "AIRSPACE_3": "", "AIRSPACE_4": "", "AIRSPACE_5": "", "REGION": "Western", "APT1_Enabled": "107-AA,107-FC,44809-AA", "APT2_Enabled": "", "APT3_Enabled": "", "APT4_Enabled": "", "APT5_Enabled": "", "Shape__Length": null, "Shape__Area": null, "Shape__Area_2": 6.9444477048818953e-05, "Shape__Length_2": 0.033333341181332798 }, "geometry": { "type": "Polygon", "coordinates": [ [ [ -122.350015616909005, 47.575008164460698, 0.0 ], [ -122.341682281613998, 47.575008164460698, 0.0 ], [ -122.341682281613998, 47.566674829165301, 0.0 ], [ -122.350015616909005, 47.566674829165301, 0.0 ], [ -122.350015616909005, 47.575008164460698, 0.0 ] ] ] } },
{ "type": "Feature", "properties": { "OBJECTID": 238051, "CEILING": 200, "UNIT": "Feet", "MAP_EFF": "10/30/2025", "LAST_EDIT": "12/7/2017", "LATITUDE": 47.5708415, "LONGITUDE": -122.33751561000001, "GLOBALID": "b96ea260-dfcb-4e58-9637-46429d52ecda", "ARPT_COUNT": 1, "APT1_FAAID": "BFI", "APT1_ICAO": "KBFI", "APT1_NAME": "Boeing Fld/King County Intl", "APT1_LAANC": 1, "APT2_FAAID": "", "APT2_ICAO": "", "APT2_NAME": "", "APT2_LAANC": null, "APT3_FAAID": "", "APT3_ICAO": "", "APT3_NAME": "", "APT3_LAANC": null, "APT4_FAAID": "", "APT4_ICAO": "", "APT4_NAME": "", "APT4_LAANC": null, "APT5_FAAID": "", "APT5_ICAO": "", "APT5_NAME": "", "APT5_LAANC": null, "AIRS_COUNT": 1, "AIRSPACE_1": "D", "AIRSPACE_2": "", "AIRSPACE_3": "", "AIRSPACE_4": "", "AIRSPACE_5": "", "REGION": "Western", "APT1_Enabled": "107-AA,107-FC,44809-AA", "APT2_Enabled": "", "APT3_Enabled": "", "APT4_Enabled": "", "APT5_Enabled": "", "Shape__Length": null, "Shape__Area": null, "Shape__Area_2": 6.9444469772861339e-05, "Shape__Length_2": 0.033333339181353949 }, "geometry": { "type": "Polygon", "coordinates": [ [ [ -122.341682281613998, 47.575008164460698, 0.0 ], [ -122.333348947318996, 47.575008164460698, 0.0 ], [ -122.333348947318996, 47.566674829165301, 0.0 ], [ -122.341682281613998, 47.566674829165301, 0.0 ], [ -122.341682281613998, 47.575008164460698, 0.0 ] ] ] } },
{ "type": "Feature", "properties": { "OBJECTID": 238049, "CEILING": 200, "UNIT": "Feet", "MAP_EFF": "10/30/2025", "LAST_EDIT": "12/7/2017", "LATITUDE": 47.5708415, "LONGITUDE": -122.35418228, "GLOBALID": "e3a08b8f-3814-4b7e-9981-f17bdaa35b1e", "ARPT_COUNT": 1, "APT1_FAAID": "BFI", "APT1_ICAO": "KBFI", "APT1_NAME": "Boeing Fld/King County Intl", "APT1_LAANC": 1, "APT2_FAAID": "", "APT2_ICAO": "", "APT2_NAME": "", "APT2_LAANC": null, "APT3_FAAID": "", "APT3_ICAO": "", "APT3_NAME": "", "APT3_LAANC": null, "APT4_FAAID": "", "APT4_ICAO": "", "APT4_NAME": "", "APT4_LAANC": null, "APT5_FAAID": "", "APT5_ICAO": "", "APT5_NAME": "", "APT5_LAANC": null, "AIRS_COUNT": 1, "AIRSPACE_1": "D", "AIRSPACE_2": "", "AIRSPACE_3": "", "AIRSPACE_4": "", "AIRSPACE_5": "", "REGION": "Western", "APT1_Enabled": "107-AA,107-FC,44809-AA", "APT2_Enabled": "", "APT3_Enabled": "", "APT4_Enabled": "", "APT5_Enabled": "", "Shape__Length": null, "Shape__Area": null, "Shape__Area_2": 6.9444477048818953e-05, "Shape__Length_2": 0.033333341181332798 }, "geometry": { "type": "Polygon", "coordinates": [ [ [ -122.358348952205006, 47.575008164460698, 0.0 ], [ -122.350015616909005, 47.575008164460698, 0.0 ], [ -122.350015616909005, 47.566674829165301, 0.0 ], [ -122.358348952205006, 47.566674829165301, 0.0 ], [ -122.358348952205006, 47.575008164460698, 0.0 ] ] ] } },
{ "type": "Feature", "properties": { "OBJECTID": 238144, "CEILING": 200, "UNIT": "Feet", "MAP_EFF": "10/30/2025", "LAST_EDIT": "12/7/2017", "LATITUDE": 47.57917483, "LONGITUDE": -122.34584895, "GLOBALID": "1ac64c73-7d7c-43a7-a97d-f650ce87ca8d", "ARPT_COUNT": 1, "APT1_FAAID": "BFI", "APT1_ICAO": "KBFI", "APT1_NAME": "Boeing Fld/King County Intl", "APT1_LAANC": 1, "APT2_FAAID": "", "APT2_ICAO": "", "APT2_NAME": "", "APT2_LAANC": null, "APT3_FAAID": "", "APT3_ICAO": "", "APT3_NAME": "", "APT3_LAANC": null, "APT4_FAAID": "", "APT4_ICAO": "", "APT4_NAME": "", "APT4_LAANC": null, "APT5_FAAID": "", "APT5_ICAO": "", "APT5_NAME": "", "APT5_LAANC": null, "AIRS_COUNT": 1, "AIRSPACE_1": "D", "AIRSPACE_2": "", "AIRSPACE_3": "", "AIRSPACE_4": "", "AIRSPACE_5": "", "REGION": "Western", "APT1_Enabled": "107-AA,107-FC,44809-AA", "APT2_Enabled": "", "APT3_Enabled": "", "APT4_Enabled": "", "APT5_Enabled": "", "Shape__Length": null, "Shape__Area": null, "Shape__Area_2": 6.9444468863366637e-05, "Shape__Length_2": 0.033333339181353949 }, "geometry": { "type": "Polygon", "coordinates": [ [ [ -122.350015616909005, 47.583341498755999, 0.0 ], [ -122.341682281613998, 47.583341498755999, 0.0 ], [ -122.341682281613998, 47.575008164460698, 0.0 ], [ -122.350015616909005, 47.575008164460698, 0.0 ], [ -122.350015616909005, 47.583341498755999, 0.0 ] ] ] } },
{ "type": "Feature", "properties": { "OBJECTID": 238145, "CEILING": 200, "UNIT": "Feet", "MAP_EFF": "10/30/2025", "LAST_EDIT": "12/7/2017", "LATITUDE": 47.57917483, "LONGITUDE": -122.33751561000001, "GLOBALID": "931d294b-9a20-4a25-adff-bab25e5d7d29", "ARPT_COUNT": 1, "APT1_FAAID": "BFI", "APT1_ICAO": "KBFI", "APT1_NAME": "Boeing Fld/King County Intl", "APT1_LAANC": 1, "APT2_FAAID": "", "APT2_ICAO": "", "APT2_NAME": "", "APT2_LAANC": null, "APT3_FAAID": "", "APT3_ICAO": "", "APT3_NAME": "", "APT3_LAANC": null, "APT4_FAAID": "", "APT4_ICAO": "", "APT4_NAME": "", "APT4_LAANC": null, "APT5_FAAID": "", "APT5_ICAO": "", "APT5_NAME": "", "APT5_LAANC": null, "AIRS_COUNT": 1, "AIRSPACE_1": "D", "AIRSPACE_2": "", "AIRSPACE_3": "", "AIRSPACE_4": "", "AIRSPACE_5": "", "REGION": "Western", "APT1_Enabled": "107-AA,107-FC,44809-AA", "APT2_Enabled": "", "APT3_Enabled": "", "APT4_Enabled": "", "APT5_Enabled": "", "Shape__Length": null, "Shape__Area": null, "Shape__Area_2": 6.9444460677914321e-05, "Shape__Length_2": 0.0333333371813751 }, "geometry": { "type": "Polygon", "coordinates": [ [ [ -122.341682281613998, 47.583341498755999, 0.0 ], [ -122.333348947318996, 47.583341498755999, 0.0 ], [ -122.333348947318996, 47.575008164460698, 0.0 ], [ -122.341682281613998, 47.575008164460698, 0.0 ], [ -122.341682281613998, 47.583341498755999, 0.0 ] ] ] } },
{ "type": "Feature", "properties": { "OBJECTID": 238212, "CEILING": 100, "UNIT": "Feet", "MAP_EFF": "10/30/2025", "LAST_EDIT": "12/7/2017", "LATITUDE": 47.58750817, "LONGITUDE": -122.34584895, "GLOBALID": "2c4ababb-f0d3-4752-a067-62885c9f78a0", "ARPT_COUNT": 1, "APT1_FAAID": "BFI", "APT1_ICAO": "KBFI", "APT1_NAME": "Boeing Fld/King County Intl", "APT1_LAANC": 1, "APT2_FAAID": "", "APT2_ICAO": "", "APT2_NAME": "", "APT2_LAANC": null, "APT3_FAAID": "", "APT3_ICAO": "", "APT3_NAME": "", "APT3_LAANC": null, "APT4_FAAID": "", "APT4_ICAO": "", "APT4_NAME": "", "APT4_LAANC": null, "APT5_FAAID": "", "APT5_ICAO": "", "APT5_NAME": "", "APT5_LAANC": null, "AIRS_COUNT": 1, "AIRSPACE_1": "D", "AIRSPACE_2": "", "AIRSPACE_3": "", "AIRSPACE_4": "", "AIRSPACE_5": "", "REGION": "Western", "APT1_Enabled": "107-AA,107-FC,44809-AA", "APT2_Enabled": "", "APT3_Enabled": "", "APT4_Enabled": "", "APT5_Enabled": "", "Shape__Length": null, "Shape__Area": null, "Shape__Area_2": 6.9444477048818953e-05, "Shape__Length_2": 0.033333341181332798 }, "geometry": { "type": "Polygon", "coordinates": [ [ [ -122.350015616909005, 47.590641316357015, 0.0 ], [ -122.346831925950639, 47.591674834051297, 0.0 ], [ -122.341682281613998, 47.591674834051297, 0.0 ], [ -122.341682281613998, 47.583341498755999, 0.0 ], [ -122.350015616909005, 47.583341498755999, 0.0 ], [ -122.350015616909005, 47.590641316357015, 0.0 ] ] ] } },
{ "type": "Feature", "properties": { "OBJECTID": 238054, "CEILING": 300, "UNIT": "Feet", "MAP_EFF": "10/30/2025", "LAST_EDIT": "12/7/2017", "LATITUDE": 47.5708415, "LONGITUDE": -122.31251561000001, "GLOBALID": "75fb94cc-3001-4e44-b60b-298d866314f7", "ARPT_COUNT": 1, "APT1_FAAID": "BFI", "APT1_ICAO": "KBFI", "APT1_NAME": "Boeing Fld/King County Intl", "APT1_LAANC": 1, "APT2_FAAID": "", "APT2_ICAO": "", "APT2_NAME": "", "APT2_LAANC": null, "APT3_FAAID": "", "APT3_ICAO": "", "APT3_NAME": "", "APT3_LAANC": null, "APT4_FAAID": "", "APT4_ICAO": "", "APT4_NAME": "", "APT4_LAANC": null, "APT5_FAAID": "", "APT5_ICAO": "", "APT5_NAME": "", "APT5_LAANC": null, "AIRS_COUNT": 1, "AIRSPACE_1": "D", "AIRSPACE_2": "", "AIRSPACE_3": "", "AIRSPACE_4": "", "AIRSPACE_5": "", "REGION": "Western", "APT1_Enabled": "107-AA,107-FC,44809-AA", "APT2_Enabled": "", "APT3_Enabled": "", "APT4_Enabled": "", "APT5_Enabled": "", "Shape__Length": null, "Shape__Area": null, "Shape__Area_2": 6.9444467953871936e-05, "Shape__Length_2": 0.033333339181353949 }, "geometry": { "type": "Polygon", "coordinates": [ [ [ -122.316682276728002, 47.575008164460698, 0.0 ], [ -122.308348942433, 47.575008164460698, 0.0 ], [ -122.308348942433, 47.566674829165301, 0.0 ], [ -122.316682276728002, 47.566674829165301, 0.0 ], [ -122.316682276728002, 47.575008164460698, 0.0 ] ] ] } },
{ "type": "Feature", "properties": { "OBJECTID": 238052, "CEILING": 200, "UNIT": "Feet", "MAP_EFF": "10/30/2025", "LAST_EDIT": "12/7/2017", "LATITUDE": 47.5708415, "LONGITUDE": -122.32918228, "GLOBALID": "48687657-8ddf-4745-9c31-8d2d1e6e306d", "ARPT_COUNT": 1, "APT1_FAAID": "BFI", "APT1_ICAO": "KBFI", "APT1_NAME": "Boeing Fld/King County Intl", "APT1_LAANC": 1, "APT2_FAAID": "", "APT2_ICAO": "", "APT2_NAME": "", "APT2_LAANC": null, "APT3_FAAID": "", "APT3_ICAO": "", "APT3_NAME": "", "APT3_LAANC": null, "APT4_FAAID": "", "APT4_ICAO": "", "APT4_NAME": "", "APT4_LAANC": null, "APT5_FAAID": "", "APT5_ICAO": "", "APT5_NAME": "", "APT5_LAANC": null, "AIRS_COUNT": 1, "AIRSPACE_1": "D", "AIRSPACE_2": "", "AIRSPACE_3": "", "AIRSPACE_4": "", "AIRSPACE_5": "", "REGION": "Western", "APT1_Enabled": "107-AA,107-FC,44809-AA", "APT2_Enabled": "", "APT3_Enabled": "", "APT4_Enabled": "", "APT5_Enabled": "", "Shape__Length": null, "Shape__Area": null, "Shape__Area_2": 6.9444477048818953e-05, "Shape__Length_2": 0.033333341181332798 }, "geometry": { "type": "Polygon", "coordinates": [ [ [ -122.333348947318996, 47.575008164460698, 0.0 ], [ -122.325015612022995, 47.575008164460698, 0.0 ], [ -122.325015612022995, 47.566674829165301, 0.0 ], [ -122.333348947318996, 47.566674829165301, 0.0 ], [ -122.333348947318996, 47.575008164460698, 0.0 ] ] ] } },
{ "type": "Feature", "properties": { "OBJECTID": 238053, "CEILING": 200, "UNIT": "Feet", "MAP_EFF": "10/30/2025", "LAST_EDIT": "12/7/2017", "LATITUDE": 47.5708415, "LONGITUDE": -122.32084894, "GLOBALID": "b691ae22-806b-447e-ac79-1455d5d4574b", "ARPT_COUNT": 1, "APT1_FAAID": "BFI", "APT1_ICAO": "KBFI", "APT1_NAME": "Boeing Fld/King County Intl", "APT1_LAANC": 1, "APT2_FAAID": "", "APT2_ICAO": "", "APT2_NAME": "", "APT2_LAANC": null, "APT3_FAAID": "", "APT3_ICAO": "", "APT3_NAME": "", "APT3_LAANC": null, "APT4_FAAID": "", "APT4_ICAO": "", "APT4_NAME": "", "APT4_LAANC": null, "APT5_FAAID": "", "APT5_ICAO": "", "APT5_NAME": "", "APT5_LAANC": null, "AIRS_COUNT": 1, "AIRSPACE_1": "D", "AIRSPACE_2": "", "AIRSPACE_3": "", "AIRSPACE_4": "", "AIRSPACE_5": "", "REGION": "Western", "APT1_Enabled": "107-AA,107-FC,44809-AA", "APT2_Enabled": "", "APT3_Enabled": "", "APT4_Enabled": "", "APT5_Enabled": "", "Shape__Length": null, "Shape__Area": null, "Shape__Area_2": 6.9444477048818953e-05, "Shape__Length_2": 0.033333341181446485 }, "geometry": { "type": "Polygon", "coordinates": [ [ [ -122.325015612022995, 47.575008164460698, 0.0 ], [ -122.316682276728002, 47.575008164460698, 0.0 ], [ -122.316682276728002, 47.566674829165301, 0.0 ], [ -122.325015612022995, 47.566674829165301, 0.0 ], [ -122.325015612022995, 47.575008164460698, 0.0 ] ] ] } },
{ "type": "Feature", "properties": { "OBJECTID": 238146, "CEILING": 200, "UNIT": "Feet", "MAP_EFF": "10/30/2025", "LAST_EDIT": "12/7/2017", "LATITUDE": 47.57917483, "LONGITUDE": -122.32918228, "GLOBALID": "cdd7ebc4-b287-43f1-959e-90c0da491029", "ARPT_COUNT": 1, "APT1_FAAID": "BFI", "APT1_ICAO": "KBFI", "APT1_NAME": "Boeing Fld/King County Intl", "APT1_LAANC": 1, "APT2_FAAID": "", "APT2_ICAO": "", "APT2_NAME": "", "APT2_LAANC": null, "APT3_FAAID": "", "APT3_ICAO": "", "APT3_NAME": "", "APT3_LAANC": null, "APT4_FAAID": "", "APT4_ICAO": "", "APT4_NAME": "", "APT4_LAANC": null, "APT5_FAAID": "", "APT5_ICAO": "", "APT5_NAME": "", "APT5_LAANC": null, "AIRS_COUNT": 1, "AIRSPACE_1": "D", "AIRSPACE_2": "", "AIRSPACE_3": "", "AIRSPACE_4": "", "AIRSPACE_5": "", "REGION": "Western", "APT1_Enabled": "107-AA,107-FC,44809-AA", "APT2_Enabled": "", "APT3_Enabled": "", "APT4_Enabled": "", "APT5_Enabled": "", "Shape__Length": null, "Shape__Area": null, "Shape__Area_2": 6.9444468863366637e-05, "Shape__Length_2": 0.033333339181353949 }, "geometry": { "type": "Polygon", "coordinates": [ [ [ -122.333348947318996, 47.583341498755999, 0.0 ], [ -122.325015612022995, 47.583341498755999, 0.0 ], [ -122.325015612022995, 47.575008164460698, 0.0 ], [ -122.333348947318996, 47.575008164460698, 0.0 ], [ -122.333348947318996, 47.583341498755999, 0.0 ] ] ] } },
{ "type": "Feature", "properties": { "OBJECTID": 360830, "CEILING": 200, "UNIT": "Feet", "MAP_EFF": "10/30/2025", "LAST_EDIT": "12/7/2017", "LATITUDE": 47.57917483, "LONGITUDE": -122.32084894, "GLOBALID": "a7023aee-e839-4692-a1e6-b7c636b8e2c7", "ARPT_COUNT": 1, "APT1_FAAID": "BFI", "APT1_ICAO": "KBFI", "APT1_NAME": "Boeing Fld/King County Intl", "APT1_LAANC": 1, "APT2_FAAID": "", "APT2_ICAO": "", "APT2_NAME": "", "APT2_LAANC": null, "APT3_FAAID": "", "APT3_ICAO": "", "APT3_NAME": "", "APT3_LAANC": null, "APT4_FAAID": "", "APT4_ICAO": "", "APT4_NAME": "", "APT4_LAANC": null, "APT5_FAAID": "", "APT5_ICAO": "", "APT5_NAME": "", "APT5_LAANC": null, "AIRS_COUNT": 1, "AIRSPACE_1": "D", "AIRSPACE_2": "", "AIRSPACE_3": "", "AIRSPACE_4": "", "AIRSPACE_5": "", "REGION": "Western", "APT1_Enabled": "107-AA,107-FC,44809-AA", "APT2_Enabled": "", "APT3_Enabled": "", "APT4_Enabled": "", "APT5_Enabled": "", "Shape__Length": null, "Shape__Area": null, "Shape__Area_2": 6.9444468863366637e-05, "Shape__Length_2": 0.033333339181467636 }, "geometry": { "type": "Polygon", "coordinates": [ [ [ -122.325015612022995, 47.583341498755999, 0.0 ], [ -122.316682276728002, 47.583341498755999, 0.0 ], [ -122.316682276728002, 47.575008164460698, 0.0 ], [ -122.325015612022995, 47.575008164460698, 0.0 ], [ -122.325015612022995, 47.583341498755999, 0.0 ] ] ] } },
{ "type": "Feature", "properties": { "OBJECTID": 238147, "CEILING": 300, "UNIT": "Feet", "MAP_EFF": "10/30/2025", "LAST_EDIT": "12/7/2017", "LATITUDE": 47.57917483, "LONGITUDE": -122.31251561000001, "GLOBALID": "15bc2212-283b-4b4f-984f-ac8db3bc4273", "ARPT_COUNT": 1, "APT1_FAAID": "BFI", "APT1_ICAO": "KBFI", "APT1_NAME": "Boeing Fld/King County Intl", "APT1_LAANC": 1, "APT2_FAAID": "", "APT2_ICAO": "", "APT2_NAME": "", "APT2_LAANC": null, "APT3_FAAID": "", "APT3_ICAO": "", "APT3_NAME": "", "APT3_LAANC": null, "APT4_FAAID": "", "APT4_ICAO": "", "APT4_NAME": "", "APT4_LAANC": null, "APT5_FAAID": "", "APT5_ICAO": "", "APT5_NAME": "", "APT5_LAANC": null, "AIRS_COUNT": 1, "AIRSPACE_1": "D", "AIRSPACE_2": "", "AIRSPACE_3": "", "AIRSPACE_4": "", "AIRSPACE_5": "", "REGION": "Western", "APT1_Enabled": "107-AA,107-FC,44809-AA", "APT2_Enabled": "", "APT3_Enabled": "", "APT4_Enabled": "", "APT5_Enabled": "", "Shape__Length": null, "Shape__Area": null, "Shape__Area_2": 6.9444460677914321e-05, "Shape__Length_2": 0.0333333371813751 }, "geometry": { "type": "Polygon", "coordinates": [ [ [ -122.316682276728002, 47.583341498755999, 0.0 ], [ -122.308348942433, 47.583341498755999, 0.0 ], [ -122.308348942433, 47.575008164460698, 0.0 ], [ -122.316682276728002, 47.575008164460698, 0.0 ], [ -122.316682276728002, 47.583341498755999, 0.0 ] ] ] } },
{ "type": "Feature", "properties": { "OBJECTID": 238215, "CEILING": 100, "UNIT": "Feet", "MAP_EFF": "10/30/2025", "LAST_EDIT": "12/7/2017", "LATITUDE": 47.58750817, "LONGITUDE": -122.32084894, "GLOBALID": "aa96ac89-9bd2-48b6-8d17-153aac73b1f3", "ARPT_COUNT": 1, "APT1_FAAID": "BFI", "APT1_ICAO": "KBFI", "APT1_NAME": "Boeing Fld/King County Intl", "APT1_LAANC": 1, "APT2_FAAID": "", "APT2_ICAO": "", "APT2_NAME": "", "APT2_LAANC": null, "APT3_FAAID": "", "APT3_ICAO": "", "APT3_NAME": "", "APT3_LAANC": null, "APT4_FAAID": "", "APT4_ICAO": "", "APT4_NAME": "", "APT4_LAANC": null, "APT5_FAAID": "", "APT5_ICAO": "", "APT5_NAME": "", "APT5_LAANC": null, "AIRS_COUNT": 1, "AIRSPACE_1": "D", "AIRSPACE_2": "", "AIRSPACE_3": "", "AIRSPACE_4": "", "AIRSPACE_5": "", "REGION": "Western", "APT1_Enabled": "107-AA,107-FC,44809-AA", "APT2_Enabled": "", "APT3_Enabled": "", "APT4_Enabled": "", "APT5_Enabled": "", "Shape__Length": null, "Shape__Area": null, "Shape__Area_2": 6.9444477048818953e-05, "Shape__Length_2": 0.033333341181446485 }, "geometry": { "type": "Polygon", "coordinates": [ [ [ -122.325015612022995, 47.591674834051297, 0.0 ], [ -122.316682276728002, 47.591674834051297, 0.0 ], [ -122.316682276728002, 47.583341498755999, 0.0 ], [ -122.325015612022995, 47.583341498755999, 0.0 ], [ -122.325015612022995, 47.591674834051297, 0.0 ] ] ] } },
{ "type": "Feature", "properties": { "OBJECTID": 238279, "CEILING": 100, "UNIT": "Feet", "MAP_EFF": "10/30/2025", "LAST_EDIT": "12/7/2017", "LATITUDE": 47.5958415, "LONGITUDE": -122.32918228, "GLOBALID": "f831c3f7-a591-46c2-aee5-da652681f53a", "ARPT_COUNT": 1, "APT1_FAAID": "BFI", "APT1_ICAO": "KBFI", "APT1_NAME": "Boeing Fld/King County Intl", "APT1_LAANC": 1, "APT2_FAAID": "", "APT2_ICAO": "", "APT2_NAME": "", "APT2_LAANC": null, "APT3_FAAID": "", "APT3_ICAO": "", "APT3_NAME": "", "APT3_LAANC": null, "APT4_FAAID": "", "APT4_ICAO": "", "APT4_NAME": "", "APT4_LAANC": null, "APT5_FAAID": "", "APT5_ICAO": "", "APT5_NAME": "", "APT5_LAANC": null, "AIRS_COUNT": 1, "AIRSPACE_1": "D", "AIRSPACE_2": "", "AIRSPACE_3": "", "AIRSPACE_4": "", "AIRSPACE_5": "", "REGION": "Western", "APT1_Enabled": "107-AA,107-FC,44809-AA", "APT2_Enabled": "", "APT3_Enabled": "", "APT4_Enabled": "", "APT5_Enabled": "", "Shape__Length": null, "Shape__Area": null, "Shape__Area_2": 6.9444477048818953e-05, "Shape__Length_2": 0.033333341181446485 }, "geometry": { "type": "Polygon", "coordinates": [ [ [ -122.333348947318996, 47.600008169346701, 0.0 ], [ -122.325015612022995, 47.600008169346701, 0.0 ], [ -122.325015612022995, 47.591674834051297, 0.0 ], [ -122.333348947318996, 47.591674834051297, 0.0 ], [ -122.333348947318996, 47.600008169346701, 0.0 ] ] ] } },
{ "type": "Feature", "properties": { "OBJECTID": 238281, "CEILING": 300, "UNIT": "Feet", "MAP_EFF": "10/30/2025", "LAST_EDIT": "12/7/2017", "LATITUDE": 47.5958415, "LONGITUDE": -122.31251561000001, "GLOBALID": "1b966979-f741-44dc-81fd-2859e2a007b4", "ARPT_COUNT": 1, "APT1_FAAID": "BFI", "APT1_ICAO": "KBFI", "APT1_NAME": "Boeing Fld/King County Intl", "APT1_LAANC": 1, "APT2_FAAID": "", "APT2_ICAO": "", "APT2_NAME": "", "APT2_LAANC": null, "APT3_FAAID": "", "APT3_ICAO": "", "APT3_NAME": "", "APT3_LAANC": null, "APT4_FAAID": "", "APT4_ICAO": "", "APT4_NAME": "", "APT4_LAANC": null, "APT5_FAAID": "", "APT5_ICAO": "", "APT5_NAME": "", "APT5_LAANC": null, "AIRS_COUNT": 1, "AIRSPACE_1": "D", "AIRSPACE_2": "", "AIRSPACE_3": "", "AIRSPACE_4": "", "AIRSPACE_5": "", "REGION": "Western", "APT1_Enabled": "107-AA,107-FC,44809-AA", "APT2_Enabled": "", "APT3_Enabled": "", "APT4_Enabled": "", "APT5_Enabled": "", "Shape__Length": null, "Shape__Area": null, "Shape__Area_2": 6.9444468863366637e-05, "Shape__Length_2": 0.033333339181467636 }, "geometry": { "type": "Polygon", "coordinates": [ [ [ -122.316682276728002, 47.600008169346701, 0.0 ], [ -122.308348942433, 47.600008169346701, 0.0 ], [ -122.308348942433, 47.591674834051297, 0.0 ], [ -122.316682276728002, 47.591674834051297, 0.0 ], [ -122.316682276728002, 47.600008169346701, 0.0 ] ] ] } },
{ "type": "Feature", "properties": { "OBJECTID": 238280, "CEILING": 100, "UNIT": "Feet", "MAP_EFF": "10/30/2025", "LAST_EDIT": "12/7/2017", "LATITUDE": 47.5958415, "LONGITUDE": -122.32084894, "GLOBALID": "01a40637-7dc7-4323-983d-16a7e24dcb0d", "ARPT_COUNT": 1, "APT1_FAAID": "BFI", "APT1_ICAO": "KBFI", "APT1_NAME": "Boeing Fld/King County Intl", "APT1_LAANC": 1, "APT2_FAAID": "", "APT2_ICAO": "", "APT2_NAME": "", "APT2_LAANC": null, "APT3_FAAID": "", "APT3_ICAO": "", "APT3_NAME": "", "APT3_LAANC": null, "APT4_FAAID": "", "APT4_ICAO": "", "APT4_NAME": "", "APT4_LAANC": null, "APT5_FAAID": "", "APT5_ICAO": "", "APT5_NAME": "", "APT5_LAANC": null, "AIRS_COUNT": 1, "AIRSPACE_1": "D", "AIRSPACE_2": "", "AIRSPACE_3": "", "AIRSPACE_4": "", "AIRSPACE_5": "", "REGION": "Western", "APT1_Enabled": "107-AA,107-FC,44809-AA", "APT2_Enabled": "", "APT3_Enabled": "", "APT4_Enabled": "", "APT5_Enabled": "", "Shape__Length": null, "Shape__Area": null, "Shape__Area_2": 6.9444477048818953e-05, "Shape__Length_2": 0.033333341181560172 }, "geometry": { "type": "Polygon", "coordinates": [ [ [ -122.325015612022995, 47.600008169346701, 0.0 ], [ -122.316682276728002, 47.600008169346701, 0.0 ], [ -122.316682276728002, 47.591674834051297, 0.0 ], [ -122.325015612022995, 47.591674834051297, 0.0 ], [ -122.325015612022995, 47.600008169346701, 0.0 ] ] ] } },
{ "type": "Feature", "properties": { "OBJECTID": 238149, "CEILING": 300, "UNIT": "Feet", "MAP_EFF": "10/30/2025", "LAST_EDIT": "12/7/2017", "LATITUDE": 47.57917483, "LONGITUDE": -122.29584894, "GLOBALID": "a74dc5e4-bea9-4e37-8e81-092f7ac10355", "ARPT_COUNT": 1, "APT1_FAAID": "BFI", "APT1_ICAO": "KBFI", "APT1_NAME": "Boeing Fld/King County Intl", "APT1_LAANC": 1, "APT2_FAAID": "", "APT2_ICAO": "", "APT2_NAME": "", "APT2_LAANC": null, "APT3_FAAID": "", "APT3_ICAO": "", "APT3_NAME": "", "APT3_LAANC": null, "APT4_FAAID": "", "APT4_ICAO": "", "APT4_NAME": "", "APT4_LAANC": null, "APT5_FAAID": "", "APT5_ICAO": "", "APT5_NAME": "", "APT5_LAANC": null, "AIRS_COUNT": 1, "AIRSPACE_1": "D", "AIRSPACE_2": "", "AIRSPACE_3": "", "AIRSPACE_4": "", "AIRSPACE_5": "", "REGION": "Western", "APT1_Enabled": "107-AA,107-FC,44809-AA", "APT2_Enabled": "", "APT3_Enabled": "", "APT4_Enabled": "", "APT5_Enabled": "", "Shape__Length": null, "Shape__Area": null, "Shape__Area_2": 6.9444468863366637e-05, "Shape__Length_2": 0.033333339181353949 }, "geometry": { "type": "Polygon", "coordinates": [ [ [ -122.300015607136999, 47.583341498755999, 0.0 ], [ -122.291682271842006, 47.583341498755999, 0.0 ], [ -122.291682271842006, 47.575008164460698, 0.0 ], [ -122.300015607136999, 47.575008164460698, 0.0 ], [ -122.300015607136999, 47.583341498755999, 0.0 ] ] ] } },
{ "type": "Feature", "properties": { "OBJECTID": 238148, "CEILING": 300, "UNIT": "Feet", "MAP_EFF": "10/30/2025", "LAST_EDIT": "12/7/2017", "LATITUDE": 47.57917483, "LONGITUDE": -122.30418227, "GLOBALID": "c56217dc-b48b-4f20-9d22-5fd066ff39e3", "ARPT_COUNT": 1, "APT1_FAAID": "BFI", "APT1_ICAO": "KBFI", "APT1_NAME": "Boeing Fld/King County Intl", "APT1_LAANC": 1, "APT2_FAAID": "", "APT2_ICAO": "", "APT2_NAME": "", "APT2_LAANC": null, "APT3_FAAID": "", "APT3_ICAO": "", "APT3_NAME": "", "APT3_LAANC": null, "APT4_FAAID": "", "APT4_ICAO": "", "APT4_NAME": "", "APT4_LAANC": null, "APT5_FAAID": "", "APT5_ICAO": "", "APT5_NAME": "", "APT5_LAANC": null, "AIRS_COUNT": 1, "AIRSPACE_1": "D", "AIRSPACE_2": "", "AIRSPACE_3": "", "AIRSPACE_4": "", "AIRSPACE_5": "", "REGION": "Western", "APT1_Enabled": "107-AA,107-FC,44809-AA", "APT2_Enabled": "", "APT3_Enabled": "", "APT4_Enabled": "", "APT5_Enabled": "", "Shape__Length": null, "Shape__Area": null, "Shape__Area_2": 6.9444467953871936e-05, "Shape__Length_2": 0.033333339181353949 }, "geometry": { "type": "Polygon", "coordinates": [ [ [ -122.308348942433, 47.583341498755999, 0.0 ], [ -122.300015607136999, 47.583341498755999, 0.0 ], [ -122.300015607136999, 47.575008164460698, 0.0 ], [ -122.308348942433, 47.575008164460698, 0.0 ], [ -122.308348942433, 47.583341498755999, 0.0 ] ] ] } },
{ "type": "Feature", "properties": { "OBJECTID": 360842, "CEILING": 300, "UNIT": "Feet", "MAP_EFF": "10/30/2025", "LAST_EDIT": "12/7/2017", "LATITUDE": 47.58750817, "LONGITUDE": -122.31251561000001, "GLOBALID": "a271c94b-8614-4581-ba31-90009fbc7aa6", "ARPT_COUNT": 1, "APT1_FAAID": "BFI", "APT1_ICAO": "KBFI", "APT1_NAME": "Boeing Fld/King County Intl", "APT1_LAANC": 1, "APT2_FAAID": "", "APT2_ICAO": "", "APT2_NAME": "", "APT2_LAANC": null, "APT3_FAAID": "", "APT3_ICAO": "", "APT3_NAME": "", "APT3_LAANC": null, "APT4_FAAID": "", "APT4_ICAO": "", "APT4_NAME": "", "APT4_LAANC": null, "APT5_FAAID": "", "APT5_ICAO": "", "APT5_NAME": "", "APT5_LAANC": null, "AIRS_COUNT": 1, "AIRSPACE_1": "D", "AIRSPACE_2": "", "AIRSPACE_3": "", "AIRSPACE_4": "", "AIRSPACE_5": "", "REGION": "Western", "APT1_Enabled": "107-AA,107-FC,44809-AA", "APT2_Enabled": "", "APT3_Enabled": "", "APT4_Enabled": "", "APT5_Enabled": "", "Shape__Length": null, "Shape__Area": null, "Shape__Area_2": 6.9444469772861339e-05, "Shape__Length_2": 0.033333339181353949 }, "geometry": { "type": "Polygon", "coordinates": [ [ [ -122.316682276728002, 47.591674834051297, 0.0 ], [ -122.308348942433, 47.591674834051297, 0.0 ], [ -122.308348942433, 47.583341498755999, 0.0 ], [ -122.316682276728002, 47.583341498755999, 0.0 ], [ -122.316682276728002, 47.591674834051297, 0.0 ] ] ] } },
{ "type": "Feature", "properties": { "OBJECTID": 238216, "CEILING": 300, "UNIT": "Feet", "MAP_EFF": "10/30/2025", "LAST_EDIT": "12/7/2017", "LATITUDE": 47.58750817, "LONGITUDE": -122.30418227, "GLOBALID": "4f55b61f-d707-4911-9669-37632fd90381", "ARPT_COUNT": 1, "APT1_FAAID": "BFI", "APT1_ICAO": "KBFI", "APT1_NAME": "Boeing Fld/King County Intl", "APT1_LAANC": 1, "APT2_FAAID": "", "APT2_ICAO": "", "APT2_NAME": "", "APT2_LAANC": null, "APT3_FAAID": "", "APT3_ICAO": "", "APT3_NAME": "", "APT3_LAANC": null, "APT4_FAAID": "", "APT4_ICAO": "", "APT4_NAME": "", "APT4_LAANC": null, "APT5_FAAID": "", "APT5_ICAO": "", "APT5_NAME": "", "APT5_LAANC": null, "AIRS_COUNT": 1, "AIRSPACE_1": "D", "AIRSPACE_2": "", "AIRSPACE_3": "", "AIRSPACE_4": "", "AIRSPACE_5": "", "REGION": "Western", "APT1_Enabled": "107-AA,107-FC,44809-AA", "APT2_Enabled": "", "APT3_Enabled": "", "APT4_Enabled": "", "APT5_Enabled": "", "Shape__Length": null, "Shape__Area": null, "Shape__Area_2": 6.9444477048818953e-05, "Shape__Length_2": 0.033333341181332798 }, "geometry": { "type": "Polygon", "coordinates": [ [ [ -122.308348942433, 47.591674834051297, 0.0 ], [ -122.300015607136999, 47.591674834051297, 0.0 ], [ -122.300015607136999, 47.583341498755999, 0.0 ], [ -122.308348942433, 47.583341498755999, 0.0 ], [ -122.308348942433, 47.591674834051297, 0.0 ] ] ] } },
{ "type": "Feature", "properties": { "OBJECTID": 238217, "CEILING": 300, "UNIT": "Feet", "MAP_EFF": "10/30/2025", "LAST_EDIT": "12/7/2017", "LATITUDE": 47.58750817, "LONGITUDE": -122.29584894, "GLOBALID": "6d5af94d-ba38-422d-a815-5f0c3cf25d10", "ARPT_COUNT": 1, "APT1_FAAID": "BFI", "APT1_ICAO": "KBFI", "APT1_NAME": "Boeing Fld/King County Intl", "APT1_LAANC": 1, "APT2_FAAID": "", "APT2_ICAO": "", "APT2_NAME": "", "APT2_LAANC": null, "APT3_FAAID": "", "APT3_ICAO": "", "APT3_NAME": "", "APT3_LAANC": null, "APT4_FAAID": "", "APT4_ICAO": "", "APT4_NAME": "", "APT4_LAANC": null, "APT5_FAAID": "", "APT5_ICAO": "", "APT5_NAME": "", "APT5_LAANC": null, "AIRS_COUNT": 1, "AIRSPACE_1": "D", "AIRSPACE_2": "", "AIRSPACE_3": "", "AIRSPACE_4": "", "AIRSPACE_5": "", "REGION": "Western", "APT1_Enabled": "107-AA,107-FC,44809-AA", "APT2_Enabled": "", "APT3_Enabled": "", "APT4_Enabled": "", "APT5_Enabled": "", "Shape__Length": null, "Shape__Area": null, "Shape__Area_2": 6.9444477048818953e-05, "Shape__Length_2": 0.033333341181332798 }, "geometry": { "type": "Polygon", "coordinates": [ [ [ -122.300015607136999, 47.591674834051297, 0.0 ], [ -122.291682271842006, 47.591674834051297, 0.0 ], [ -122.291682271842006, 47.583341498755999, 0.0 ], [ -122.300015607136999, 47.583341498755999, 0.0 ], [ -122.300015607136999, 47.591674834051297, 0.0 ] ] ] } },
{ "type": "Feature", "properties": { "OBJECTID": 238283, "CEILING": 300, "UNIT": "Feet", "MAP_EFF": "10/30/2025", "LAST_EDIT": "12/7/2017", "LATITUDE": 47.5958415, "LONGITUDE": -122.29584894, "GLOBALID": "bcfd4def-c70a-45f9-a21b-195e2053457f", "ARPT_COUNT": 1, "APT1_FAAID": "BFI", "APT1_ICAO": "KBFI", "APT1_NAME": "Boeing Fld/King County Intl", "APT1_LAANC": 1, "APT2_FAAID": "", "APT2_ICAO": "", "APT2_NAME": "", "APT2_LAANC": null, "APT3_FAAID": "", "APT3_ICAO": "", "APT3_NAME": "", "APT3_LAANC": null, "APT4_FAAID": "", "APT4_ICAO": "", "APT4_NAME": "", "APT4_LAANC": null, "APT5_FAAID": "", "APT5_ICAO": "", "APT5_NAME": "", "APT5_LAANC": null, "AIRS_COUNT": 1, "AIRSPACE_1": "D", "AIRSPACE_2": "", "AIRSPACE_3": "", "AIRSPACE_4": "", "AIRSPACE_5": "", "REGION": "Western", "APT1_Enabled": "107-AA,107-FC,44809-AA", "APT2_Enabled": "", "APT3_Enabled": "", "APT4_Enabled": "", "APT5_Enabled": "", "Shape__Length": null, "Shape__Area": null, "Shape__Area_2": 6.9444477048818953e-05, "Shape__Length_2": 0.033333341181446485 }, "geometry": { "type": "Polygon", "coordinates": [ [ [ -122.300015607136999, 47.600008169346701, 0.0 ], [ -122.291682271842006, 47.600008169346701, 0.0 ], [ -122.291682271842006, 47.591674834051297, 0.0 ], [ -122.300015607136999, 47.591674834051297, 0.0 ], [ -122.300015607136999, 47.600008169346701, 0.0 ] ] ] } },
{ "type": "Feature", "properties": { "OBJECTID": 238282, "CEILING": 300, "UNIT": "Feet", "MAP_EFF": "10/30/2025", "LAST_EDIT": "12/7/2017", "LATITUDE": 47.5958415, "LONGITUDE": -122.30418227, "GLOBALID": "640d98bc-224f-4498-b50c-ff2841401a78", "ARPT_COUNT": 1, "APT1_FAAID": "BFI", "APT1_ICAO": "KBFI", "APT1_NAME": "Boeing Fld/King County Intl", "APT1_LAANC": 1, "APT2_FAAID": "", "APT2_ICAO": "", "APT2_NAME": "", "APT2_LAANC": null, "APT3_FAAID": "", "APT3_ICAO": "", "APT3_NAME": "", "APT3_LAANC": null, "APT4_FAAID": "", "APT4_ICAO": "", "APT4_NAME": "", "APT4_LAANC": null, "APT5_FAAID": "", "APT5_ICAO": "", "APT5_NAME": "", "APT5_LAANC": null, "AIRS_COUNT": 1, "AIRSPACE_1": "D", "AIRSPACE_2": "", "AIRSPACE_3": "", "AIRSPACE_4": "", "AIRSPACE_5": "", "REGION": "Western", "APT1_Enabled": "107-AA,107-FC,44809-AA", "APT2_Enabled": "", "APT3_Enabled": "", "APT4_Enabled": "", "APT5_Enabled": "", "Shape__Length": null, "Shape__Area": null, "Shape__Area_2": 6.9444477048818953e-05, "Shape__Length_2": 0.033333341181446485 }, "geometry": { "type": "Polygon", "coordinates": [ [ [ -122.308348942433, 47.600008169346701, 0.0 ], [ -122.300015607136999, 47.600008169346701, 0.0 ], [ -122.300015607136999, 47.591674834051297, 0.0 ], [ -122.308348942433, 47.591674834051297, 0.0 ], [ -122.308348942433, 47.600008169346701, 0.0 ] ] ] } },
{ "type": "Feature", "properties": { "OBJECTID": 238334, "CEILING": 300, "UNIT": "Feet", "MAP_EFF": "10/30/2025", "LAST_EDIT": "12/7/2017", "LATITUDE": 47.604174840000013, "LONGITUDE": -122.29584894, "GLOBALID": "179ecab0-256f-44c7-b9b9-1f71e6d42d3e", "ARPT_COUNT": 1, "APT1_FAAID": "BFI", "APT1_ICAO": "KBFI", "APT1_NAME": "Boeing Fld/King County Intl", "APT1_LAANC": 1, "APT2_FAAID": "", "APT2_ICAO": "", "APT2_NAME": "", "APT2_LAANC": null, "APT3_FAAID": "", "APT3_ICAO": "", "APT3_NAME": "", "APT3_LAANC": null, "APT4_FAAID": "", "APT4_ICAO": "", "APT4_NAME": "", "APT4_LAANC": null, "APT5_FAAID": "", "APT5_ICAO": "", "APT5_NAME": "", "APT5_LAANC": null, "AIRS_COUNT": 1, "AIRSPACE_1": "D", "AIRSPACE_2": "", "AIRSPACE_3": "", "AIRSPACE_4": "", "AIRSPACE_5": "", "REGION": "Western", "APT1_Enabled": "107-AA,107-FC,44809-AA", "APT2_Enabled": "", "APT3_Enabled": "", "APT4_Enabled": "", "APT5_Enabled": "", "Shape__Length": null, "Shape__Area": null, "Shape__Area_2": 6.9444469772861339e-05, "Shape__Length_2": 0.033333339181353949 }, "geometry": { "type": "Polygon", "coordinates": [ [ [ -122.300015607136999, 47.608341503642102, 0.0 ], [ -122.291682271842006, 47.608341503642102, 0.0 ], [ -122.291682271842006, 47.600008169346701, 0.0 ], [ -122.300015607136999, 47.600008169346701, 0.0 ], [ -122.300015607136999, 47.608341503642102, 0.0 ] ] ] } },
{ "type": "Feature", "properties": { "OBJECTID": 238345, "CEILING": 200, "UNIT": "Feet", "MAP_EFF": "10/30/2025", "LAST_EDIT": "6/12/2025", "LATITUDE": 47.604174840000013, "LONGITUDE": -122.31251561000001, "GLOBALID": "52888da3-f8b7-4a1e-b2e9-36c7e51a883e", "ARPT_COUNT": 1, "APT1_FAAID": "BFI", "APT1_ICAO": "KBFI", "APT1_NAME": "Boeing Fld/King County Intl", "APT1_LAANC": 1, "APT2_FAAID": "", "APT2_ICAO": "", "APT2_NAME": "", "APT2_LAANC": null, "APT3_FAAID": "", "APT3_ICAO": "", "APT3_NAME": "", "APT3_LAANC": null, "APT4_FAAID": "", "APT4_ICAO": "", "APT4_NAME": "", "APT4_LAANC": null, "APT5_FAAID": "", "APT5_ICAO": "", "APT5_NAME": "", "APT5_LAANC": null, "AIRS_COUNT": 1, "AIRSPACE_1": "D", "AIRSPACE_2": "", "AIRSPACE_3": "", "AIRSPACE_4": "", "AIRSPACE_5": "", "REGION": "Western", "APT1_Enabled": "107-AA,107-FC,44809-AA", "APT2_Enabled": "", "APT3_Enabled": "", "APT4_Enabled": "", "APT5_Enabled": "", "Shape__Length": null, "Shape__Area": null, "Shape__Area_2": 6.944445976841962e-05, "Shape__Length_2": 0.0333333371813751 }, "geometry": { "type": "Polygon", "coordinates": [ [ [ -122.316682276728002, 47.608341503642102, 0.0 ], [ -122.308348942433, 47.608341503642102, 0.0 ], [ -122.308348942433, 47.600008169346701, 0.0 ], [ -122.316682276728002, 47.600008169346701, 0.0 ], [ -122.316682276728002, 47.608341503642102, 0.0 ] ] ] } },
{ "type": "Feature", "properties": { "OBJECTID": 238333, "CEILING": 300, "UNIT": "Feet", "MAP_EFF": "10/30/2025", "LAST_EDIT": "12/7/2017", "LATITUDE": 47.604174840000013, "LONGITUDE": -122.30418227, "GLOBALID": "ce7b3531-4b99-4991-b357-630b062ecd89", "ARPT_COUNT": 1, "APT1_FAAID": "BFI", "APT1_ICAO": "KBFI", "APT1_NAME": "Boeing Fld/King County Intl", "APT1_LAANC": 1, "APT2_FAAID": "", "APT2_ICAO": "", "APT2_NAME": "", "APT2_LAANC": null, "APT3_FAAID": "", "APT3_ICAO": "", "APT3_NAME": "", "APT3_LAANC": null, "APT4_FAAID": "", "APT4_ICAO": "", "APT4_NAME": "", "APT4_LAANC": null, "APT5_FAAID": "", "APT5_ICAO": "", "APT5_NAME": "", "APT5_LAANC": null, "AIRS_COUNT": 1, "AIRSPACE_1": "D", "AIRSPACE_2": "", "AIRSPACE_3": "", "AIRSPACE_4": "", "AIRSPACE_5": "", "REGION": "Western", "APT1_Enabled": "107-AA,107-FC,44809-AA", "APT2_Enabled": "", "APT3_Enabled": "", "APT4_Enabled": "", "APT5_Enabled": "", "Shape__Length": null, "Shape__Area": null, "Shape__Area_2": 6.9444468863366637e-05, "Shape__Length_2": 0.033333339181353949 }, "geometry": { "type": "Polygon", "coordinates": [ [ [ -122.308348942433, 47.608341503642102, 0.0 ], [ -122.300015607136999, 47.608341503642102, 0.0 ], [ -122.300015607136999, 47.600008169346701, 0.0 ], [ -122.308348942433, 47.600008169346701, 0.0 ], [ -122.308348942433, 47.608341503642102, 0.0 ] ] ] } },
{ "type": "Feature", "properties": { "OBJECTID": 238214, "CEILING": 100, "UNIT": "Feet", "MAP_EFF": "10/30/2025", "LAST_EDIT": "12/7/2017", "LATITUDE": 47.58750817, "LONGITUDE": -122.32918228, "GLOBALID": "a8c87f13-b3aa-4b09-a134-ea11ccaf3505", "ARPT_COUNT": 1, "APT1_FAAID": "BFI", "APT1_ICAO": "KBFI", "APT1_NAME": "Boeing Fld/King County Intl", "APT1_LAANC": 1, "APT2_FAAID": "", "APT2_ICAO": "", "APT2_NAME": "", "APT2_LAANC": null, "APT3_FAAID": "", "APT3_ICAO": "", "APT3_NAME": "", "APT3_LAANC": null, "APT4_FAAID": "", "APT4_ICAO": "", "APT4_NAME": "", "APT4_LAANC": null, "APT5_FAAID": "", "APT5_ICAO": "", "APT5_NAME": "", "APT5_LAANC": null, "AIRS_COUNT": 1, "AIRSPACE_1": "D", "AIRSPACE_2": "", "AIRSPACE_3": "", "AIRSPACE_4": "", "AIRSPACE_5": "", "REGION": "Western", "APT1_Enabled": "107-AA,107-FC,44809-AA", "APT2_Enabled": "", "APT3_Enabled": "", "APT4_Enabled": "", "APT5_Enabled": "", "Shape__Length": null, "Shape__Area": null, "Shape__Area_2": 6.9444477048818953e-05, "Shape__Length_2": 0.033333341181332798 }, "geometry": { "type": "Polygon", "coordinates": [ [ [ -122.333348947318996, 47.591674834051297, 0.0 ], [ -122.325015612022995, 47.591674834051297, 0.0 ], [ -122.325015612022995, 47.583341498755999, 0.0 ], [ -122.333348947318996, 47.583341498755999, 0.0 ], [ -122.333348947318996, 47.591674834051297, 0.0 ] ] ] } },
{ "type": "Feature", "properties": { "OBJECTID": 238213, "CEILING": 100, "UNIT": "Feet", "MAP_EFF": "10/30/2025", "LAST_EDIT": "12/7/2017", "LATITUDE": 47.58750817, "LONGITUDE": -122.33751561000001, "GLOBALID": "2e33f4ab-f4f0-46cd-97fc-97ee3a59f1bd", "ARPT_COUNT": 1, "APT1_FAAID": "BFI", "APT1_ICAO": "KBFI", "APT1_NAME": "Boeing Fld/King County Intl", "APT1_LAANC": 1, "APT2_FAAID": "", "APT2_ICAO": "", "APT2_NAME": "", "APT2_LAANC": null, "APT3_FAAID": "", "APT3_ICAO": "", "APT3_NAME": "", "APT3_LAANC": null, "APT4_FAAID": "", "APT4_ICAO": "", "APT4_NAME": "", "APT4_LAANC": null, "APT5_FAAID": "", "APT5_ICAO": "", "APT5_NAME": "", "APT5_LAANC": null, "AIRS_COUNT": 1, "AIRSPACE_1": "D", "AIRSPACE_2": "", "AIRSPACE_3": "", "AIRSPACE_4": "", "AIRSPACE_5": "", "REGION": "Western", "APT1_Enabled": "107-AA,107-FC,44809-AA", "APT2_Enabled": "", "APT3_Enabled": "", "APT4_Enabled": "", "APT5_Enabled": "", "Shape__Length": null, "Shape__Area": null, "Shape__Area_2": 6.9444467953871936e-05, "Shape__Length_2": 0.033333339181353949 }, "geometry": { "type": "Polygon", "coordinates": [ [ [ -122.341682281613998, 47.591674834051297, 0.0 ], [ -122.333348947318996, 47.591674834051297, 0.0 ], [ -122.333348947318996, 47.583341498755999, 0.0 ], [ -122.341682281613998, 47.583341498755999, 0.0 ], [ -122.341682281613998, 47.591674834051297, 0.0 ] ] ] } },
{ "type": "Feature", "properties": { "OBJECTID": 238278, "CEILING": 100, "UNIT": "Feet", "MAP_EFF": "10/30/2025", "LAST_EDIT": "12/7/2017", "LATITUDE": 47.5958415, "LONGITUDE": -122.34584895, "GLOBALID": "1e067060-0a40-4ac7-bd11-696f666f19de", "ARPT_COUNT": 1, "APT1_FAAID": "BFI", "APT1_ICAO": "KBFI", "APT1_NAME": "Boeing Fld/King County Intl", "APT1_LAANC": 1, "APT2_FAAID": "", "APT2_ICAO": "", "APT2_NAME": "", "APT2_LAANC": null, "APT3_FAAID": "", "APT3_ICAO": "", "APT3_NAME": "", "APT3_LAANC": null, "APT4_FAAID": "", "APT4_ICAO": "", "APT4_NAME": "", "APT4_LAANC": null, "APT5_FAAID": "", "APT5_ICAO": "", "APT5_NAME": "", "APT5_LAANC": null, "AIRS_COUNT": 1, "AIRSPACE_1": "D", "AIRSPACE_2": "", "AIRSPACE_3": "", "AIRSPACE_4": "", "AIRSPACE_5": "", "REGION": "Western", "APT1_Enabled": "107-AA,107-FC,44809-AA", "APT2_Enabled": "", "APT3_Enabled": "", "APT4_Enabled": "", "APT5_Enabled": "", "Shape__Length": null, "Shape__Area": null, "Shape__Area_2": 6.9444477048818953e-05, "Shape__Length_2": 0.033333341181446485 }, "geometry": { "type": "Polygon", "coordinates": [ [ [ -122.341682281613998, 47.600008169346701, 0.0 ], [ -122.341682281613998, 47.591674834051297, 0.0 ], [ -122.346831925950639, 47.591674834051297, 0.0 ], [ -122.344942365174006, 47.592288239850603, 0.0 ], [ -122.342347660579122, 47.600008169346701, 0.0 ], [ -122.341682281613998, 47.600008169346701, 0.0 ] ] ] } },
{ "type": "Feature", "properties": { "OBJECTID": 360853, "CEILING": 100, "UNIT": "Feet", "MAP_EFF": "10/30/2025", "LAST_EDIT": "12/7/2017", "LATITUDE": 47.5958415, "LONGITUDE": -122.33751561000001, "GLOBALID": "1e7167b3-d2a9-45a0-a3b3-938d039ff796", "ARPT_COUNT": 1, "APT1_FAAID": "BFI", "APT1_ICAO": "KBFI", "APT1_NAME": "Boeing Fld/King County Intl", "APT1_LAANC": 1, "APT2_FAAID": "", "APT2_ICAO": "", "APT2_NAME": "", "APT2_LAANC": null, "APT3_FAAID": "", "APT3_ICAO": "", "APT3_NAME": "", "APT3_LAANC": null, "APT4_FAAID": "", "APT4_ICAO": "", "APT4_NAME": "", "APT4_LAANC": null, "APT5_FAAID": "", "APT5_ICAO": "", "APT5_NAME": "", "APT5_LAANC": null, "AIRS_COUNT": 1, "AIRSPACE_1": "D", "AIRSPACE_2": "", "AIRSPACE_3": "", "AIRSPACE_4": "", "AIRSPACE_5": "", "REGION": "Western", "APT1_Enabled": "107-AA,107-FC,44809-AA", "APT2_Enabled": "", "APT3_Enabled": "", "APT4_Enabled": "", "APT5_Enabled": "", "Shape__Length": null, "Shape__Area": null, "Shape__Area_2": 6.9444468863366637e-05, "Shape__Length_2": 0.033333339181467636 }, "geometry": { "type": "Polygon", "coordinates": [ [ [ -122.341682281613998, 47.600008169346701, 0.0 ], [ -122.333348947318996, 47.600008169346701, 0.0 ], [ -122.333348947318996, 47.591674834051297, 0.0 ], [ -122.341682281613998, 47.591674834051297, 0.0 ], [ -122.341682281613998, 47.600008169346701, 0.0 ] ] ] } },
{ "type": "Feature", "properties": { "OBJECTID": 360864, "CEILING": 0, "UNIT": "Feet", "MAP_EFF": "10/30/2025", "LAST_EDIT": "6/12/2025", "LATITUDE": 47.604174840000013, "LONGITUDE": -122.32918228, "GLOBALID": "48c3aefc-3391-44dc-b812-230d84d64130", "ARPT_COUNT": 1, "APT1_FAAID": "BFI", "APT1_ICAO": "KBFI", "APT1_NAME": "Boeing Fld/King County Intl", "APT1_LAANC": 1, "APT2_FAAID": "", "APT2_ICAO": "", "APT2_NAME": "", "APT2_LAANC": null, "APT3_FAAID": "", "APT3_ICAO": "", "APT3_NAME": "", "APT3_LAANC": null, "APT4_FAAID": "", "APT4_ICAO": "", "APT4_NAME": "", "APT4_LAANC": null, "APT5_FAAID": "", "APT5_ICAO": "", "APT5_NAME": "", "APT5_LAANC": null, "AIRS_COUNT": 1, "AIRSPACE_1": "D", "AIRSPACE_2": "", "AIRSPACE_3": "", "AIRSPACE_4": "", "AIRSPACE_5": "", "REGION": "Western", "APT1_Enabled": "107-AA,107-FC,44809-AA", "APT2_Enabled": "", "APT3_Enabled": "", "APT4_Enabled": "", "APT5_Enabled": "", "Shape__Length": null, "Shape__Area": null, "Shape__Area_2": 6.9444468863366637e-05, "Shape__Length_2": 0.033333339181353949 }, "geometry": { "type": "Polygon", "coordinates": [ [ [ -122.333348947318996, 47.608341503642102, 0.0 ], [ -122.325015612022995, 47.608341503642102, 0.0 ], [ -122.325015612022995, 47.600008169346701, 0.0 ], [ -122.333348947318996, 47.600008169346701, 0.0 ], [ -122.333348947318996, 47.608341503642102, 0.0 ] ] ] } },
{ "type": "Feature", "properties": { "OBJECTID": 238346, "CEILING": 50, "UNIT": "Feet", "MAP_EFF": "10/30/2025", "LAST_EDIT": "6/12/2025", "LATITUDE": 47.604174840000013, "LONGITUDE": -122.33751561000001, "GLOBALID": "777ff1b9-6ab6-4c64-b319-7c1614ca925c", "ARPT_COUNT": 1, "APT1_FAAID": "BFI", "APT1_ICAO": "KBFI", "APT1_NAME": "Boeing Fld/King County Intl", "APT1_LAANC": 1, "APT2_FAAID": "", "APT2_ICAO": "", "APT2_NAME": "", "APT2_LAANC": null, "APT3_FAAID": "", "APT3_ICAO": "", "APT3_NAME": "", "APT3_LAANC": null, "APT4_FAAID": "", "APT4_ICAO": "", "APT4_NAME": "", "APT4_LAANC": null, "APT5_FAAID": "", "APT5_ICAO": "", "APT5_NAME": "", "APT5_LAANC": null, "AIRS_COUNT": 1, "AIRSPACE_1": "D", "AIRSPACE_2": "", "AIRSPACE_3": "", "AIRSPACE_4": "", "AIRSPACE_5": "", "REGION": "Western", "APT1_Enabled": "107-AA,107-FC,44809-AA", "APT2_Enabled": "", "APT3_Enabled": "", "APT4_Enabled": "", "APT5_Enabled": "", "Shape__Length": null, "Shape__Area": null, "Shape__Area_2": 6.9444460677914321e-05, "Shape__Length_2": 0.0333333371813751 }, "geometry": { "type": "Polygon", "coordinates": [ [ [ -122.341682281613998, 47.608341503642102, 0.0 ], [ -122.333348947318996, 47.608341503642102, 0.0 ], [ -122.333348947318996, 47.600008169346701, 0.0 ], [ -122.341682281613998, 47.600008169346701, 0.0 ], [ -122.341682281613998, 47.608341503642102, 0.0 ] ] ] } },
{ "type": "Feature", "properties": { "OBJECTID": 238332, "CEILING": 100, "UNIT": "Feet", "MAP_EFF": "10/30/2025", "LAST_EDIT": "12/7/2017", "LATITUDE": 47.604174840000013, "LONGITUDE": -122.34584895, "GLOBALID": "0960d158-757f-4d82-b59c-9afb811914c0", "ARPT_COUNT": 1, "APT1_FAAID": "BFI", "APT1_ICAO": "KBFI", "APT1_NAME": "Boeing Fld/King County Intl", "APT1_LAANC": 1, "APT2_FAAID": "", "APT2_ICAO": "", "APT2_NAME": "", "APT2_LAANC": null, "APT3_FAAID": "", "APT3_ICAO": "", "APT3_NAME": "", "APT3_LAANC": null, "APT4_FAAID": "", "APT4_ICAO": "", "APT4_NAME": "", "APT4_LAANC": null, "APT5_FAAID": "", "APT5_ICAO": "", "APT5_NAME": "", "APT5_LAANC": null, "AIRS_COUNT": 1, "AIRSPACE_1": "D", "AIRSPACE_2": "", "AIRSPACE_3": "", "AIRSPACE_4": "", "AIRSPACE_5": "", "REGION": "Western", "APT1_Enabled": "107-AA,107-FC,44809-AA", "APT2_Enabled": "", "APT3_Enabled": "", "APT4_Enabled": "", "APT5_Enabled": "", "Shape__Length": null, "Shape__Area": null, "Shape__Area_2": 6.9444468863366637e-05, "Shape__Length_2": 0.033333339181353949 }, "geometry": { "type": "Polygon", "coordinates": [ [ [ -122.341682281613998, 47.608341503642102, 0.0 ], [ -122.341682281613998, 47.600008169346701, 0.0 ], [ -122.342347660579122, 47.600008169346701, 0.0 ], [ -122.341760987442996, 47.601753676429503, 0.0 ], [ -122.349799476934493, 47.608341503642102, 0.0 ], [ -122.341682281613998, 47.608341503642102, 0.0 ] ] ] } },
{ "type": "Feature", "properties": { "OBJECTID": 360870, "CEILING": 100, "UNIT": "Feet", "MAP_EFF": "10/30/2025", "LAST_EDIT": "12/7/2017", "LATITUDE": 47.61250817, "LONGITUDE": -122.33751561000001, "GLOBALID": "d0ce7ef8-da88-4756-be21-11524cb5197e", "ARPT_COUNT": 1, "APT1_FAAID": "BFI", "APT1_ICAO": "KBFI", "APT1_NAME": "Boeing Fld/King County Intl", "APT1_LAANC": 1, "APT2_FAAID": "", "APT2_ICAO": "", "APT2_NAME": "", "APT2_LAANC": null, "APT3_FAAID": "", "APT3_ICAO": "", "APT3_NAME": "", "APT3_LAANC": null, "APT4_FAAID": "", "APT4_ICAO": "", "APT4_NAME": "", "APT4_LAANC": null, "APT5_FAAID": "", "APT5_ICAO": "", "APT5_NAME": "", "APT5_LAANC": null, "AIRS_COUNT": 1, "AIRSPACE_1": "D", "AIRSPACE_2": "", "AIRSPACE_3": "", "AIRSPACE_4": "", "AIRSPACE_5": "", "REGION": "Western", "APT1_Enabled": "107-AA,107-FC,44809-AA", "APT2_Enabled": "", "APT3_Enabled": "", "APT4_Enabled": "", "APT5_Enabled": "", "Shape__Length": null, "Shape__Area": null, "Shape__Area_2": 6.9444468863366637e-05, "Shape__Length_2": 0.033333339181353949 }, "geometry": { "type": "Polygon", "coordinates": [ [ [ -122.341682281613998, 47.616674838937399, 0.0 ], [ -122.333348947318996, 47.616674838937399, 0.0 ], [ -122.333348947318996, 47.608341503642102, 0.0 ], [ -122.341682281613998, 47.608341503642102, 0.0 ], [ -122.341682281613998, 47.616674838937399, 0.0 ] ] ] } },
{ "type": "Feature", "properties": { "OBJECTID": 322589, "CEILING": 0, "UNIT": "Feet", "MAP_EFF": "10/30/2025", "LAST_EDIT": "6/12/2025", "LATITUDE": 47.604174840000013, "LONGITUDE": -122.32084894, "GLOBALID": "99ecbcfc-a4f4-40cd-a53a-7fc3aa40c00a", "ARPT_COUNT": 1, "APT1_FAAID": "BFI", "APT1_ICAO": "KBFI", "APT1_NAME": "Boeing Fld/King County Intl", "APT1_LAANC": 1, "APT2_FAAID": "", "APT2_ICAO": "", "APT2_NAME": "", "APT2_LAANC": null, "APT3_FAAID": "", "APT3_ICAO": "", "APT3_NAME": "", "APT3_LAANC": null, "APT4_FAAID": "", "APT4_ICAO": "", "APT4_NAME": "", "APT4_LAANC": null, "APT5_FAAID": "", "APT5_ICAO": "", "APT5_NAME": "", "APT5_LAANC": null, "AIRS_COUNT": 1, "AIRSPACE_1": "D", "AIRSPACE_2": "", "AIRSPACE_3": "", "AIRSPACE_4": "", "AIRSPACE_5": "", "REGION": "Western", "APT1_Enabled": "107-AA,107-FC,44809-AA", "APT2_Enabled": "", "APT3_Enabled": "", "APT4_Enabled": "", "APT5_Enabled": "", "Shape__Length": null, "Shape__Area": null, "Shape__Area_2": 6.9444468863366637e-05, "Shape__Length_2": 0.033333339181467636 }, "geometry": { "type": "Polygon", "coordinates": [ [ [ -122.325015612022995, 47.608341503642102, 0.0 ], [ -122.316682276728002, 47.608341503642102, 0.0 ], [ -122.316682276728002, 47.600008169346701, 0.0 ], [ -122.325015612022995, 47.600008169346701, 0.0 ], [ -122.325015612022995, 47.608341503642102, 0.0 ] ] ] } },
{ "type": "Feature", "properties": { "OBJECTID": 360871, "CEILING": 200, "UNIT": "Feet", "MAP_EFF": "10/30/2025", "LAST_EDIT": "12/7/2017", "LATITUDE": 47.61250817, "LONGITUDE": -122.32084894, "GLOBALID": "3a9972f8-2878-4c5a-b459-acd7050a250a", "ARPT_COUNT": 1, "APT1_FAAID": "BFI", "APT1_ICAO": "KBFI", "APT1_NAME": "Boeing Fld/King County Intl", "APT1_LAANC": 1, "APT2_FAAID": "", "APT2_ICAO": "", "APT2_NAME": "", "APT2_LAANC": null, "APT3_FAAID": "", "APT3_ICAO": "", "APT3_NAME": "", "APT3_LAANC": null, "APT4_FAAID": "", "APT4_ICAO": "", "APT4_NAME": "", "APT4_LAANC": null, "APT5_FAAID": "", "APT5_ICAO": "", "APT5_NAME": "", "APT5_LAANC": null, "AIRS_COUNT": 1, "AIRSPACE_1": "D", "AIRSPACE_2": "", "AIRSPACE_3": "", "AIRSPACE_4": "", "AIRSPACE_5": "", "REGION": "Western", "APT1_Enabled": "107-AA,107-FC,44809-AA", "APT2_Enabled": "", "APT3_Enabled": "", "APT4_Enabled": "", "APT5_Enabled": "", "Shape__Length": null, "Shape__Area": null, "Shape__Area_2": 6.9444477048818953e-05, "Shape__Length_2": 0.033333341181446485 }, "geometry": { "type": "Polygon", "coordinates": [ [ [ -122.325015612022995, 47.616674838937399, 0.0 ], [ -122.316682276728002, 47.616674838937399, 0.0 ], [ -122.316682276728002, 47.608341503642102, 0.0 ], [ -122.325015612022995, 47.608341503642102, 0.0 ], [ -122.325015612022995, 47.616674838937399, 0.0 ] ] ] } },
{ "type": "Feature", "properties": { "OBJECTID": 238389, "CEILING": 300, "UNIT": "Feet", "MAP_EFF": "10/30/2025", "LAST_EDIT": "12/7/2017", "LATITUDE": 47.61250817, "LONGITUDE": -122.31251561000001, "GLOBALID": "2d06ccbe-1285-4d74-855f-03395cd41be0", "ARPT_COUNT": 1, "APT1_FAAID": "BFI", "APT1_ICAO": "KBFI", "APT1_NAME": "Boeing Fld/King County Intl", "APT1_LAANC": 1, "APT2_FAAID": "", "APT2_ICAO": "", "APT2_NAME": "", "APT2_LAANC": null, "APT3_FAAID": "", "APT3_ICAO": "", "APT3_NAME": "", "APT3_LAANC": null, "APT4_FAAID": "", "APT4_ICAO": "", "APT4_NAME": "", "APT4_LAANC": null, "APT5_FAAID": "", "APT5_ICAO": "", "APT5_NAME": "", "APT5_LAANC": null, "AIRS_COUNT": 1, "AIRSPACE_1": "D", "AIRSPACE_2": "", "AIRSPACE_3": "", "AIRSPACE_4": "", "AIRSPACE_5": "", "REGION": "Western", "APT1_Enabled": "107-AA,107-FC,44809-AA", "APT2_Enabled": "", "APT3_Enabled": "", "APT4_Enabled": "", "APT5_Enabled": "", "Shape__Length": null, "Shape__Area": null, "Shape__Area_2": 6.9444468863366637e-05, "Shape__Length_2": 0.033333339181353949 }, "geometry": { "type": "Polygon", "coordinates": [ [ [ -122.316682276728002, 47.616674838937399, 0.0 ], [ -122.308348942433, 47.616674838937399, 0.0 ], [ -122.308348942433, 47.608341503642102, 0.0 ], [ -122.316682276728002, 47.608341503642102, 0.0 ], [ -122.316682276728002, 47.616674838937399, 0.0 ] ] ] } },
{ "type": "Feature", "properties": { "OBJECTID": 238390, "CEILING": 300, "UNIT": "Feet", "MAP_EFF": "10/30/2025", "LAST_EDIT": "12/7/2017", "LATITUDE": 47.61250817, "LONGITUDE": -122.30418227, "GLOBALID": "3cb47a7d-2dd5-49e8-9df3-3035758432e2", "ARPT_COUNT": 1, "APT1_FAAID": "BFI", "APT1_ICAO": "KBFI", "APT1_NAME": "Boeing Fld/King County Intl", "APT1_LAANC": 1, "APT2_FAAID": "", "APT2_ICAO": "", "APT2_NAME": "", "APT2_LAANC": null, "APT3_FAAID": "", "APT3_ICAO": "", "APT3_NAME": "", "APT3_LAANC": null, "APT4_FAAID": "", "APT4_ICAO": "", "APT4_NAME": "", "APT4_LAANC": null, "APT5_FAAID": "", "APT5_ICAO": "", "APT5_NAME": "", "APT5_LAANC": null, "AIRS_COUNT": 1, "AIRSPACE_1": "D", "AIRSPACE_2": "", "AIRSPACE_3": "", "AIRSPACE_4": "", "AIRSPACE_5": "", "REGION": "Western", "APT1_Enabled": "107-AA,107-FC,44809-AA", "APT2_Enabled": "", "APT3_Enabled": "", "APT4_Enabled": "", "APT5_Enabled": "", "Shape__Length": null, "Shape__Area": null, "Shape__Area_2": 6.9444477048818953e-05, "Shape__Length_2": 0.033333341181332798 }, "geometry": { "type": "Polygon", "coordinates": [ [ [ -122.308348942433, 47.616674838937399, 0.0 ], [ -122.300015607136999, 47.616674838937399, 0.0 ], [ -122.300015607136999, 47.608341503642102, 0.0 ], [ -122.308348942433, 47.608341503642102, 0.0 ], [ -122.308348942433, 47.616674838937399, 0.0 ] ] ] } },
{ "type": "Feature", "properties": { "OBJECTID": 238388, "CEILING": 200, "UNIT": "Feet", "MAP_EFF": "10/30/2025", "LAST_EDIT": "12/7/2017", "LATITUDE": 47.61250817, "LONGITUDE": -122.32918228, "GLOBALID": "53ef7355-6322-45a4-95a7-5b0e516dc989", "ARPT_COUNT": 1, "APT1_FAAID": "BFI", "APT1_ICAO": "KBFI", "APT1_NAME": "Boeing Fld/King County Intl", "APT1_LAANC": 1, "APT2_FAAID": "", "APT2_ICAO": "", "APT2_NAME": "", "APT2_LAANC": null, "APT3_FAAID": "", "APT3_ICAO": "", "APT3_NAME": "", "APT3_LAANC": null, "APT4_FAAID": "", "APT4_ICAO": "", "APT4_NAME": "", "APT4_LAANC": null, "APT5_FAAID": "", "APT5_ICAO": "", "APT5_NAME": "", "APT5_LAANC": null, "AIRS_COUNT": 1, "AIRSPACE_1": "D", "AIRSPACE_2": "", "AIRSPACE_3": "", "AIRSPACE_4": "", "AIRSPACE_5": "", "REGION": "Western", "APT1_Enabled": "107-AA,107-FC,44809-AA", "APT2_Enabled": "", "APT3_Enabled": "", "APT4_Enabled": "", "APT5_Enabled": "", "Shape__Length": null, "Shape__Area": null, "Shape__Area_2": 6.9444477958313655e-05, "Shape__Length_2": 0.033333341181332798 }, "geometry": { "type": "Polygon", "coordinates": [ [ [ -122.333348947318996, 47.616674838937399, 0.0 ], [ -122.325015612022995, 47.616674838937399, 0.0 ], [ -122.325015612022995, 47.608341503642102, 0.0 ], [ -122.333348947318996, 47.608341503642102, 0.0 ], [ -122.333348947318996, 47.616674838937399, 0.0 ] ] ] } },
{ "type": "Feature", "properties": { "OBJECTID": 238387, "CEILING": 100, "UNIT": "Feet", "MAP_EFF": "10/30/2025", "LAST_EDIT": "12/7/2017", "LATITUDE": 47.61250817, "LONGITUDE": -122.34584895, "GLOBALID": "a4f11c25-096f-409c-baab-aef0c5eef5f1", "ARPT_COUNT": 1, "APT1_FAAID": "BFI", "APT1_ICAO": "KBFI", "APT1_NAME": "Boeing Fld/King County Intl", "APT1_LAANC": 1, "APT2_FAAID": "", "APT2_ICAO": "", "APT2_NAME": "", "APT2_LAANC": null, "APT3_FAAID": "", "APT3_ICAO": "", "APT3_NAME": "", "APT3_LAANC": null, "APT4_FAAID": "", "APT4_ICAO": "", "APT4_NAME": "", "APT4_LAANC": null, "APT5_FAAID": "", "APT5_ICAO": "", "APT5_NAME": "", "APT5_LAANC": null, "AIRS_COUNT": 1, "AIRSPACE_1": "D", "AIRSPACE_2": "", "AIRSPACE_3": "", "AIRSPACE_4": "", "AIRSPACE_5": "", "REGION": "Western", "APT1_Enabled": "107-AA,107-FC,44809-AA", "APT2_Enabled": "", "APT3_Enabled": "", "APT4_Enabled": "", "APT5_Enabled": "", "Shape__Length": null, "Shape__Area": null, "Shape__Area_2": 6.9444477048818953e-05, "Shape__Length_2": 0.033333341181332798 }, "geometry": { "type": "Polygon", "coordinates": [ [ [ -122.350015616909005, 47.616674838937399, 0.0 ], [ -122.341682281613998, 47.616674838937399, 0.0 ], [ -122.341682281613998, 47.608341503642102, 0.0 ], [ -122.349799476934493, 47.608341503642102, 0.0 ], [ -122.350015616909005, 47.608518638016335, 0.0 ], [ -122.350015616909005, 47.616674838937399, 0.0 ] ] ] } },
{ "type": "Feature", "properties": { "OBJECTID": 237126, "CEILING": 100, "UNIT": "Feet", "MAP_EFF": "10/30/2025", "LAST_EDIT": "12/7/2017", "LATITUDE": 47.49584148, "LONGITUDE": -122.2625156, "GLOBALID": "32eaac51-079a-4643-8a13-c96088d6864e", "ARPT_COUNT": 1, "APT1_FAAID": "BFI", "APT1_ICAO": "KBFI", "APT1_NAME": "Boeing Fld/King County Intl", "APT1_LAANC": 1, "APT2_FAAID": "", "APT2_ICAO": "", "APT2_NAME": "", "APT2_LAANC": null, "APT3_FAAID": "", "APT3_ICAO": "", "APT3_NAME": "", "APT3_LAANC": null, "APT4_FAAID": "", "APT4_ICAO": "", "APT4_NAME": "", "APT4_LAANC": null, "APT5_FAAID": "", "APT5_ICAO": "", "APT5_NAME": "", "APT5_LAANC": null, "AIRS_COUNT": 1, "AIRSPACE_1": "D", "AIRSPACE_2": "", "AIRSPACE_3": "", "AIRSPACE_4": "", "AIRSPACE_5": "", "REGION": "Western", "APT1_Enabled": "107-AA,107-FC,44809-AA", "APT2_Enabled": "", "APT3_Enabled": "", "APT4_Enabled": "", "APT5_Enabled": "", "Shape__Length": null, "Shape__Area": null, "Shape__Area_2": 6.9444477048818953e-05, "Shape__Length_2": 0.033333341181332798 }, "geometry": { "type": "Polygon", "coordinates": [ [ [ -122.266682266955996, 47.5000081488025, 0.0 ], [ -122.259552859683652, 47.5000081488025, 0.0 ], [ -122.259571429242001, 47.499075503992202, 0.0 ], [ -122.259582141813993, 47.4985424838654, 0.0 ], [ -122.259604901418996, 47.497414652551797, 0.0 ], [ -122.259606107115999, 47.497347674474497, 0.0 ], [ -122.259608212190003, 47.497258276941999, 0.0 ], [ -122.259633348807, 47.496106337121098, 0.0 ], [ -122.259635714756996, 47.495989385920403, 0.0 ], [ -122.259637555362005, 47.495871888708301, 0.0 ], [ -122.259640813953993, 47.495621215570502, 0.0 ], [ -122.264329654142998, 47.495573997915201, 0.0 ], [ -122.264969198578001, 47.495566665299499, 0.0 ], [ -122.266682266955996, 47.495549058707155, 0.0 ], [ -122.266682266955996, 47.5000081488025, 0.0 ] ] ] } },
{ "type": "Feature", "properties": { "OBJECTID": 237125, "CEILING": 100, "UNIT": "Feet", "MAP_EFF": "10/30/2025", "LAST_EDIT": "12/7/2017", "LATITUDE": 47.49584148, "LONGITUDE": -122.27084893, "GLOBALID": "dfdc24af-dad9-47bf-a095-3f8c00852b2c", "ARPT_COUNT": 1, "APT1_FAAID": "BFI", "APT1_ICAO": "KBFI", "APT1_NAME": "Boeing Fld/King County Intl", "APT1_LAANC": 1, "APT2_FAAID": "", "APT2_ICAO": "", "APT2_NAME": "", "APT2_LAANC": null, "APT3_FAAID": "", "APT3_ICAO": "", "APT3_NAME": "", "APT3_LAANC": null, "APT4_FAAID": "", "APT4_ICAO": "", "APT4_NAME": "", "APT4_LAANC": null, "APT5_FAAID": "", "APT5_ICAO": "", "APT5_NAME": "", "APT5_LAANC": null, "AIRS_COUNT": 1, "AIRSPACE_1": "D", "AIRSPACE_2": "", "AIRSPACE_3": "", "AIRSPACE_4": "", "AIRSPACE_5": "", "REGION": "Western", "APT1_Enabled": "107-AA,107-FC,44809-AA", "APT2_Enabled": "", "APT3_Enabled": "", "APT4_Enabled": "", "APT5_Enabled": "", "Shape__Length": null, "Shape__Area": null, "Shape__Area_2": 6.9444477048818953e-05, "Shape__Length_2": 0.033333341181446485 }, "geometry": { "type": "Polygon", "coordinates": [ [ [ -122.266682266955996, 47.5000081488025, 0.0 ], [ -122.266682266955996, 47.495549058707155, 0.0 ], [ -122.266855032462999, 47.495547283055998, 0.0 ], [ -122.266912168166002, 47.495546688203703, 0.0 ], [ -122.267772672462996, 47.495537832039801, 0.0 ], [ -122.267846996287005, 47.495537108147502, 0.0 ], [ -122.268054283058007, 47.495534961424099, 0.0 ], [ -122.268395051504996, 47.495531468952898, 0.0 ], [ -122.268485041635003, 47.4955305044436, 0.0 ], [ -122.268872828398003, 47.495526542755897, 0.0 ], [ -122.269414815595994, 47.495520933174603, 0.0 ], [ -122.269481553244006, 47.4955202577625, 0.0 ], [ -122.270149469762998, 47.495514806575798, 0.0 ], [ -122.270297110149002, 47.495513625700802, 0.0 ], [ -122.270296344496998, 47.495595848060901, 0.0 ], [ -122.270295684277002, 47.495627005185497, 0.0 ], [ -122.270295231646003, 47.495683993250097, 0.0 ], [ -122.270294544234005, 47.495714163610003, 0.0 ], [ -122.270294328115995, 47.495742914836498, 0.0 ], [ -122.270293553214998, 47.4958065045792, 0.0 ], [ -122.270293154897999, 47.495847166694197, 0.0 ], [ -122.270292613774998, 47.495882646185898, 0.0 ], [ -122.270291960465997, 47.495932351589403, 0.0 ], [ -122.270291177309005, 47.495995641929298, 0.0 ], [ -122.270290289108004, 47.496055120152398, 0.0 ], [ -122.270289523312996, 47.496119266610599, 0.0 ], [ -122.270288733062003, 47.496182299717098, 0.0 ], [ -122.270287875530997, 47.496242891213399, 0.0 ], [ -122.270287525545001, 47.496285307577097, 0.0 ], [ -122.270286390180999, 47.496390934159102, 0.0 ], [ -122.270284594868997, 47.496490907981801, 0.0 ], [ -122.270281762124995, 47.496700063270303, 0.0 ], [ -122.270280905443002, 47.496760912079203, 0.0 ], [ -122.270276500246993, 47.497096428768401, 0.0 ], [ -122.270272996019003, 47.497354859412901, 0.0 ], [ -122.270272253440993, 47.497382803148497, 0.0 ], [ -122.270270064063993, 47.497560417650597, 0.0 ], [ -122.270269126195004, 47.497618095239801, 0.0 ], [ -122.270267968401996, 47.497704612690697, 0.0 ], [ -122.270260190303006, 47.498266515291398, 0.0 ], [ -122.270259737676994, 47.498305208094997, 0.0 ], [ -122.270251245527007, 47.4989148468702, 0.0 ], [ -122.270249010363997, 47.499072281059803, 0.0 ], [ -122.270246961831006, 47.499199892918298, 0.0 ], [ -122.270235654631932, 47.5000081488025, 0.0 ], [ -122.266682266955996, 47.5000081488025, 0.0 ] ] ] } },
{ "type": "Feature", "properties": { "OBJECTID": 237219, "CEILING": 300, "UNIT": "Feet", "MAP_EFF": "10/30/2025", "LAST_EDIT": "9/23/2020", "LATITUDE": 47.50417482, "LONGITUDE": -122.25418226, "GLOBALID": "a3e3f15d-9731-4fc1-a6fd-f9de1bda9788", "ARPT_COUNT": 1, "APT1_FAAID": "BFI", "APT1_ICAO": "KBFI", "APT1_NAME": "Boeing Fld/King County Intl", "APT1_LAANC": 1, "APT2_FAAID": "", "APT2_ICAO": "", "APT2_NAME": "", "APT2_LAANC": null, "APT3_FAAID": "", "APT3_ICAO": "", "APT3_NAME": "", "APT3_LAANC": null, "APT4_FAAID": "", "APT4_ICAO": "", "APT4_NAME": "", "APT4_LAANC": null, "APT5_FAAID": "", "APT5_ICAO": "", "APT5_NAME": "", "APT5_LAANC": null, "AIRS_COUNT": 1, "AIRSPACE_1": "D", "AIRSPACE_2": "", "AIRSPACE_3": "", "AIRSPACE_4": "", "AIRSPACE_5": "", "REGION": "Western", "APT1_Enabled": "107-AA,107-FC,44809-AA", "APT2_Enabled": "", "APT3_Enabled": "", "APT4_Enabled": "", "APT5_Enabled": "", "Shape__Length": null, "Shape__Area": null, "Shape__Area_2": 6.9444468863366637e-05, "Shape__Length_2": 0.033333339181467636 }, "geometry": { "type": "Polygon", "coordinates": [ [ [ -122.258348931661004, 47.508341484097897, 0.0 ], [ -122.250015597365007, 47.508341484097897, 0.0 ], [ -122.250015597365007, 47.501021157653014, 0.0 ], [ -122.250020841639994, 47.5010382171807, 0.0 ], [ -122.250049704863997, 47.5011325389167, 0.0 ], [ -122.250057498201002, 47.501158874137403, 0.0 ], [ -122.250227844118001, 47.501713454329703, 0.0 ], [ -122.250235626437998, 47.501739148482201, 0.0 ], [ -122.250244515776004, 47.501768469294703, 0.0 ], [ -122.250356608754004, 47.502133762869398, 0.0 ], [ -122.250431552471994, 47.502378835930003, 0.0 ], [ -122.250553349458997, 47.502635658787803, 0.0 ], [ -122.250637078976993, 47.502776081834298, 0.0 ], [ -122.250732351427999, 47.502913104144803, 0.0 ], [ -122.250818741830997, 47.502909326004598, 0.0 ], [ -122.250997075241997, 47.502901531469703, 0.0 ], [ -122.251390122854005, 47.5028843693688, 0.0 ], [ -122.251522477389003, 47.50287843057, 0.0 ], [ -122.251654841673002, 47.502872622265002, 0.0 ], [ -122.252601572271004, 47.502831019974202, 0.0 ], [ -122.253719058718005, 47.502781870242302, 0.0 ], [ -122.253824138954997, 47.502777257015602, 0.0 ], [ -122.254172724737998, 47.502761928053701, 0.0 ], [ -122.256848247639994, 47.502645388379797, 0.0 ], [ -122.258187012798004, 47.502587084364301, 0.0 ], [ -122.258348931661004, 47.502580026219846, 0.0 ], [ -122.258348931661004, 47.508341484097897, 0.0 ] ] ] } },
{ "type": "Feature", "properties": { "OBJECTID": 360665, "CEILING": 0, "UNIT": "Feet", "MAP_EFF": "10/30/2025", "LAST_EDIT": "12/7/2017", "LATITUDE": 47.50417482, "LONGITUDE": -122.27918227000001, "GLOBALID": "d7da19aa-92b9-41f4-bf5a-d3e0a8a49fc5", "ARPT_COUNT": 1, "APT1_FAAID": "BFI", "APT1_ICAO": "KBFI", "APT1_NAME": "Boeing Fld/King County Intl", "APT1_LAANC": 1, "APT2_FAAID": "", "APT2_ICAO": "", "APT2_NAME": "", "APT2_LAANC": null, "APT3_FAAID": "", "APT3_ICAO": "", "APT3_NAME": "", "APT3_LAANC": null, "APT4_FAAID": "", "APT4_ICAO": "", "APT4_NAME": "", "APT4_LAANC": null, "APT5_FAAID": "", "APT5_ICAO": "", "APT5_NAME": "", "APT5_LAANC": null, "AIRS_COUNT": 1, "AIRSPACE_1": "D", "AIRSPACE_2": "", "AIRSPACE_3": "", "AIRSPACE_4": "", "AIRSPACE_5": "", "REGION": "Western", "APT1_Enabled": "107-AA,107-FC,44809-AA", "APT2_Enabled": "", "APT3_Enabled": "", "APT4_Enabled": "", "APT5_Enabled": "", "Shape__Length": null, "Shape__Area": null, "Shape__Area_2": 6.9444468863366637e-05, "Shape__Length_2": 0.033333339181467636 }, "geometry": { "type": "Polygon", "coordinates": [ [ [ -122.275433815197175, 47.508341484097897, 0.0 ], [ -122.275441514166005, 47.507844213419403, 0.0 ], [ -122.275446254493005, 47.507521756272098, 0.0 ], [ -122.275451498986996, 47.507199296940897, 0.0 ], [ -122.27556693759, 47.507203141940401, 0.0 ], [ -122.275681964217995, 47.507210548183302, 0.0 ], [ -122.275805939185005, 47.5072303988862, 0.0 ], [ -122.275927065730002, 47.507256879029299, 0.0 ], [ -122.276044316226006, 47.507289748572099, 0.0 ], [ -122.276158202597998, 47.507328832286198, 0.0 ], [ -122.276808096981995, 47.507744765298199, 0.0 ], [ -122.276917127727003, 47.507809444093503, 0.0 ], [ -122.277032579121993, 47.507868557217002, 0.0 ], [ -122.277154440407998, 47.507921716690802, 0.0 ], [ -122.277281701377007, 47.507968640049199, 0.0 ], [ -122.277413329137005, 47.508009125268103, 0.0 ], [ -122.277543358228002, 47.508064711526004, 0.0 ], [ -122.277695915704001, 47.508093658633904, 0.0 ], [ -122.277851276570999, 47.508114348175603, 0.0 ], [ -122.278008939122998, 47.508126651531597, 0.0 ], [ -122.278167376263994, 47.508130507969703, 0.0 ], [ -122.278171110289378, 47.508341484097897, 0.0 ], [ -122.275433815197175, 47.508341484097897, 0.0 ] ] ] } },
{ "type": "Feature", "properties": { "OBJECTID": 237218, "CEILING": 0, "UNIT": "Feet", "MAP_EFF": "10/30/2025", "LAST_EDIT": "12/7/2017", "LATITUDE": 47.50417482, "LONGITUDE": -122.27084893, "GLOBALID": "5e7960e2-1b2c-4a48-98ba-3f4d24577ed2", "ARPT_COUNT": 1, "APT1_FAAID": "BFI", "APT1_ICAO": "KBFI", "APT1_NAME": "Boeing Fld/King County Intl", "APT1_LAANC": 1, "APT2_FAAID": "", "APT2_ICAO": "", "APT2_NAME": "", "APT2_LAANC": null, "APT3_FAAID": "", "APT3_ICAO": "", "APT3_NAME": "", "APT3_LAANC": null, "APT4_FAAID": "", "APT4_ICAO": "", "APT4_NAME": "", "APT4_LAANC": null, "APT5_FAAID": "", "APT5_ICAO": "", "APT5_NAME": "", "APT5_LAANC": null, "AIRS_COUNT": 1, "AIRSPACE_1": "D", "AIRSPACE_2": "", "AIRSPACE_3": "", "AIRSPACE_4": "", "AIRSPACE_5": "", "REGION": "Western", "APT1_Enabled": "107-AA,107-FC,44809-AA", "APT2_Enabled": "", "APT3_Enabled": "", "APT4_Enabled": "", "APT5_Enabled": "", "Shape__Length": null, "Shape__Area": null, "Shape__Area_2": 6.9444477048818953e-05, "Shape__Length_2": 0.033333341181560172 }, "geometry": { "type": "Polygon", "coordinates": [ [ [ -122.266682266955996, 47.508341484097897, 0.0 ], [ -122.266682266955996, 47.5000081488025, 0.0 ], [ -122.270235654631932, 47.5000081488025, 0.0 ], [ -122.270233678840995, 47.500149381361197, 0.0 ], [ -122.270233247367997, 47.500207141129202, 0.0 ], [ -122.270231931382, 47.500269624059001, 0.0 ], [ -122.270289969274998, 47.500283282832001, 0.0 ], [ -122.270426445948004, 47.500316986096699, 0.0 ], [ -122.270489590059, 47.500332512177302, 0.0 ], [ -122.270502669950005, 47.500384958692102, 0.0 ], [ -122.270593221924997, 47.500771071441299, 0.0 ], [ -122.270655124046996, 47.501035103088697, 0.0 ], [ -122.270771520509996, 47.501532841094601, 0.0 ], [ -122.270591800516002, 47.501490084445301, 0.0 ], [ -122.270217596329005, 47.501401209447003, 0.0 ], [ -122.270217169475998, 47.501459137893498, 0.0 ], [ -122.270199385593997, 47.502630955758796, 0.0 ], [ -122.270178965488, 47.503707137565598, 0.0 ], [ -122.270164272515004, 47.504477002685199, 0.0 ], [ -122.270156189073006, 47.504899583370303, 0.0 ], [ -122.270133912112996, 47.506091892081301, 0.0 ], [ -122.270132900549001, 47.5061471323598, 0.0 ], [ -122.270107067726002, 47.507026770783497, 0.0 ], [ -122.270086540841731, 47.508341484097897, 0.0 ], [ -122.266682266955996, 47.508341484097897, 0.0 ] ] ] } },
{ "type": "Feature", "properties": { "OBJECTID": 237313, "CEILING": 0, "UNIT": "Feet", "MAP_EFF": "10/30/2025", "LAST_EDIT": "12/7/2017", "LATITUDE": 47.51250815, "LONGITUDE": -122.27918227000001, "GLOBALID": "e1bc5382-9f62-4426-924c-b737d3f72e54", "ARPT_COUNT": 1, "APT1_FAAID": "BFI", "APT1_ICAO": "KBFI", "APT1_NAME": "Boeing Fld/King County Intl", "APT1_LAANC": 1, "APT2_FAAID": "", "APT2_ICAO": "", "APT2_NAME": "", "APT2_LAANC": null, "APT3_FAAID": "", "APT3_ICAO": "", "APT3_NAME": "", "APT3_LAANC": null, "APT4_FAAID": "", "APT4_ICAO": "", "APT4_NAME": "", "APT4_LAANC": null, "APT5_FAAID": "", "APT5_ICAO": "", "APT5_NAME": "", "APT5_LAANC": null, "AIRS_COUNT": 1, "AIRSPACE_1": "D", "AIRSPACE_2": "", "AIRSPACE_3": "", "AIRSPACE_4": "", "AIRSPACE_5": "", "REGION": "Western", "APT1_Enabled": "107-AA,107-FC,44809-AA", "APT2_Enabled": "", "APT3_Enabled": "", "APT4_Enabled": "", "APT5_Enabled": "", "Shape__Length": null, "Shape__Area": null, "Shape__Area_2": 6.9444468863366637e-05, "Shape__Length_2": 0.033333339181353949 }, "geometry": { "type": "Polygon", "coordinates": [ [ [ -122.283348936547, 47.516674819393202, 0.0 ], [ -122.275015602251003, 47.516674819393202, 0.0 ], [ -122.275015602251003, 47.509775355269547, 0.0 ], [ -122.275411713976993, 47.509784368908001, 0.0 ], [ -122.275416809494999, 47.509456507673498, 0.0 ], [ -122.275426284581997, 47.508811597668597, 0.0 ], [ -122.275428991083004, 47.508653296625901, 0.0 ], [ -122.275431529212995, 47.508489134117703, 0.0 ], [ -122.275433815197175, 47.508341484097897, 0.0 ], [ -122.278171110289378, 47.508341484097897, 0.0 ], [ -122.278197767961998, 47.509847668975397, 0.0 ], [ -122.278415425587994, 47.509852610927602, 0.0 ], [ -122.279507277559006, 47.509877382955999, 0.0 ], [ -122.280759061642996, 47.509905784297104, 0.0 ], [ -122.282454688767999, 47.509944539392897, 0.0 ], [ -122.283348936547, 47.509964968240759, 0.0 ], [ -122.283348936547, 47.516674819393202, 0.0 ] ] ] } },
{ "type": "Feature", "properties": { "OBJECTID": 237312, "CEILING": 0, "UNIT": "Feet", "MAP_EFF": "10/30/2025", "LAST_EDIT": "8/19/2020", "LATITUDE": 47.51250815, "LONGITUDE": -122.2875156, "GLOBALID": "bb629c37-41d8-4a2f-80e6-43496a590cd2", "ARPT_COUNT": 1, "APT1_FAAID": "BFI", "APT1_ICAO": "KBFI", "APT1_NAME": "Boeing Fld/King County Intl", "APT1_LAANC": 0, "APT2_FAAID": "", "APT2_ICAO": "", "APT2_NAME": "", "APT2_LAANC": null, "APT3_FAAID": "", "APT3_ICAO": "", "APT3_NAME": "", "APT3_LAANC": null, "APT4_FAAID": "", "APT4_ICAO": "", "APT4_NAME": "", "APT4_LAANC": null, "APT5_FAAID": "", "APT5_ICAO": "", "APT5_NAME": "", "APT5_LAANC": null, "AIRS_COUNT": 1, "AIRSPACE_1": "D", "AIRSPACE_2": "", "AIRSPACE_3": "", "AIRSPACE_4": "", "AIRSPACE_5": "", "REGION": "Western", "APT1_Enabled": "", "APT2_Enabled": "", "APT3_Enabled": "", "APT4_Enabled": "", "APT5_Enabled": "", "Shape__Length": null, "Shape__Area": null, "Shape__Area_2": 6.9444477958313655e-05, "Shape__Length_2": 0.033333341181332798 }, "geometry": { "type": "Polygon", "coordinates": [ [ [ -122.283348936547, 47.516674819393202, 0.0 ], [ -122.283348936547, 47.509964968240759, 0.0 ], [ -122.283902611114002, 47.509977616786003, 0.0 ], [ -122.284883286172004, 47.510000011195899, 0.0 ], [ -122.286523473014995, 47.510037486384803, 0.0 ], [ -122.28984428039, 47.510113492438499, 0.0 ], [ -122.291338069450006, 47.510147654447898, 0.0 ], [ -122.291315694893001, 47.512207551039602, 0.0 ], [ -122.291304237760002, 47.513306242222399, 0.0 ], [ -122.291298570978, 47.513841216917697, 0.0 ], [ -122.291285590987997, 47.515018399004703, 0.0 ], [ -122.291267323978943, 47.516674819393202, 0.0 ], [ -122.283348936547, 47.516674819393202, 0.0 ] ] ] } },
{ "type": "Feature", "properties": { "OBJECTID": 237314, "CEILING": 0, "UNIT": "Feet", "MAP_EFF": "10/30/2025", "LAST_EDIT": "12/7/2017", "LATITUDE": 47.51250815, "LONGITUDE": -122.27084893, "GLOBALID": "db97c9c3-eb8f-4213-a633-7efee3e4cc96", "ARPT_COUNT": 1, "APT1_FAAID": "BFI", "APT1_ICAO": "KBFI", "APT1_NAME": "Boeing Fld/King County Intl", "APT1_LAANC": 1, "APT2_FAAID": "", "APT2_ICAO": "", "APT2_NAME": "", "APT2_LAANC": null, "APT3_FAAID": "", "APT3_ICAO": "", "APT3_NAME": "", "APT3_LAANC": null, "APT4_FAAID": "", "APT4_ICAO": "", "APT4_NAME": "", "APT4_LAANC": null, "APT5_FAAID": "", "APT5_ICAO": "", "APT5_NAME": "", "APT5_LAANC": null, "AIRS_COUNT": 1, "AIRSPACE_1": "D", "AIRSPACE_2": "", "AIRSPACE_3": "", "AIRSPACE_4": "", "AIRSPACE_5": "", "REGION": "Western", "APT1_Enabled": "107-AA,107-FC,44809-AA", "APT2_Enabled": "", "APT3_Enabled": "", "APT4_Enabled": "", "APT5_Enabled": "", "Shape__Length": null, "Shape__Area": null, "Shape__Area_2": 6.9444477048818953e-05, "Shape__Length_2": 0.033333341181446485 }, "geometry": { "type": "Polygon", "coordinates": [ [ [ -122.275015602251003, 47.516674819393202, 0.0 ], [ -122.266682266955996, 47.516674819393202, 0.0 ], [ -122.266682266955996, 47.508341484097897, 0.0 ], [ -122.270086540841731, 47.508341484097897, 0.0 ], [ -122.270079624523007, 47.508784462983598, 0.0 ], [ -122.270065907051006, 47.509663484094503, 0.0 ], [ -122.270187389472994, 47.509666186689401, 0.0 ], [ -122.271416898843995, 47.509693555287299, 0.0 ], [ -122.271560654227997, 47.509696788532203, 0.0 ], [ -122.271702889840995, 47.5096999986594, 0.0 ], [ -122.272738540942996, 47.509723552142603, 0.0 ], [ -122.273993882249002, 47.509752147381498, 0.0 ], [ -122.274074872084, 47.509753992711403, 0.0 ], [ -122.274155860643006, 47.5097557915972, 0.0 ], [ -122.275015602251003, 47.509775355269547, 0.0 ], [ -122.275015602251003, 47.516674819393202, 0.0 ] ] ] } },
{ "type": "Feature", "properties": { "OBJECTID": 360649, "CEILING": 50, "UNIT": "Feet", "MAP_EFF": "10/30/2025", "LAST_EDIT": "12/7/2017", "LATITUDE": 47.49584148, "LONGITUDE": -122.23751559, "GLOBALID": "0bd1a801-4931-473c-ab94-61c9c522d3dc", "ARPT_COUNT": 1, "APT1_FAAID": "BFI", "APT1_ICAO": "KBFI", "APT1_NAME": "Boeing Fld/King County Intl", "APT1_LAANC": 1, "APT2_FAAID": "", "APT2_ICAO": "", "APT2_NAME": "", "APT2_LAANC": null, "APT3_FAAID": "", "APT3_ICAO": "", "APT3_NAME": "", "APT3_LAANC": null, "APT4_FAAID": "", "APT4_ICAO": "", "APT4_NAME": "", "APT4_LAANC": null, "APT5_FAAID": "", "APT5_ICAO": "", "APT5_NAME": "", "APT5_LAANC": null, "AIRS_COUNT": 1, "AIRSPACE_1": "D", "AIRSPACE_2": "", "AIRSPACE_3": "", "AIRSPACE_4": "", "AIRSPACE_5": "", "REGION": "Western", "APT1_Enabled": "107-AA,107-FC,44809-AA", "APT2_Enabled": "", "APT3_Enabled": "", "APT4_Enabled": "", "APT5_Enabled": "", "Shape__Length": null, "Shape__Area": null, "Shape__Area_2": 6.9444477048818953e-05, "Shape__Length_2": 0.033333341181332798 }, "geometry": { "type": "Polygon", "coordinates": [ [ [ -122.24168226207, 47.5000081488025, 0.0 ], [ -122.240854787469573, 47.5000081488025, 0.0 ], [ -122.240855943301, 47.4998703295296, 0.0 ], [ -122.240857871778005, 47.499716925169302, 0.0 ], [ -122.240862035917999, 47.499552487331201, 0.0 ], [ -122.240876097192995, 47.4992489816632, 0.0 ], [ -122.241107820926004, 47.499252238253398, 0.0 ], [ -122.241357766025004, 47.499255778844699, 0.0 ], [ -122.241458956296995, 47.499257181581399, 0.0 ], [ -122.24168226207, 47.499260342504869, 0.0 ], [ -122.24168226207, 47.5000081488025, 0.0 ] ] ] } },
{ "type": "Feature", "properties": { "OBJECTID": 237127, "CEILING": 50, "UNIT": "Feet", "MAP_EFF": "10/30/2025", "LAST_EDIT": "12/7/2017", "LATITUDE": 47.49584148, "LONGITUDE": -122.24584893000001, "GLOBALID": "f3b02232-8d50-4ef3-a26f-cc266d592ba3", "ARPT_COUNT": 1, "APT1_FAAID": "BFI", "APT1_ICAO": "KBFI", "APT1_NAME": "Boeing Fld/King County Intl", "APT1_LAANC": 1, "APT2_FAAID": "", "APT2_ICAO": "", "APT2_NAME": "", "APT2_LAANC": null, "APT3_FAAID": "", "APT3_ICAO": "", "APT3_NAME": "", "APT3_LAANC": null, "APT4_FAAID": "", "APT4_ICAO": "", "APT4_NAME": "", "APT4_LAANC": null, "APT5_FAAID": "", "APT5_ICAO": "", "APT5_NAME": "", "APT5_LAANC": null, "AIRS_COUNT": 1, "AIRSPACE_1": "D", "AIRSPACE_2": "", "AIRSPACE_3": "", "AIRSPACE_4": "", "AIRSPACE_5": "", "REGION": "Western", "APT1_Enabled": "107-AA,107-FC,44809-AA", "APT2_Enabled": "", "APT3_Enabled": "", "APT4_Enabled": "", "APT5_Enabled": "", "Shape__Length": null, "Shape__Area": null, "Shape__Area_2": 6.9444477048818953e-05, "Shape__Length_2": 0.033333341181332798 }, "geometry": { "type": "Polygon", "coordinates": [ [ [ -122.24168226207, 47.5000081488025, 0.0 ], [ -122.24168226207, 47.499260342504869, 0.0 ], [ -122.241734700454003, 47.499261084777302, 0.0 ], [ -122.241877376305993, 47.499263086211698, 0.0 ], [ -122.242092411764006, 47.499266117535498, 0.0 ], [ -122.242316041495002, 47.499269299129303, 0.0 ], [ -122.242532590254001, 47.499272353025702, 0.0 ], [ -122.242764320302996, 47.499275601941498, 0.0 ], [ -122.242991997136997, 47.499278816336897, 0.0 ], [ -122.243139231507996, 47.499280886145598, 0.0 ], [ -122.243209050012993, 47.499281862685898, 0.0 ], [ -122.243440781285997, 47.499285152391003, 0.0 ], [ -122.243545004398001, 47.4992865999739, 0.0 ], [ -122.243650243066, 47.499288081249603, 0.0 ], [ -122.243849089269006, 47.499290922237002, 0.0 ], [ -122.244071198482999, 47.499294030679202, 0.0 ], [ -122.244291794586005, 47.499297119524201, 0.0 ], [ -122.244517454318, 47.499300313744698, 0.0 ], [ -122.244736532025996, 47.499303416378901, 0.0 ], [ -122.245132696707003, 47.499308986647897, 0.0 ], [ -122.245176205853994, 47.499309601500599, 0.0 ], [ -122.245404393244002, 47.499312804714798, 0.0 ], [ -122.245631566366001, 47.499316020086297, 0.0 ], [ -122.245849129809997, 47.499319055042498, 0.0 ], [ -122.246086421811, 47.499322400947698, 0.0 ], [ -122.246309546846007, 47.499325538778699, 0.0 ], [ -122.246533687348006, 47.499328705717097, 0.0 ], [ -122.246763898419999, 47.499331923198802, 0.0 ], [ -122.246986015348, 47.499335068032202, 0.0 ], [ -122.247223811531995, 47.499338405285499, 0.0 ], [ -122.247453518651, 47.4993416276454, 0.0 ], [ -122.247674620336994, 47.499344745811399, 0.0 ], [ -122.247908368319997, 47.499348001286599, 0.0 ], [ -122.248093047973001, 47.499350627462, 0.0 ], [ -122.248458345570995, 47.499355760797499, 0.0 ], [ -122.248814034548005, 47.499360751200797, 0.0 ], [ -122.248899539760004, 47.4993619547501, 0.0 ], [ -122.249042064278996, 47.499358123476199, 0.0 ], [ -122.249508036101005, 47.4993456265953, 0.0 ], [ -122.249573045565, 47.499560531735, 0.0 ], [ -122.249640285412994, 47.499782820741501, 0.0 ], [ -122.249694142815002, 47.499959519733103, 0.0 ], [ -122.249708853100145, 47.5000081488025, 0.0 ], [ -122.24168226207, 47.5000081488025, 0.0 ] ] ] } },
{ "type": "Feature", "properties": { "OBJECTID": 237220, "CEILING": 50, "UNIT": "Feet", "MAP_EFF": "10/30/2025", "LAST_EDIT": "9/23/2020", "LATITUDE": 47.50417482, "LONGITUDE": -122.24584893000001, "GLOBALID": "10a2b95f-5167-4077-ab1f-48ab8eef537c", "ARPT_COUNT": 1, "APT1_FAAID": "BFI", "APT1_ICAO": "KBFI", "APT1_NAME": "Boeing Fld/King County Intl", "APT1_LAANC": 1, "APT2_FAAID": "", "APT2_ICAO": "", "APT2_NAME": "", "APT2_LAANC": null, "APT3_FAAID": "", "APT3_ICAO": "", "APT3_NAME": "", "APT3_LAANC": null, "APT4_FAAID": "", "APT4_ICAO": "", "APT4_NAME": "", "APT4_LAANC": null, "APT5_FAAID": "", "APT5_ICAO": "", "APT5_NAME": "", "APT5_LAANC": null, "AIRS_COUNT": 1, "AIRSPACE_1": "D", "AIRSPACE_2": "", "AIRSPACE_3": "", "AIRSPACE_4": "", "AIRSPACE_5": "", "REGION": "Western", "APT1_Enabled": "107-AA,107-FC,44809-AA", "APT2_Enabled": "", "APT3_Enabled": "", "APT4_Enabled": "", "APT5_Enabled": "", "Shape__Length": null, "Shape__Area": null, "Shape__Area_2": 6.9444476139324252e-05, "Shape__Length_2": 0.033333341181446485 }, "geometry": { "type": "Polygon", "coordinates": [ [ [ -122.250015597365007, 47.508341484097897, 0.0 ], [ -122.246931394483241, 47.508341484097897, 0.0 ], [ -122.246935913696007, 47.508326731636203, 0.0 ], [ -122.246971656783003, 47.5082105045487, 0.0 ], [ -122.246386853659999, 47.507566421924999, 0.0 ], [ -122.246187355320998, 47.507345808168097, 0.0 ], [ -122.246076564518006, 47.507232565428602, 0.0 ], [ -122.246072737586999, 47.507149288234402, 0.0 ], [ -122.246068559327995, 47.507057639797701, 0.0 ], [ -122.246048475180999, 47.506614473591704, 0.0 ], [ -122.246034692238993, 47.506321712677, 0.0 ], [ -122.246027777246994, 47.506171273894402, 0.0 ], [ -122.246080694555005, 47.505971543450201, 0.0 ], [ -122.246105309751997, 47.505878637238503, 0.0 ], [ -122.246147704446997, 47.505718621980897, 0.0 ], [ -122.246200818801995, 47.505518156073499, 0.0 ], [ -122.246277531635997, 47.505236982404703, 0.0 ], [ -122.246195813308006, 47.505097545738003, 0.0 ], [ -122.246039776038003, 47.504833058762898, 0.0 ], [ -122.245648013644001, 47.5041689974774, 0.0 ], [ -122.245572151706, 47.504040407924101, 0.0 ], [ -122.245513041048, 47.5039402096331, 0.0 ], [ -122.245483569754001, 47.5038902507481, 0.0 ], [ -122.245495890403006, 47.5038143099518, 0.0 ], [ -122.245545428838, 47.503508973272503, 0.0 ], [ -122.245572486681993, 47.5033422086588, 0.0 ], [ -122.245598897532005, 47.503179431079197, 0.0 ], [ -122.245622639266998, 47.503033090949003, 0.0 ], [ -122.248020742807995, 47.503066602566903, 0.0 ], [ -122.248010725759997, 47.5037657675974, 0.0 ], [ -122.247977220118997, 47.5061552711676, 0.0 ], [ -122.247974145769007, 47.506374441208898, 0.0 ], [ -122.248086874904999, 47.506374908798399, 0.0 ], [ -122.248782980369995, 47.506377885792901, 0.0 ], [ -122.248783671712999, 47.506328821488196, 0.0 ], [ -122.248838269087003, 47.503048420869099, 0.0 ], [ -122.248838862683996, 47.502995759494098, 0.0 ], [ -122.246244653963998, 47.502959518897597, 0.0 ], [ -122.245637466478001, 47.502951050805599, 0.0 ], [ -122.245082901491998, 47.502943292018799, 0.0 ], [ -122.244952352515995, 47.502941447458099, 0.0 ], [ -122.244817762351005, 47.502939564393301, 0.0 ], [ -122.244448386477998, 47.502934385351097, 0.0 ], [ -122.244243462640995, 47.502931532168297, 0.0 ], [ -122.244146312583993, 47.502930170213403, 0.0 ], [ -122.244106337437998, 47.502929595391002, 0.0 ], [ -122.243830575988, 47.502925782293097, 0.0 ], [ -122.243574036846994, 47.502922155861903, 0.0 ], [ -122.243527485431002, 47.502921489553003, 0.0 ], [ -122.243490045501005, 47.5029209716159, 0.0 ], [ -122.243325594745997, 47.502918685633702, 0.0 ], [ -122.243135853471003, 47.502916030024501, 0.0 ], [ -122.242941553362996, 47.502913299919697, 0.0 ], [ -122.242511963729996, 47.5029072759176, 0.0 ], [ -122.242383445949002, 47.502905487567197, 0.0 ], [ -122.242255432248996, 47.502903692817199, 0.0 ], [ -122.241864808586996, 47.502898212180199, 0.0 ], [ -122.241797002807004, 47.502897256191197, 0.0 ], [ -122.24168226207, 47.502895655514394, 0.0 ], [ -122.24168226207, 47.5000081488025, 0.0 ], [ -122.249708853100145, 47.5000081488025, 0.0 ], [ -122.249871957352994, 47.500547336721098, 0.0 ], [ -122.250001974561997, 47.5009768429316, 0.0 ], [ -122.250015597365007, 47.501021157653014, 0.0 ], [ -122.250015597365007, 47.508341484097897, 0.0 ] ] ] } },
{ "type": "Feature", "properties": { "OBJECTID": 237221, "CEILING": 50, "UNIT": "Feet", "MAP_EFF": "10/30/2025", "LAST_EDIT": "9/23/2020", "LATITUDE": 47.50417482, "LONGITUDE": -122.23751559, "GLOBALID": "fe496ce3-65d7-45e4-ae76-406044890601", "ARPT_COUNT": 2, "APT1_FAAID": "BFI", "APT1_ICAO": "KBFI", "APT1_NAME": "Boeing Fld/King County Intl", "APT1_LAANC": 1, "APT2_FAAID": "RNT", "APT2_ICAO": "KRNT", "APT2_NAME": "Renton Muni", "APT2_LAANC": 1.0, "APT3_FAAID": "", "APT3_ICAO": "", "APT3_NAME": "", "APT3_LAANC": null, "APT4_FAAID": "", "APT4_ICAO": "", "APT4_NAME": "", "APT4_LAANC": null, "APT5_FAAID": "", "APT5_ICAO": "", "APT5_NAME": "", "APT5_LAANC": null, "AIRS_COUNT": 2, "AIRSPACE_1": "D", "AIRSPACE_2": "D", "AIRSPACE_3": "", "AIRSPACE_4": "", "AIRSPACE_5": "", "REGION": "Western", "APT1_Enabled": "107-AA,107-FC,44809-AA", "APT2_Enabled": "107-AA,107-FC,44809-AA", "APT3_Enabled": "", "APT4_Enabled": "", "APT5_Enabled": "", "Shape__Length": null, "Shape__Area": null, "Shape__Area_2": 6.9444477958313655e-05, "Shape__Length_2": 0.033333341181446485 }, "geometry": { "type": "Polygon", "coordinates": [ [ [ -122.24168226207, 47.502895655514394, 0.0 ], [ -122.241362868289002, 47.502891199849998, 0.0 ], [ -122.241239406031994, 47.502889431887098, 0.0 ], [ -122.241096209987006, 47.5028874359773, 0.0 ], [ -122.240818928150006, 47.502883545834699, 0.0 ], [ -122.240822549384006, 47.502624260133302, 0.0 ], [ -122.240824552568995, 47.502417344638701, 0.0 ], [ -122.240825369793001, 47.502316397006297, 0.0 ], [ -122.240826487622002, 47.502170545163999, 0.0 ], [ -122.240826853447999, 47.502109146262498, 0.0 ], [ -122.240827514572004, 47.502021096166402, 0.0 ], [ -122.240828231896003, 47.501972719279202, 0.0 ], [ -122.240828941120995, 47.501868001749997, 0.0 ], [ -122.240829678471002, 47.501801456033, 0.0 ], [ -122.240829966920003, 47.501718510583103, 0.0 ], [ -122.240831216502997, 47.501596221003602, 0.0 ], [ -122.240831382292995, 47.501546091886603, 0.0 ], [ -122.240840603099997, 47.501381717921497, 0.0 ], [ -122.240842123159993, 47.501232089858199, 0.0 ], [ -122.240843625303, 47.501081567719702, 0.0 ], [ -122.240845276437, 47.500936565599602, 0.0 ], [ -122.240846713680995, 47.500783639786697, 0.0 ], [ -122.240848089259998, 47.500628660385097, 0.0 ], [ -122.24084964555, 47.5004801455269, 0.0 ], [ -122.240851147534997, 47.500329619172497, 0.0 ], [ -122.240852707336003, 47.500181235040898, 0.0 ], [ -122.240854625588995, 47.500027451152498, 0.0 ], [ -122.240854787469573, 47.5000081488025, 0.0 ], [ -122.24168226207, 47.5000081488025, 0.0 ], [ -122.24168226207, 47.502895655514394, 0.0 ] ] ] } },
{ "type": "Feature", "properties": { "OBJECTID": 237318, "CEILING": 0, "UNIT": "Feet", "MAP_EFF": "10/30/2025", "LAST_EDIT": "9/23/2020", "LATITUDE": 47.51250815, "LONGITUDE": -122.22918226, "GLOBALID": "061dfa9a-841a-4707-bf7b-b51d7ee956f2", "ARPT_COUNT": 1, "APT1_FAAID": "RNT", "APT1_ICAO": "KRNT", "APT1_NAME": "Renton Muni", "APT1_LAANC": 1, "APT2_FAAID": "", "APT2_ICAO": "", "APT2_NAME": "", "APT2_LAANC": null, "APT3_FAAID": "", "APT3_ICAO": "", "APT3_NAME": "", "APT3_LAANC": null, "APT4_FAAID": "", "APT4_ICAO": "", "APT4_NAME": "", "APT4_LAANC": null, "APT5_FAAID": "", "APT5_ICAO": "", "APT5_NAME": "", "APT5_LAANC": null, "AIRS_COUNT": 1, "AIRSPACE_1": "D", "AIRSPACE_2": "", "AIRSPACE_3": "", "AIRSPACE_4": "", "AIRSPACE_5": "", "REGION": "Western", "APT1_Enabled": "107-AA,107-FC,44809-AA", "APT2_Enabled": "", "APT3_Enabled": "", "APT4_Enabled": "", "APT5_Enabled": "", "Shape__Length": null, "Shape__Area": null, "Shape__Area_2": 6.9444468863366637e-05, "Shape__Length_2": 0.033333339181353949 }, "geometry": { "type": "Polygon", "coordinates": [ [ [ -122.233348926774994, 47.510855686711267, 0.0 ], [ -122.231633311313999, 47.509489387228598, 0.0 ], [ -122.233348926774994, 47.509512342669332, 0.0 ], [ -122.233348926774994, 47.510855686711267, 0.0 ] ] ] } },
{ "type": "Feature", "properties": { "OBJECTID": 237316, "CEILING": 50, "UNIT": "Feet", "MAP_EFF": "10/30/2025", "LAST_EDIT": "9/23/2020", "LATITUDE": 47.51250815, "LONGITUDE": -122.24584893000001, "GLOBALID": "9185161f-60d7-4f2a-90ce-c0abc62374ea", "ARPT_COUNT": 2, "APT1_FAAID": "BFI", "APT1_ICAO": "KBFI", "APT1_NAME": "Boeing Fld/King County Intl", "APT1_LAANC": 1, "APT2_FAAID": "RNT", "APT2_ICAO": "KRNT", "APT2_NAME": "Renton Muni", "APT2_LAANC": 1.0, "APT3_FAAID": "", "APT3_ICAO": "", "APT3_NAME": "", "APT3_LAANC": null, "APT4_FAAID": "", "APT4_ICAO": "", "APT4_NAME": "", "APT4_LAANC": null, "APT5_FAAID": "", "APT5_ICAO": "", "APT5_NAME": "", "APT5_LAANC": null, "AIRS_COUNT": 2, "AIRSPACE_1": "D", "AIRSPACE_2": "D", "AIRSPACE_3": "", "AIRSPACE_4": "", "AIRSPACE_5": "", "REGION": "Western", "APT1_Enabled": "107-AA,107-FC,44809-AA", "APT2_Enabled": "107-AA,107-FC,44809-AA", "APT3_Enabled": "", "APT4_Enabled": "", "APT5_Enabled": "", "Shape__Length": null, "Shape__Area": null, "Shape__Area_2": 6.9444477958313655e-05, "Shape__Length_2": 0.033333341181332798 }, "geometry": { "type": "Polygon", "coordinates": [ [ [ -122.250015597365007, 47.516494433541965, 0.0 ], [ -122.247339410273995, 47.514941642639798, 0.0 ], [ -122.244070916292003, 47.513641214238, 0.0 ], [ -122.24168226207, 47.513342266102278, 0.0 ], [ -122.24168226207, 47.509629599795851, 0.0 ], [ -122.243549782542004, 47.509655661339202, 0.0 ], [ -122.243808377582994, 47.5096592627036, 0.0 ], [ -122.244911552766993, 47.5096737901141, 0.0 ], [ -122.245095275240999, 47.509677205479903, 0.0 ], [ -122.245933805985999, 47.5096888830968, 0.0 ], [ -122.246289562924005, 47.509693797068302, 0.0 ], [ -122.246780432886993, 47.509700626719798, 0.0 ], [ -122.247144288054002, 47.509705694549801, 0.0 ], [ -122.246983330237995, 47.509291823894401, 0.0 ], [ -122.247003031823994, 47.509253575172004, 0.0 ], [ -122.247014928606006, 47.509207155553, 0.0 ], [ -122.247014660676001, 47.509160077426898, 0.0 ], [ -122.247003285709994, 47.509113690168597, 0.0 ], [ -122.246979825384003, 47.509069338964402, 0.0 ], [ -122.246945330228002, 47.5090283395241, 0.0 ], [ -122.246901338898994, 47.508991870709302, 0.0 ], [ -122.246848909663996, 47.508961075176401, 0.0 ], [ -122.246789572009007, 47.508936794429601, 0.0 ], [ -122.246752351995994, 47.508925948156502, 0.0 ], [ -122.246931394483241, 47.508341484097897, 0.0 ], [ -122.250015597365007, 47.508341484097897, 0.0 ], [ -122.250015597365007, 47.516494433541965, 0.0 ] ] ] } },
{ "type": "Feature", "properties": { "OBJECTID": 237317, "CEILING": 50, "UNIT": "Feet", "MAP_EFF": "10/30/2025", "LAST_EDIT": "9/23/2020", "LATITUDE": 47.51250815, "LONGITUDE": -122.23751559, "GLOBALID": "4f4dfe15-a60e-40aa-b989-38c2cdfd86e7", "ARPT_COUNT": 2, "APT1_FAAID": "BFI", "APT1_ICAO": "KBFI", "APT1_NAME": "Boeing Fld/King County Intl", "APT1_LAANC": 1, "APT2_FAAID": "RNT", "APT2_ICAO": "KRNT", "APT2_NAME": "Renton Muni", "APT2_LAANC": 1.0, "APT3_FAAID": "", "APT3_ICAO": "", "APT3_NAME": "", "APT3_LAANC": null, "APT4_FAAID": "", "APT4_ICAO": "", "APT4_NAME": "", "APT4_LAANC": null, "APT5_FAAID": "", "APT5_ICAO": "", "APT5_NAME": "", "APT5_LAANC": null, "AIRS_COUNT": 2, "AIRSPACE_1": "D", "AIRSPACE_2": "D", "AIRSPACE_3": "", "AIRSPACE_4": "", "AIRSPACE_5": "", "REGION": "Western", "APT1_Enabled": "107-AA,107-FC,44809-AA", "APT2_Enabled": "107-AA,107-FC,44809-AA", "APT3_Enabled": "", "APT4_Enabled": "", "APT5_Enabled": "", "Shape__Length": null, "Shape__Area": null, "Shape__Area_2": 6.9444476139324252e-05, "Shape__Length_2": 0.033333341181332798 }, "geometry": { "type": "Polygon", "coordinates": [ [ [ -122.24168226207, 47.513342266102278, 0.0 ], [ -122.236920698705006, 47.512746340380602, 0.0 ], [ -122.234856831358996, 47.512056567269802, 0.0 ], [ -122.233348926774994, 47.510855686711267, 0.0 ], [ -122.233348926774994, 47.509512342669332, 0.0 ], [ -122.236006585005995, 47.509547902920097, 0.0 ], [ -122.236605153, 47.5095563010902, 0.0 ], [ -122.237345004103005, 47.509566650141998, 0.0 ], [ -122.238023618103995, 47.509576123515998, 0.0 ], [ -122.238818628101996, 47.5095872402851, 0.0 ], [ -122.241113643397, 47.509621664632398, 0.0 ], [ -122.24168226207, 47.509629599795851, 0.0 ], [ -122.24168226207, 47.513342266102278, 0.0 ] ] ] } },
{ "type": "Feature", "properties": { "OBJECTID": 360666, "CEILING": 300, "UNIT": "Feet", "MAP_EFF": "10/30/2025", "LAST_EDIT": "9/23/2020", "LATITUDE": 47.50417482, "LONGITUDE": -122.2625156, "GLOBALID": "1b0fa1cf-de19-4ac2-8425-9e0b075e5301", "ARPT_COUNT": 1, "APT1_FAAID": "BFI", "APT1_ICAO": "KBFI", "APT1_NAME": "Boeing Fld/King County Intl", "APT1_LAANC": 1, "APT2_FAAID": "", "APT2_ICAO": "", "APT2_NAME": "", "APT2_LAANC": null, "APT3_FAAID": "", "APT3_ICAO": "", "APT3_NAME": "", "APT3_LAANC": null, "APT4_FAAID": "", "APT4_ICAO": "", "APT4_NAME": "", "APT4_LAANC": null, "APT5_FAAID": "", "APT5_ICAO": "", "APT5_NAME": "", "APT5_LAANC": null, "AIRS_COUNT": 1, "AIRSPACE_1": "D", "AIRSPACE_2": "", "AIRSPACE_3": "", "AIRSPACE_4": "", "AIRSPACE_5": "", "REGION": "Western", "APT1_Enabled": "107-AA,107-FC,44809-AA", "APT2_Enabled": "", "APT3_Enabled": "", "APT4_Enabled": "", "APT5_Enabled": "", "Shape__Length": null, "Shape__Area": null, "Shape__Area_2": 6.9444477958313655e-05, "Shape__Length_2": 0.033333341181446485 }, "geometry": { "type": "Polygon", "coordinates": [ [ [ -122.266682266955996, 47.508341484097897, 0.0 ], [ -122.258348931661004, 47.508341484097897, 0.0 ], [ -122.258348931661004, 47.502580026219846, 0.0 ], [ -122.259502538136005, 47.5025297397925, 0.0 ], [ -122.259503361095, 47.5024858580623, 0.0 ], [ -122.259504891093002, 47.5023938565623, 0.0 ], [ -122.259511763963005, 47.502053378843399, 0.0 ], [ -122.259526778761, 47.501307764653603, 0.0 ], [ -122.259537239389005, 47.500802597591701, 0.0 ], [ -122.259549909534002, 47.500156318280297, 0.0 ], [ -122.259552859683652, 47.5000081488025, 0.0 ], [ -122.266682266955996, 47.5000081488025, 0.0 ], [ -122.266682266955996, 47.508341484097897, 0.0 ] ] ] } },
{ "type": "Feature", "properties": { "OBJECTID": 360684, "CEILING": 300, "UNIT": "Feet", "MAP_EFF": "10/30/2025", "LAST_EDIT": "9/23/2020", "LATITUDE": 47.51250815, "LONGITUDE": -122.25418226, "GLOBALID": "41aa6b15-778a-4adc-a06a-8f45e48193ac", "ARPT_COUNT": 2, "APT1_FAAID": "BFI", "APT1_ICAO": "KBFI", "APT1_NAME": "Boeing Fld/King County Intl", "APT1_LAANC": 1, "APT2_FAAID": "RNT", "APT2_ICAO": "KRNT", "APT2_NAME": "Renton Muni", "APT2_LAANC": 1.0, "APT3_FAAID": "", "APT3_ICAO": "", "APT3_NAME": "", "APT3_LAANC": null, "APT4_FAAID": "", "APT4_ICAO": "", "APT4_NAME": "", "APT4_LAANC": null, "APT5_FAAID": "", "APT5_ICAO": "", "APT5_NAME": "", "APT5_LAANC": null, "AIRS_COUNT": 2, "AIRSPACE_1": "D", "AIRSPACE_2": "D", "AIRSPACE_3": "", "AIRSPACE_4": "", "AIRSPACE_5": "", "REGION": "Western", "APT1_Enabled": "107-AA,107-FC,44809-AA", "APT2_Enabled": "107-AA,107-FC,44809-AA", "APT3_Enabled": "", "APT4_Enabled": "", "APT5_Enabled": "", "Shape__Length": null, "Shape__Area": null, "Shape__Area_2": 6.9444468863366637e-05, "Shape__Length_2": 0.033333339181353949 }, "geometry": { "type": "Polygon", "coordinates": [ [ [ -122.258348931661004, 47.516674819393202, 0.0 ], [ -122.250326486800162, 47.516674819393202, 0.0 ], [ -122.250015597365007, 47.516494433541965, 0.0 ], [ -122.250015597365007, 47.508341484097897, 0.0 ], [ -122.258348931661004, 47.508341484097897, 0.0 ], [ -122.258348931661004, 47.516674819393202, 0.0 ] ] ] } },
{ "type": "Feature", "properties": { "OBJECTID": 237315, "CEILING": 300, "UNIT": "Feet", "MAP_EFF": "10/30/2025", "LAST_EDIT": "9/23/2020", "LATITUDE": 47.51250815, "LONGITUDE": -122.2625156, "GLOBALID": "be3eaa76-0b6c-4e0d-a18e-9ba2cf1021e0", "ARPT_COUNT": 1, "APT1_FAAID": "BFI", "APT1_ICAO": "KBFI", "APT1_NAME": "Boeing Fld/King County Intl", "APT1_LAANC": 1, "APT2_FAAID": "", "APT2_ICAO": "", "APT2_NAME": "", "APT2_LAANC": null, "APT3_FAAID": "", "APT3_ICAO": "", "APT3_NAME": "", "APT3_LAANC": null, "APT4_FAAID": "", "APT4_ICAO": "", "APT4_NAME": "", "APT4_LAANC": null, "APT5_FAAID": "", "APT5_ICAO": "", "APT5_NAME": "", "APT5_LAANC": null, "AIRS_COUNT": 1, "AIRSPACE_1": "D", "AIRSPACE_2": "", "AIRSPACE_3": "", "AIRSPACE_4": "", "AIRSPACE_5": "", "REGION": "Western", "APT1_Enabled": "107-AA,107-FC,44809-AA", "APT2_Enabled": "", "APT3_Enabled": "", "APT4_Enabled": "", "APT5_Enabled": "", "Shape__Length": null, "Shape__Area": null, "Shape__Area_2": 6.9444477048818953e-05, "Shape__Length_2": 0.033333341181332798 }, "geometry": { "type": "Polygon", "coordinates": [ [ [ -122.266682266955996, 47.516674819393202, 0.0 ], [ -122.258348931661004, 47.516674819393202, 0.0 ], [ -122.258348931661004, 47.508341484097897, 0.0 ], [ -122.266682266955996, 47.508341484097897, 0.0 ], [ -122.266682266955996, 47.516674819393202, 0.0 ] ] ] } },
{ "type": "Feature", "properties": { "OBJECTID": 360701, "CEILING": 100, "UNIT": "Feet", "MAP_EFF": "10/30/2025", "LAST_EDIT": "12/7/2017", "LATITUDE": 47.52084149, "LONGITUDE": -122.27084893, "GLOBALID": "5030f9ee-0d6a-47ed-b06e-00f2b8871af3", "ARPT_COUNT": 1, "APT1_FAAID": "BFI", "APT1_ICAO": "KBFI", "APT1_NAME": "Boeing Fld/King County Intl", "APT1_LAANC": 1, "APT2_FAAID": "", "APT2_ICAO": "", "APT2_NAME": "", "APT2_LAANC": null, "APT3_FAAID": "", "APT3_ICAO": "", "APT3_NAME": "", "APT3_LAANC": null, "APT4_FAAID": "", "APT4_ICAO": "", "APT4_NAME": "", "APT4_LAANC": null, "APT5_FAAID": "", "APT5_ICAO": "", "APT5_NAME": "", "APT5_LAANC": null, "AIRS_COUNT": 1, "AIRSPACE_1": "D", "AIRSPACE_2": "", "AIRSPACE_3": "", "AIRSPACE_4": "", "AIRSPACE_5": "", "REGION": "Western", "APT1_Enabled": "107-AA,107-FC,44809-AA", "APT2_Enabled": "", "APT3_Enabled": "", "APT4_Enabled": "", "APT5_Enabled": "", "Shape__Length": null, "Shape__Area": null, "Shape__Area_2": 6.9444468863366637e-05, "Shape__Length_2": 0.033333339181467636 }, "geometry": { "type": "Polygon", "coordinates": [ [ [ -122.275015602251003, 47.525008153688603, 0.0 ], [ -122.266682266955996, 47.525008153688603, 0.0 ], [ -122.266682266955996, 47.516674819393202, 0.0 ], [ -122.275015602251003, 47.516674819393202, 0.0 ], [ -122.275015602251003, 47.525008153688603, 0.0 ] ] ] } },
{ "type": "Feature", "properties": { "OBJECTID": 237421, "CEILING": 400, "UNIT": "Feet", "MAP_EFF": "10/30/2025", "LAST_EDIT": "9/23/2020", "LATITUDE": 47.52084149, "LONGITUDE": -122.25418226, "GLOBALID": "98e6e9f0-33b9-44ae-b239-47fb7c95fa38", "ARPT_COUNT": 2, "APT1_FAAID": "BFI", "APT1_ICAO": "KBFI", "APT1_NAME": "Boeing Fld/King County Intl", "APT1_LAANC": 1, "APT2_FAAID": "RNT", "APT2_ICAO": "KRNT", "APT2_NAME": "Renton Muni", "APT2_LAANC": 1.0, "APT3_FAAID": "", "APT3_ICAO": "", "APT3_NAME": "", "APT3_LAANC": null, "APT4_FAAID": "", "APT4_ICAO": "", "APT4_NAME": "", "APT4_LAANC": null, "APT5_FAAID": "", "APT5_ICAO": "", "APT5_NAME": "", "APT5_LAANC": null, "AIRS_COUNT": 2, "AIRSPACE_1": "D", "AIRSPACE_2": "D", "AIRSPACE_3": "", "AIRSPACE_4": "", "AIRSPACE_5": "", "REGION": "Western", "APT1_Enabled": "107-AA,107-FC,44809-AA", "APT2_Enabled": "107-AA,107-FC,44809-AA", "APT3_Enabled": "", "APT4_Enabled": "", "APT5_Enabled": "", "Shape__Length": null, "Shape__Area": null, "Shape__Area_2": 6.9444460677914321e-05, "Shape__Length_2": 0.0333333371813751 }, "geometry": { "type": "MultiPolygon", "coordinates": [ [ [ [ -122.258348931661004, 47.522148978425193, 0.0 ], [ -122.255486849462997, 47.520919486051902, 0.0 ], [ -122.253455291907002, 47.519022705000403, 0.0 ], [ -122.250959694648998, 47.517042222475801, 0.0 ], [ -122.250326486800162, 47.516674819393202, 0.0 ], [ -122.258348931661004, 47.516674819393202, 0.0 ], [ -122.258348931661004, 47.522148978425193, 0.0 ] ] ], [ [ [ -122.258348931661004, 47.525008153688603, 0.0 ], [ -122.257627560130558, 47.525008153688603, 0.0 ], [ -122.257636811647998, 47.524736993803103, 0.0 ], [ -122.258348931661004, 47.523559081679771, 0.0 ], [ -122.258348931661004, 47.525008153688603, 0.0 ] ] ] ] } },
{ "type": "Feature", "properties": { "OBJECTID": 237420, "CEILING": 400, "UNIT": "Feet", "MAP_EFF": "10/30/2025", "LAST_EDIT": "9/23/2020", "LATITUDE": 47.52084149, "LONGITUDE": -122.2625156, "GLOBALID": "5163ece7-3735-4a66-9cf6-10ac6f00d4f1", "ARPT_COUNT": 2, "APT1_FAAID": "BFI", "APT1_ICAO": "KBFI", "APT1_NAME": "Boeing Fld/King County Intl", "APT1_LAANC": 1, "APT2_FAAID": "RNT", "APT2_ICAO": "KRNT", "APT2_NAME": "Renton Muni", "APT2_LAANC": 1.0, "APT3_FAAID": "", "APT3_ICAO": "", "APT3_NAME": "", "APT3_LAANC": null, "APT4_FAAID": "", "APT4_ICAO": "", "APT4_NAME": "", "APT4_LAANC": null, "APT5_FAAID": "", "APT5_ICAO": "", "APT5_NAME": "", "APT5_LAANC": null, "AIRS_COUNT": 2, "AIRSPACE_1": "D", "AIRSPACE_2": "D", "AIRSPACE_3": "", "AIRSPACE_4": "", "AIRSPACE_5": "", "REGION": "Western", "APT1_Enabled": "107-AA,107-FC,44809-AA", "APT2_Enabled": "107-AA,107-FC,44809-AA", "APT3_Enabled": "", "APT4_Enabled": "", "APT5_Enabled": "", "Shape__Length": null, "Shape__Area": null, "Shape__Area_2": 6.9444468863366637e-05, "Shape__Length_2": 0.033333339181353949 }, "geometry": { "type": "Polygon", "coordinates": [ [ [ -122.266682266955996, 47.525008153688603, 0.0 ], [ -122.258348931661004, 47.525008153688603, 0.0 ], [ -122.258348931661004, 47.523559081679771, 0.0 ], [ -122.258490308381994, 47.523325231555397, 0.0 ], [ -122.259025723205994, 47.522439714324904, 0.0 ], [ -122.258348931661004, 47.522148978425193, 0.0 ], [ -122.258348931661004, 47.516674819393202, 0.0 ], [ -122.266682266955996, 47.516674819393202, 0.0 ], [ -122.266682266955996, 47.525008153688603, 0.0 ] ] ] } },
{ "type": "Feature", "properties": { "OBJECTID": 237517, "CEILING": 400, "UNIT": "Feet", "MAP_EFF": "10/30/2025", "LAST_EDIT": "9/23/2020", "LATITUDE": 47.52917482, "LONGITUDE": -122.25418226, "GLOBALID": "ef243bd3-4d55-44f0-afc7-9cd85e7aac16", "ARPT_COUNT": 2, "APT1_FAAID": "BFI", "APT1_ICAO": "KBFI", "APT1_NAME": "Boeing Fld/King County Intl", "APT1_LAANC": 1, "APT2_FAAID": "RNT", "APT2_ICAO": "KRNT", "APT2_NAME": "Renton Muni", "APT2_LAANC": 1.0, "APT3_FAAID": "", "APT3_ICAO": "", "APT3_NAME": "", "APT3_LAANC": null, "APT4_FAAID": "", "APT4_ICAO": "", "APT4_NAME": "", "APT4_LAANC": null, "APT5_FAAID": "", "APT5_ICAO": "", "APT5_NAME": "", "APT5_LAANC": null, "AIRS_COUNT": 2, "AIRSPACE_1": "D", "AIRSPACE_2": "D", "AIRSPACE_3": "", "AIRSPACE_4": "", "AIRSPACE_5": "", "REGION": "Western", "APT1_Enabled": "107-AA,107-FC,44809-AA", "APT2_Enabled": "107-AA,107-FC,44809-AA", "APT3_Enabled": "", "APT4_Enabled": "", "APT5_Enabled": "", "Shape__Length": null, "Shape__Area": null, "Shape__Area_2": 6.9444468863366637e-05, "Shape__Length_2": 0.033333339181353949 }, "geometry": { "type": "Polygon", "coordinates": [ [ [ -122.258348931661004, 47.529163885594713, 0.0 ], [ -122.257526951795995, 47.527956961240903, 0.0 ], [ -122.257627560130558, 47.525008153688603, 0.0 ], [ -122.258348931661004, 47.525008153688603, 0.0 ], [ -122.258348931661004, 47.529163885594713, 0.0 ] ] ] } },
{ "type": "Feature", "properties": { "OBJECTID": 237516, "CEILING": 400, "UNIT": "Feet", "MAP_EFF": "10/30/2025", "LAST_EDIT": "9/23/2020", "LATITUDE": 47.52917482, "LONGITUDE": -122.2625156, "GLOBALID": "18f6668c-dbf6-4dbd-b3a6-39a32ba3faf8", "ARPT_COUNT": 1, "APT1_FAAID": "BFI", "APT1_ICAO": "KBFI", "APT1_NAME": "Boeing Fld/King County Intl", "APT1_LAANC": 1, "APT2_FAAID": "", "APT2_ICAO": "", "APT2_NAME": "", "APT2_LAANC": null, "APT3_FAAID": "", "APT3_ICAO": "", "APT3_NAME": "", "APT3_LAANC": null, "APT4_FAAID": "", "APT4_ICAO": "", "APT4_NAME": "", "APT4_LAANC": null, "APT5_FAAID": "", "APT5_ICAO": "", "APT5_NAME": "", "APT5_LAANC": null, "AIRS_COUNT": 1, "AIRSPACE_1": "D", "AIRSPACE_2": "", "AIRSPACE_3": "", "AIRSPACE_4": "", "AIRSPACE_5": "", "REGION": "Western", "APT1_Enabled": "107-AA,107-FC,44809-AA", "APT2_Enabled": "", "APT3_Enabled": "", "APT4_Enabled": "", "APT5_Enabled": "", "Shape__Length": null, "Shape__Area": null, "Shape__Area_2": 6.9444477048818953e-05, "Shape__Length_2": 0.033333341181332798 }, "geometry": { "type": "Polygon", "coordinates": [ [ [ -122.266682266955996, 47.533341488983901, 0.0 ], [ -122.261051334763309, 47.533341488983901, 0.0 ], [ -122.260002311568002, 47.5315915660779, 0.0 ], [ -122.258348931661004, 47.529163885594713, 0.0 ], [ -122.258348931661004, 47.525008153688603, 0.0 ], [ -122.266682266955996, 47.525008153688603, 0.0 ], [ -122.266682266955996, 47.533341488983901, 0.0 ] ] ] } },
{ "type": "Feature", "properties": { "OBJECTID": 237614, "CEILING": 400, "UNIT": "Feet", "MAP_EFF": "10/30/2025", "LAST_EDIT": "9/23/2020", "LATITUDE": 47.53750816, "LONGITUDE": -122.25418226, "GLOBALID": "ae9d5eeb-088b-44a9-9d3e-e9f7dde00c69", "ARPT_COUNT": 2, "APT1_FAAID": "BFI", "APT1_ICAO": "KBFI", "APT1_NAME": "Boeing Fld/King County Intl", "APT1_LAANC": 1, "APT2_FAAID": "RNT", "APT2_ICAO": "KRNT", "APT2_NAME": "Renton Muni", "APT2_LAANC": 1.0, "APT3_FAAID": "", "APT3_ICAO": "", "APT3_NAME": "", "APT3_LAANC": null, "APT4_FAAID": "", "APT4_ICAO": "", "APT4_NAME": "", "APT4_LAANC": null, "APT5_FAAID": "", "APT5_ICAO": "", "APT5_NAME": "", "APT5_LAANC": null, "AIRS_COUNT": 2, "AIRSPACE_1": "D", "AIRSPACE_2": "D", "AIRSPACE_3": "", "AIRSPACE_4": "", "AIRSPACE_5": "", "REGION": "Western", "APT1_Enabled": "107-AA,107-FC,44809-AA", "APT2_Enabled": "107-AA,107-FC,44809-AA", "APT3_Enabled": "", "APT4_Enabled": "", "APT5_Enabled": "", "Shape__Length": null, "Shape__Area": null, "Shape__Area_2": 6.9444468863366637e-05, "Shape__Length_2": 0.033333339181353949 }, "geometry": { "type": "Polygon", "coordinates": [ [ [ -122.258348931661004, 47.541674824279298, 0.0 ], [ -122.256347736019634, 47.541674824279298, 0.0 ], [ -122.256511124404994, 47.541514677264097, 0.0 ], [ -122.258015479155006, 47.538590119749003, 0.0 ], [ -122.258348931661004, 47.538133031269076, 0.0 ], [ -122.258348931661004, 47.541674824279298, 0.0 ] ] ] } },
{ "type": "Feature", "properties": { "OBJECTID": 237613, "CEILING": 400, "UNIT": "Feet", "MAP_EFF": "10/30/2025", "LAST_EDIT": "9/23/2020", "LATITUDE": 47.53750816, "LONGITUDE": -122.2625156, "GLOBALID": "e8cd0b77-6fc0-4185-81d2-2a420604b838", "ARPT_COUNT": 1, "APT1_FAAID": "BFI", "APT1_ICAO": "KBFI", "APT1_NAME": "Boeing Fld/King County Intl", "APT1_LAANC": 1, "APT2_FAAID": "", "APT2_ICAO": "", "APT2_NAME": "", "APT2_LAANC": null, "APT3_FAAID": "", "APT3_ICAO": "", "APT3_NAME": "", "APT3_LAANC": null, "APT4_FAAID": "", "APT4_ICAO": "", "APT4_NAME": "", "APT4_LAANC": null, "APT5_FAAID": "", "APT5_ICAO": "", "APT5_NAME": "", "APT5_LAANC": null, "AIRS_COUNT": 1, "AIRSPACE_1": "D", "AIRSPACE_2": "", "AIRSPACE_3": "", "AIRSPACE_4": "", "AIRSPACE_5": "", "REGION": "Western", "APT1_Enabled": "107-AA,107-FC,44809-AA", "APT2_Enabled": "", "APT3_Enabled": "", "APT4_Enabled": "", "APT5_Enabled": "", "Shape__Length": null, "Shape__Area": null, "Shape__Area_2": 6.9444477048818953e-05, "Shape__Length_2": 0.033333341181332798 }, "geometry": { "type": "Polygon", "coordinates": [ [ [ -122.266682266955996, 47.541674824279298, 0.0 ], [ -122.258348931661004, 47.541674824279298, 0.0 ], [ -122.258348931661004, 47.538133031269076, 0.0 ], [ -122.259924391842006, 47.535973429267699, 0.0 ], [ -122.260431043482996, 47.535253599787403, 0.0 ], [ -122.261385385908, 47.533898734765003, 0.0 ], [ -122.261051334763309, 47.533341488983901, 0.0 ], [ -122.266682266955996, 47.533341488983901, 0.0 ], [ -122.266682266955996, 47.541674824279298, 0.0 ] ] ] } },
{ "type": "Feature", "properties": { "OBJECTID": 237418, "CEILING": 0, "UNIT": "Feet", "MAP_EFF": "10/30/2025", "LAST_EDIT": "12/7/2017", "LATITUDE": 47.52084149, "LONGITUDE": -122.2875156, "GLOBALID": "59a5151b-53bd-45ee-bc69-56e1f7e97e7e", "ARPT_COUNT": 1, "APT1_FAAID": "BFI", "APT1_ICAO": "KBFI", "APT1_NAME": "Boeing Fld/King County Intl", "APT1_LAANC": 0, "APT2_FAAID": "", "APT2_ICAO": "", "APT2_NAME": "", "APT2_LAANC": null, "APT3_FAAID": "", "APT3_ICAO": "", "APT3_NAME": "", "APT3_LAANC": null, "APT4_FAAID": "", "APT4_ICAO": "", "APT4_NAME": "", "APT4_LAANC": null, "APT5_FAAID": "", "APT5_ICAO": "", "APT5_NAME": "", "APT5_LAANC": null, "AIRS_COUNT": 1, "AIRSPACE_1": "D", "AIRSPACE_2": "", "AIRSPACE_3": "", "AIRSPACE_4": "", "AIRSPACE_5": "", "REGION": "Western", "APT1_Enabled": "", "APT2_Enabled": "", "APT3_Enabled": "", "APT4_Enabled": "", "APT5_Enabled": "", "Shape__Length": null, "Shape__Area": null, "Shape__Area_2": 6.9444468863366637e-05, "Shape__Length_2": 0.033333339181353949 }, "geometry": { "type": "Polygon", "coordinates": [ [ [ -122.291682271842006, 47.525008153688603, 0.0 ], [ -122.283348936547, 47.525008153688603, 0.0 ], [ -122.283348936547, 47.516674819393202, 0.0 ], [ -122.291267323978943, 47.516674819393202, 0.0 ], [ -122.291264961617998, 47.516889034145699, 0.0 ], [ -122.291265818347, 47.518309623810801, 0.0 ], [ -122.291267031863995, 47.519144727887898, 0.0 ], [ -122.291267785168998, 47.519660805959496, 0.0 ], [ -122.291268550555998, 47.520184662674602, 0.0 ], [ -122.291269136336993, 47.520917169786102, 0.0 ], [ -122.291270375235996, 47.521847800046302, 0.0 ], [ -122.291271016828006, 47.522328043941002, 0.0 ], [ -122.291274988590999, 47.524274822545401, 0.0 ], [ -122.291276451220995, 47.524280300396903, 0.0 ], [ -122.291276674949003, 47.524280951383297, 0.0 ], [ -122.291682271842006, 47.524288246492183, 0.0 ], [ -122.291682271842006, 47.525008153688603, 0.0 ] ] ] } },
{ "type": "Feature", "properties": { "OBJECTID": 237419, "CEILING": 100, "UNIT": "Feet", "MAP_EFF": "10/30/2025", "LAST_EDIT": "12/7/2017", "LATITUDE": 47.52084149, "LONGITUDE": -122.27918227000001, "GLOBALID": "f93a8690-6f1b-494c-bbb3-90e08e0b86c6", "ARPT_COUNT": 1, "APT1_FAAID": "BFI", "APT1_ICAO": "KBFI", "APT1_NAME": "Boeing Fld/King County Intl", "APT1_LAANC": 1, "APT2_FAAID": "", "APT2_ICAO": "", "APT2_NAME": "", "APT2_LAANC": null, "APT3_FAAID": "", "APT3_ICAO": "", "APT3_NAME": "", "APT3_LAANC": null, "APT4_FAAID": "", "APT4_ICAO": "", "APT4_NAME": "", "APT4_LAANC": null, "APT5_FAAID": "", "APT5_ICAO": "", "APT5_NAME": "", "APT5_LAANC": null, "AIRS_COUNT": 1, "AIRSPACE_1": "D", "AIRSPACE_2": "", "AIRSPACE_3": "", "AIRSPACE_4": "", "AIRSPACE_5": "", "REGION": "Western", "APT1_Enabled": "107-AA,107-FC,44809-AA", "APT2_Enabled": "", "APT3_Enabled": "", "APT4_Enabled": "", "APT5_Enabled": "", "Shape__Length": null, "Shape__Area": null, "Shape__Area_2": 6.944445976841962e-05, "Shape__Length_2": 0.0333333371813751 }, "geometry": { "type": "Polygon", "coordinates": [ [ [ -122.283348936547, 47.525008153688603, 0.0 ], [ -122.275015602251003, 47.525008153688603, 0.0 ], [ -122.275015602251003, 47.516674819393202, 0.0 ], [ -122.283348936547, 47.516674819393202, 0.0 ], [ -122.283348936547, 47.525008153688603, 0.0 ] ] ] } },
{ "type": "Feature", "properties": { "OBJECTID": 237514, "CEILING": 100, "UNIT": "Feet", "MAP_EFF": "10/30/2025", "LAST_EDIT": "12/7/2017", "LATITUDE": 47.52917482, "LONGITUDE": -122.27918227000001, "GLOBALID": "8e2d20f5-1d7b-411b-bb76-2b337730ea10", "ARPT_COUNT": 1, "APT1_FAAID": "BFI", "APT1_ICAO": "KBFI", "APT1_NAME": "Boeing Fld/King County Intl", "APT1_LAANC": 1, "APT2_FAAID": "", "APT2_ICAO": "", "APT2_NAME": "", "APT2_LAANC": null, "APT3_FAAID": "", "APT3_ICAO": "", "APT3_NAME": "", "APT3_LAANC": null, "APT4_FAAID": "", "APT4_ICAO": "", "APT4_NAME": "", "APT4_LAANC": null, "APT5_FAAID": "", "APT5_ICAO": "", "APT5_NAME": "", "APT5_LAANC": null, "AIRS_COUNT": 1, "AIRSPACE_1": "D", "AIRSPACE_2": "", "AIRSPACE_3": "", "AIRSPACE_4": "", "AIRSPACE_5": "", "REGION": "Western", "APT1_Enabled": "107-AA,107-FC,44809-AA", "APT2_Enabled": "", "APT3_Enabled": "", "APT4_Enabled": "", "APT5_Enabled": "", "Shape__Length": null, "Shape__Area": null, "Shape__Area_2": 6.9444469772861339e-05, "Shape__Length_2": 0.033333339181353949 }, "geometry": { "type": "Polygon", "coordinates": [ [ [ -122.283348936547, 47.533341488983901, 0.0 ], [ -122.275015602251003, 47.533341488983901, 0.0 ], [ -122.275015602251003, 47.525008153688603, 0.0 ], [ -122.283348936547, 47.525008153688603, 0.0 ], [ -122.283348936547, 47.533341488983901, 0.0 ] ] ] } },
{ "type": "Feature", "properties": { "OBJECTID": 237515, "CEILING": 100, "UNIT": "Feet", "MAP_EFF": "10/30/2025", "LAST_EDIT": "12/7/2017", "LATITUDE": 47.52917482, "LONGITUDE": -122.27084893, "GLOBALID": "f1258c88-69d3-4445-ba83-5760a5dbf9c5", "ARPT_COUNT": 1, "APT1_FAAID": "BFI", "APT1_ICAO": "KBFI", "APT1_NAME": "Boeing Fld/King County Intl", "APT1_LAANC": 1, "APT2_FAAID": "", "APT2_ICAO": "", "APT2_NAME": "", "APT2_LAANC": null, "APT3_FAAID": "", "APT3_ICAO": "", "APT3_NAME": "", "APT3_LAANC": null, "APT4_FAAID": "", "APT4_ICAO": "", "APT4_NAME": "", "APT4_LAANC": null, "APT5_FAAID": "", "APT5_ICAO": "", "APT5_NAME": "", "APT5_LAANC": null, "AIRS_COUNT": 1, "AIRSPACE_1": "D", "AIRSPACE_2": "", "AIRSPACE_3": "", "AIRSPACE_4": "", "AIRSPACE_5": "", "REGION": "Western", "APT1_Enabled": "107-AA,107-FC,44809-AA", "APT2_Enabled": "", "APT3_Enabled": "", "APT4_Enabled": "", "APT5_Enabled": "", "Shape__Length": null, "Shape__Area": null, "Shape__Area_2": 6.9444477048818953e-05, "Shape__Length_2": 0.033333341181446485 }, "geometry": { "type": "Polygon", "coordinates": [ [ [ -122.275015602251003, 47.533341488983901, 0.0 ], [ -122.266682266955996, 47.533341488983901, 0.0 ], [ -122.266682266955996, 47.525008153688603, 0.0 ], [ -122.275015602251003, 47.525008153688603, 0.0 ], [ -122.275015602251003, 47.533341488983901, 0.0 ] ] ] } },
{ "type": "Feature", "properties": { "OBJECTID": 360720, "CEILING": 0, "UNIT": "Feet", "MAP_EFF": "10/30/2025", "LAST_EDIT": "12/7/2017", "LATITUDE": 47.52917482, "LONGITUDE": -122.2875156, "GLOBALID": "a3a4f4fe-ac30-4d90-a79a-fbb0c9c79fe6", "ARPT_COUNT": 1, "APT1_FAAID": "BFI", "APT1_ICAO": "KBFI", "APT1_NAME": "Boeing Fld/King County Intl", "APT1_LAANC": 1, "APT2_FAAID": "", "APT2_ICAO": "", "APT2_NAME": "", "APT2_LAANC": null, "APT3_FAAID": "", "APT3_ICAO": "", "APT3_NAME": "", "APT3_LAANC": null, "APT4_FAAID": "", "APT4_ICAO": "", "APT4_NAME": "", "APT4_LAANC": null, "APT5_FAAID": "", "APT5_ICAO": "", "APT5_NAME": "", "APT5_LAANC": null, "AIRS_COUNT": 1, "AIRSPACE_1": "D", "AIRSPACE_2": "", "AIRSPACE_3": "", "AIRSPACE_4": "", "AIRSPACE_5": "", "REGION": "Western", "APT1_Enabled": "107-AA,107-FC,44809-AA", "APT2_Enabled": "", "APT3_Enabled": "", "APT4_Enabled": "", "APT5_Enabled": "", "Shape__Length": null, "Shape__Area": null, "Shape__Area_2": 6.9444476139324252e-05, "Shape__Length_2": 0.033333341181332798 }, "geometry": { "type": "Polygon", "coordinates": [ [ [ -122.291682271842006, 47.533341488983901, 0.0 ], [ -122.283348936547, 47.533341488983901, 0.0 ], [ -122.283348936547, 47.525008153688603, 0.0 ], [ -122.291682271842006, 47.525008153688603, 0.0 ], [ -122.291682271842006, 47.533341488983901, 0.0 ] ] ] } },
{ "type": "Feature", "properties": { "OBJECTID": 237610, "CEILING": 0, "UNIT": "Feet", "MAP_EFF": "10/30/2025", "LAST_EDIT": "12/7/2017", "LATITUDE": 47.53750816, "LONGITUDE": -122.2875156, "GLOBALID": "0fb736bf-6ab5-4897-867f-c4fbe53c5dc9", "ARPT_COUNT": 1, "APT1_FAAID": "BFI", "APT1_ICAO": "KBFI", "APT1_NAME": "Boeing Fld/King County Intl", "APT1_LAANC": 1, "APT2_FAAID": "", "APT2_ICAO": "", "APT2_NAME": "", "APT2_LAANC": null, "APT3_FAAID": "", "APT3_ICAO": "", "APT3_NAME": "", "APT3_LAANC": null, "APT4_FAAID": "", "APT4_ICAO": "", "APT4_NAME": "", "APT4_LAANC": null, "APT5_FAAID": "", "APT5_ICAO": "", "APT5_NAME": "", "APT5_LAANC": null, "AIRS_COUNT": 1, "AIRSPACE_1": "D", "AIRSPACE_2": "", "AIRSPACE_3": "", "AIRSPACE_4": "", "AIRSPACE_5": "", "REGION": "Western", "APT1_Enabled": "107-AA,107-FC,44809-AA", "APT2_Enabled": "", "APT3_Enabled": "", "APT4_Enabled": "", "APT5_Enabled": "", "Shape__Length": null, "Shape__Area": null, "Shape__Area_2": 6.9444477958313655e-05, "Shape__Length_2": 0.033333341181332798 }, "geometry": { "type": "Polygon", "coordinates": [ [ [ -122.291682271842006, 47.541674824279298, 0.0 ], [ -122.283348936547, 47.541674824279298, 0.0 ], [ -122.283348936547, 47.533341488983901, 0.0 ], [ -122.291682271842006, 47.533341488983901, 0.0 ], [ -122.291682271842006, 47.541674824279298, 0.0 ] ] ] } },
{ "type": "Feature", "properties": { "OBJECTID": 360737, "CEILING": 100, "UNIT": "Feet", "MAP_EFF": "10/30/2025", "LAST_EDIT": "12/7/2017", "LATITUDE": 47.53750816, "LONGITUDE": -122.27084893, "GLOBALID": "f3db2c74-51c1-4760-a3fc-c8f46ace773d", "ARPT_COUNT": 1, "APT1_FAAID": "BFI", "APT1_ICAO": "KBFI", "APT1_NAME": "Boeing Fld/King County Intl", "APT1_LAANC": 1, "APT2_FAAID": "", "APT2_ICAO": "", "APT2_NAME": "", "APT2_LAANC": null, "APT3_FAAID": "", "APT3_ICAO": "", "APT3_NAME": "", "APT3_LAANC": null, "APT4_FAAID": "", "APT4_ICAO": "", "APT4_NAME": "", "APT4_LAANC": null, "APT5_FAAID": "", "APT5_ICAO": "", "APT5_NAME": "", "APT5_LAANC": null, "AIRS_COUNT": 1, "AIRSPACE_1": "D", "AIRSPACE_2": "", "AIRSPACE_3": "", "AIRSPACE_4": "", "AIRSPACE_5": "", "REGION": "Western", "APT1_Enabled": "107-AA,107-FC,44809-AA", "APT2_Enabled": "", "APT3_Enabled": "", "APT4_Enabled": "", "APT5_Enabled": "", "Shape__Length": null, "Shape__Area": null, "Shape__Area_2": 6.9444477048818953e-05, "Shape__Length_2": 0.033333341181446485 }, "geometry": { "type": "Polygon", "coordinates": [ [ [ -122.275015602251003, 47.541674824279298, 0.0 ], [ -122.266682266955996, 47.541674824279298, 0.0 ], [ -122.266682266955996, 47.533341488983901, 0.0 ], [ -122.275015602251003, 47.533341488983901, 0.0 ], [ -122.275015602251003, 47.541674824279298, 0.0 ] ] ] } },
{ "type": "Feature", "properties": { "OBJECTID": 237611, "CEILING": 100, "UNIT": "Feet", "MAP_EFF": "10/30/2025", "LAST_EDIT": "12/7/2017", "LATITUDE": 47.53750816, "LONGITUDE": -122.27918227000001, "GLOBALID": "2c6a7de3-f7d0-4b6e-b653-d99610106469", "ARPT_COUNT": 1, "APT1_FAAID": "BFI", "APT1_ICAO": "KBFI", "APT1_NAME": "Boeing Fld/King County Intl", "APT1_LAANC": 1, "APT2_FAAID": "", "APT2_ICAO": "", "APT2_NAME": "", "APT2_LAANC": null, "APT3_FAAID": "", "APT3_ICAO": "", "APT3_NAME": "", "APT3_LAANC": null, "APT4_FAAID": "", "APT4_ICAO": "", "APT4_NAME": "", "APT4_LAANC": null, "APT5_FAAID": "", "APT5_ICAO": "", "APT5_NAME": "", "APT5_LAANC": null, "AIRS_COUNT": 1, "AIRSPACE_1": "D", "AIRSPACE_2": "", "AIRSPACE_3": "", "AIRSPACE_4": "", "AIRSPACE_5": "", "REGION": "Western", "APT1_Enabled": "107-AA,107-FC,44809-AA", "APT2_Enabled": "", "APT3_Enabled": "", "APT4_Enabled": "", "APT5_Enabled": "", "Shape__Length": null, "Shape__Area": null, "Shape__Area_2": 6.9444468863366637e-05, "Shape__Length_2": 0.033333339181353949 }, "geometry": { "type": "Polygon", "coordinates": [ [ [ -122.283348936547, 47.541674824279298, 0.0 ], [ -122.275015602251003, 47.541674824279298, 0.0 ], [ -122.275015602251003, 47.533341488983901, 0.0 ], [ -122.283348936547, 47.533341488983901, 0.0 ], [ -122.283348936547, 47.541674824279298, 0.0 ] ] ] } },
{ "type": "Feature", "properties": { "OBJECTID": 237728, "CEILING": 100, "UNIT": "Feet", "MAP_EFF": "10/30/2025", "LAST_EDIT": "12/7/2017", "LATITUDE": 47.54584149, "LONGITUDE": -122.27918227000001, "GLOBALID": "6885ef7f-9bb3-4aa7-aca0-124737ddc6b2", "ARPT_COUNT": 1, "APT1_FAAID": "BFI", "APT1_ICAO": "KBFI", "APT1_NAME": "Boeing Fld/King County Intl", "APT1_LAANC": 1, "APT2_FAAID": "", "APT2_ICAO": "", "APT2_NAME": "", "APT2_LAANC": null, "APT3_FAAID": "", "APT3_ICAO": "", "APT3_NAME": "", "APT3_LAANC": null, "APT4_FAAID": "", "APT4_ICAO": "", "APT4_NAME": "", "APT4_LAANC": null, "APT5_FAAID": "", "APT5_ICAO": "", "APT5_NAME": "", "APT5_LAANC": null, "AIRS_COUNT": 1, "AIRSPACE_1": "D", "AIRSPACE_2": "", "AIRSPACE_3": "", "AIRSPACE_4": "", "AIRSPACE_5": "", "REGION": "Western", "APT1_Enabled": "107-AA,107-FC,44809-AA", "APT2_Enabled": "", "APT3_Enabled": "", "APT4_Enabled": "", "APT5_Enabled": "", "Shape__Length": null, "Shape__Area": null, "Shape__Area_2": 6.944445976841962e-05, "Shape__Length_2": 0.0333333371813751 }, "geometry": { "type": "Polygon", "coordinates": [ [ [ -122.283348936547, 47.550008158574599, 0.0 ], [ -122.275015602251003, 47.550008158574599, 0.0 ], [ -122.275015602251003, 47.541674824279298, 0.0 ], [ -122.283348936547, 47.541674824279298, 0.0 ], [ -122.283348936547, 47.550008158574599, 0.0 ] ] ] } },
{ "type": "Feature", "properties": { "OBJECTID": 237727, "CEILING": 0, "UNIT": "Feet", "MAP_EFF": "10/30/2025", "LAST_EDIT": "12/7/2017", "LATITUDE": 47.54584149, "LONGITUDE": -122.2875156, "GLOBALID": "c50a377f-8edb-42e9-a896-d69d562537eb", "ARPT_COUNT": 1, "APT1_FAAID": "BFI", "APT1_ICAO": "KBFI", "APT1_NAME": "Boeing Fld/King County Intl", "APT1_LAANC": 1, "APT2_FAAID": "", "APT2_ICAO": "", "APT2_NAME": "", "APT2_LAANC": null, "APT3_FAAID": "", "APT3_ICAO": "", "APT3_NAME": "", "APT3_LAANC": null, "APT4_FAAID": "", "APT4_ICAO": "", "APT4_NAME": "", "APT4_LAANC": null, "APT5_FAAID": "", "APT5_ICAO": "", "APT5_NAME": "", "APT5_LAANC": null, "AIRS_COUNT": 1, "AIRSPACE_1": "D", "AIRSPACE_2": "", "AIRSPACE_3": "", "AIRSPACE_4": "", "AIRSPACE_5": "", "REGION": "Western", "APT1_Enabled": "107-AA,107-FC,44809-AA", "APT2_Enabled": "", "APT3_Enabled": "", "APT4_Enabled": "", "APT5_Enabled": "", "Shape__Length": null, "Shape__Area": null, "Shape__Area_2": 6.9444468863366637e-05, "Shape__Length_2": 0.033333339181353949 }, "geometry": { "type": "Polygon", "coordinates": [ [ [ -122.291682271842006, 47.550008158574599, 0.0 ], [ -122.283348936547, 47.550008158574599, 0.0 ], [ -122.283348936547, 47.541674824279298, 0.0 ], [ -122.291682271842006, 47.541674824279298, 0.0 ], [ -122.291682271842006, 47.550008158574599, 0.0 ] ] ] } },
{ "type": "Feature", "properties": { "OBJECTID": 360758, "CEILING": 50, "UNIT": "Feet", "MAP_EFF": "10/30/2025", "LAST_EDIT": "9/23/2020", "LATITUDE": 47.54584149, "LONGITUDE": -122.24584893000001, "GLOBALID": "9e681f48-ec63-4a98-b829-f4f2b3c64d1a", "ARPT_COUNT": 2, "APT1_FAAID": "BFI", "APT1_ICAO": "KBFI", "APT1_NAME": "Boeing Fld/King County Intl", "APT1_LAANC": 1, "APT2_FAAID": "RNT", "APT2_ICAO": "KRNT", "APT2_NAME": "Renton Muni", "APT2_LAANC": 1.0, "APT3_FAAID": "", "APT3_ICAO": "", "APT3_NAME": "", "APT3_LAANC": null, "APT4_FAAID": "", "APT4_ICAO": "", "APT4_NAME": "", "APT4_LAANC": null, "APT5_FAAID": "", "APT5_ICAO": "", "APT5_NAME": "", "APT5_LAANC": null, "AIRS_COUNT": 2, "AIRSPACE_1": "D", "AIRSPACE_2": "D", "AIRSPACE_3": "", "AIRSPACE_4": "", "AIRSPACE_5": "", "REGION": "Western", "APT1_Enabled": "107-AA,107-FC,44809-AA", "APT2_Enabled": "107-AA,107-FC,44809-AA", "APT3_Enabled": "", "APT4_Enabled": "", "APT5_Enabled": "", "Shape__Length": null, "Shape__Area": null, "Shape__Area_2": 6.9444467953871936e-05, "Shape__Length_2": 0.033333339181353949 }, "geometry": { "type": "Polygon", "coordinates": [ [ [ -122.250015597365007, 47.550008158574599, 0.0 ], [ -122.243984886667917, 47.550008158574599, 0.0 ], [ -122.245904894323004, 47.547587285647403, 0.0 ], [ -122.246616605529994, 47.546689572000098, 0.0 ], [ -122.250015597365007, 47.54568246654182, 0.0 ], [ -122.250015597365007, 47.550008158574599, 0.0 ] ] ] } },
{ "type": "Feature", "properties": { "OBJECTID": 237847, "CEILING": 50, "UNIT": "Feet", "MAP_EFF": "10/30/2025", "LAST_EDIT": "9/23/2020", "LATITUDE": 47.55417483, "LONGITUDE": -122.24584893000001, "GLOBALID": "b3c89259-46a4-4078-9e71-3ffe36a0814c", "ARPT_COUNT": 1, "APT1_FAAID": "BFI", "APT1_ICAO": "KBFI", "APT1_NAME": "Boeing Fld/King County Intl", "APT1_LAANC": 1, "APT2_FAAID": "", "APT2_ICAO": "", "APT2_NAME": "", "APT2_LAANC": null, "APT3_FAAID": "", "APT3_ICAO": "", "APT3_NAME": "", "APT3_LAANC": null, "APT4_FAAID": "", "APT4_ICAO": "", "APT4_NAME": "", "APT4_LAANC": null, "APT5_FAAID": "", "APT5_ICAO": "", "APT5_NAME": "", "APT5_LAANC": null, "AIRS_COUNT": 1, "AIRSPACE_1": "D", "AIRSPACE_2": "", "AIRSPACE_3": "", "AIRSPACE_4": "", "AIRSPACE_5": "", "REGION": "Western", "APT1_Enabled": "107-AA,107-FC,44809-AA", "APT2_Enabled": "", "APT3_Enabled": "", "APT4_Enabled": "", "APT5_Enabled": "", "Shape__Length": null, "Shape__Area": null, "Shape__Area_2": 6.9444477958313655e-05, "Shape__Length_2": 0.033333341181446485 }, "geometry": { "type": "Polygon", "coordinates": [ [ [ -122.250015597365007, 47.558341493870003, 0.0 ], [ -122.243207546206364, 47.558341493870003, 0.0 ], [ -122.242676664526002, 47.5572435981314, 0.0 ], [ -122.242785591596004, 47.551520309301502, 0.0 ], [ -122.243984886667917, 47.550008158574599, 0.0 ], [ -122.250015597365007, 47.550008158574599, 0.0 ], [ -122.250015597365007, 47.558341493870003, 0.0 ] ] ] } },
{ "type": "Feature", "properties": { "OBJECTID": 237730, "CEILING": 400, "UNIT": "Feet", "MAP_EFF": "10/30/2025", "LAST_EDIT": "9/23/2020", "LATITUDE": 47.54584149, "LONGITUDE": -122.2625156, "GLOBALID": "088cd645-efcb-472b-bade-4689567a3204", "ARPT_COUNT": 1, "APT1_FAAID": "BFI", "APT1_ICAO": "KBFI", "APT1_NAME": "Boeing Fld/King County Intl", "APT1_LAANC": 1, "APT2_FAAID": "", "APT2_ICAO": "", "APT2_NAME": "", "APT2_LAANC": null, "APT3_FAAID": "", "APT3_ICAO": "", "APT3_NAME": "", "APT3_LAANC": null, "APT4_FAAID": "", "APT4_ICAO": "", "APT4_NAME": "", "APT4_LAANC": null, "APT5_FAAID": "", "APT5_ICAO": "", "APT5_NAME": "", "APT5_LAANC": null, "AIRS_COUNT": 1, "AIRSPACE_1": "D", "AIRSPACE_2": "", "AIRSPACE_3": "", "AIRSPACE_4": "", "AIRSPACE_5": "", "REGION": "Western", "APT1_Enabled": "107-AA,107-FC,44809-AA", "APT2_Enabled": "", "APT3_Enabled": "", "APT4_Enabled": "", "APT5_Enabled": "", "Shape__Length": null, "Shape__Area": null, "Shape__Area_2": 6.9444468863366637e-05, "Shape__Length_2": 0.033333339181353949 }, "geometry": { "type": "Polygon", "coordinates": [ [ [ -122.266682266955996, 47.550008158574599, 0.0 ], [ -122.258348931661004, 47.550008158574599, 0.0 ], [ -122.258348931661004, 47.541674824279298, 0.0 ], [ -122.266682266955996, 47.541674824279298, 0.0 ], [ -122.266682266955996, 47.550008158574599, 0.0 ] ] ] } },
{ "type": "Feature", "properties": { "OBJECTID": 237729, "CEILING": 100, "UNIT": "Feet", "MAP_EFF": "10/30/2025", "LAST_EDIT": "12/7/2017", "LATITUDE": 47.54584149, "LONGITUDE": -122.27084893, "GLOBALID": "6e0dcdf4-8239-4e36-bcaf-2f3a33a87ceb", "ARPT_COUNT": 1, "APT1_FAAID": "BFI", "APT1_ICAO": "KBFI", "APT1_NAME": "Boeing Fld/King County Intl", "APT1_LAANC": 1, "APT2_FAAID": "", "APT2_ICAO": "", "APT2_NAME": "", "APT2_LAANC": null, "APT3_FAAID": "", "APT3_ICAO": "", "APT3_NAME": "", "APT3_LAANC": null, "APT4_FAAID": "", "APT4_ICAO": "", "APT4_NAME": "", "APT4_LAANC": null, "APT5_FAAID": "", "APT5_ICAO": "", "APT5_NAME": "", "APT5_LAANC": null, "AIRS_COUNT": 1, "AIRSPACE_1": "D", "AIRSPACE_2": "", "AIRSPACE_3": "", "AIRSPACE_4": "", "AIRSPACE_5": "", "REGION": "Western", "APT1_Enabled": "107-AA,107-FC,44809-AA", "APT2_Enabled": "", "APT3_Enabled": "", "APT4_Enabled": "", "APT5_Enabled": "", "Shape__Length": null, "Shape__Area": null, "Shape__Area_2": 6.9444468863366637e-05, "Shape__Length_2": 0.033333339181467636 }, "geometry": { "type": "Polygon", "coordinates": [ [ [ -122.275015602251003, 47.550008158574599, 0.0 ], [ -122.266682266955996, 47.550008158574599, 0.0 ], [ -122.266682266955996, 47.541674824279298, 0.0 ], [ -122.275015602251003, 47.541674824279298, 0.0 ], [ -122.275015602251003, 47.550008158574599, 0.0 ] ] ] } },
{ "type": "Feature", "properties": { "OBJECTID": 237731, "CEILING": 400, "UNIT": "Feet", "MAP_EFF": "10/30/2025", "LAST_EDIT": "9/23/2020", "LATITUDE": 47.54584149, "LONGITUDE": -122.25418226, "GLOBALID": "5f7035a8-97cf-4b38-a602-1d8212c81837", "ARPT_COUNT": 1, "APT1_FAAID": "BFI", "APT1_ICAO": "KBFI", "APT1_NAME": "Boeing Fld/King County Intl", "APT1_LAANC": 1, "APT2_FAAID": "", "APT2_ICAO": "", "APT2_NAME": "", "APT2_LAANC": null, "APT3_FAAID": "", "APT3_ICAO": "", "APT3_NAME": "", "APT3_LAANC": null, "APT4_FAAID": "", "APT4_ICAO": "", "APT4_NAME": "", "APT4_LAANC": null, "APT5_FAAID": "", "APT5_ICAO": "", "APT5_NAME": "", "APT5_LAANC": null, "AIRS_COUNT": 1, "AIRSPACE_1": "D", "AIRSPACE_2": "", "AIRSPACE_3": "", "AIRSPACE_4": "", "AIRSPACE_5": "", "REGION": "Western", "APT1_Enabled": "107-AA,107-FC,44809-AA", "APT2_Enabled": "", "APT3_Enabled": "", "APT4_Enabled": "", "APT5_Enabled": "", "Shape__Length": null, "Shape__Area": null, "Shape__Area_2": 6.9444460677914321e-05, "Shape__Length_2": 0.0333333371813751 }, "geometry": { "type": "Polygon", "coordinates": [ [ [ -122.258348931661004, 47.550008158574599, 0.0 ], [ -122.250015597365007, 47.550008158574599, 0.0 ], [ -122.250015597365007, 47.54568246654182, 0.0 ], [ -122.253231666754999, 47.544729560152497, 0.0 ], [ -122.254866016552, 47.543127148748901, 0.0 ], [ -122.256347736019634, 47.541674824279298, 0.0 ], [ -122.258348931661004, 47.541674824279298, 0.0 ], [ -122.258348931661004, 47.550008158574599, 0.0 ] ] ] } },
{ "type": "Feature", "properties": { "OBJECTID": 360778, "CEILING": 400, "UNIT": "Feet", "MAP_EFF": "10/30/2025", "LAST_EDIT": "12/7/2017", "LATITUDE": 47.55417483, "LONGITUDE": -122.25418226, "GLOBALID": "96edeb30-1429-4fb2-be34-cc94565d4ea3", "ARPT_COUNT": 1, "APT1_FAAID": "BFI", "APT1_ICAO": "KBFI", "APT1_NAME": "Boeing Fld/King County Intl", "APT1_LAANC": 1, "APT2_FAAID": "", "APT2_ICAO": "", "APT2_NAME": "", "APT2_LAANC": null, "APT3_FAAID": "", "APT3_ICAO": "", "APT3_NAME": "", "APT3_LAANC": null, "APT4_FAAID": "", "APT4_ICAO": "", "APT4_NAME": "", "APT4_LAANC": null, "APT5_FAAID": "", "APT5_ICAO": "", "APT5_NAME": "", "APT5_LAANC": null, "AIRS_COUNT": 1, "AIRSPACE_1": "D", "AIRSPACE_2": "", "AIRSPACE_3": "", "AIRSPACE_4": "", "AIRSPACE_5": "", "REGION": "Western", "APT1_Enabled": "107-AA,107-FC,44809-AA", "APT2_Enabled": "", "APT3_Enabled": "", "APT4_Enabled": "", "APT5_Enabled": "", "Shape__Length": null, "Shape__Area": null, "Shape__Area_2": 6.9444468863366637e-05, "Shape__Length_2": 0.033333339181467636 }, "geometry": { "type": "Polygon", "coordinates": [ [ [ -122.258348931661004, 47.558341493870003, 0.0 ], [ -122.250015597365007, 47.558341493870003, 0.0 ], [ -122.250015597365007, 47.550008158574599, 0.0 ], [ -122.258348931661004, 47.550008158574599, 0.0 ], [ -122.258348931661004, 47.558341493870003, 0.0 ] ] ] } },
{ "type": "Feature", "properties": { "OBJECTID": 237846, "CEILING": 400, "UNIT": "Feet", "MAP_EFF": "10/30/2025", "LAST_EDIT": "12/7/2017", "LATITUDE": 47.55417483, "LONGITUDE": -122.2625156, "GLOBALID": "799f1d4c-2c04-4db5-92fc-ca06cb3af699", "ARPT_COUNT": 1, "APT1_FAAID": "BFI", "APT1_ICAO": "KBFI", "APT1_NAME": "Boeing Fld/King County Intl", "APT1_LAANC": 1, "APT2_FAAID": "", "APT2_ICAO": "", "APT2_NAME": "", "APT2_LAANC": null, "APT3_FAAID": "", "APT3_ICAO": "", "APT3_NAME": "", "APT3_LAANC": null, "APT4_FAAID": "", "APT4_ICAO": "", "APT4_NAME": "", "APT4_LAANC": null, "APT5_FAAID": "", "APT5_ICAO": "", "APT5_NAME": "", "APT5_LAANC": null, "AIRS_COUNT": 1, "AIRSPACE_1": "D", "AIRSPACE_2": "", "AIRSPACE_3": "", "AIRSPACE_4": "", "AIRSPACE_5": "", "REGION": "Western", "APT1_Enabled": "107-AA,107-FC,44809-AA", "APT2_Enabled": "", "APT3_Enabled": "", "APT4_Enabled": "", "APT5_Enabled": "", "Shape__Length": null, "Shape__Area": null, "Shape__Area_2": 6.9444477048818953e-05, "Shape__Length_2": 0.033333341181446485 }, "geometry": { "type": "Polygon", "coordinates": [ [ [ -122.266682266955996, 47.558341493870003, 0.0 ], [ -122.260393471777618, 47.558341493870003, 0.0 ], [ -122.259712389328996, 47.557165211144202, 0.0 ], [ -122.259519585079005, 47.557520440741897, 0.0 ], [ -122.259074919817948, 47.558341493870003, 0.0 ], [ -122.258348931661004, 47.558341493870003, 0.0 ], [ -122.258348931661004, 47.550008158574599, 0.0 ], [ -122.266682266955996, 47.550008158574599, 0.0 ], [ -122.266682266955996, 47.558341493870003, 0.0 ] ] ] } },
{ "type": "Feature", "properties": { "OBJECTID": 237961, "CEILING": 400, "UNIT": "Feet", "MAP_EFF": "10/30/2025", "LAST_EDIT": "12/7/2017", "LATITUDE": 47.56250816, "LONGITUDE": -122.2625156, "GLOBALID": "b8d3209a-b9bc-45db-bdf9-0e0be6aba492", "ARPT_COUNT": 1, "APT1_FAAID": "BFI", "APT1_ICAO": "KBFI", "APT1_NAME": "Boeing Fld/King County Intl", "APT1_LAANC": 1, "APT2_FAAID": "", "APT2_ICAO": "", "APT2_NAME": "", "APT2_LAANC": null, "APT3_FAAID": "", "APT3_ICAO": "", "APT3_NAME": "", "APT3_LAANC": null, "APT4_FAAID": "", "APT4_ICAO": "", "APT4_NAME": "", "APT4_LAANC": null, "APT5_FAAID": "", "APT5_ICAO": "", "APT5_NAME": "", "APT5_LAANC": null, "AIRS_COUNT": 1, "AIRSPACE_1": "D", "AIRSPACE_2": "", "AIRSPACE_3": "", "AIRSPACE_4": "", "AIRSPACE_5": "", "REGION": "Western", "APT1_Enabled": "107-AA,107-FC,44809-AA", "APT2_Enabled": "", "APT3_Enabled": "", "APT4_Enabled": "", "APT5_Enabled": "", "Shape__Length": null, "Shape__Area": null, "Shape__Area_2": 6.9444477048818953e-05, "Shape__Length_2": 0.033333341181332798 }, "geometry": { "type": "MultiPolygon", "coordinates": [ [ [ [ -122.266682266955996, 47.566674829165301, 0.0 ], [ -122.266462905654421, 47.566674829165301, 0.0 ], [ -122.266368979397996, 47.566290295718296, 0.0 ], [ -122.265895148831007, 47.563479967944303, 0.0 ], [ -122.264486532375003, 47.562693073060402, 0.0 ], [ -122.261999954215, 47.561115026946503, 0.0 ], [ -122.261589634646, 47.560407360817798, 0.0 ], [ -122.260393471777618, 47.558341493870003, 0.0 ], [ -122.266682266955996, 47.558341493870003, 0.0 ], [ -122.266682266955996, 47.566674829165301, 0.0 ] ] ], [ [ [ -122.258348931661004, 47.558341493870003, 0.0 ], [ -122.259074919817948, 47.558341493870003, 0.0 ], [ -122.258348931661004, 47.559681996264594, 0.0 ], [ -122.258348931661004, 47.558341493870003, 0.0 ] ] ] ] } },
{ "type": "Feature", "properties": { "OBJECTID": 360798, "CEILING": 400, "UNIT": "Feet", "MAP_EFF": "10/30/2025", "LAST_EDIT": "12/7/2017", "LATITUDE": 47.56250816, "LONGITUDE": -122.25418226, "GLOBALID": "b1079148-a174-4358-b3b6-21942941abe6", "ARPT_COUNT": 1, "APT1_FAAID": "BFI", "APT1_ICAO": "KBFI", "APT1_NAME": "Boeing Fld/King County Intl", "APT1_LAANC": 1, "APT2_FAAID": "", "APT2_ICAO": "", "APT2_NAME": "", "APT2_LAANC": null, "APT3_FAAID": "", "APT3_ICAO": "", "APT3_NAME": "", "APT3_LAANC": null, "APT4_FAAID": "", "APT4_ICAO": "", "APT4_NAME": "", "APT4_LAANC": null, "APT5_FAAID": "", "APT5_ICAO": "", "APT5_NAME": "", "APT5_LAANC": null, "AIRS_COUNT": 1, "AIRSPACE_1": "D", "AIRSPACE_2": "", "AIRSPACE_3": "", "AIRSPACE_4": "", "AIRSPACE_5": "", "REGION": "Western", "APT1_Enabled": "107-AA,107-FC,44809-AA", "APT2_Enabled": "", "APT3_Enabled": "", "APT4_Enabled": "", "APT5_Enabled": "", "Shape__Length": null, "Shape__Area": null, "Shape__Area_2": 6.9444468863366637e-05, "Shape__Length_2": 0.033333339181353949 }, "geometry": { "type": "Polygon", "coordinates": [ [ [ -122.258348931661004, 47.559681996264594, 0.0 ], [ -122.257665841667006, 47.560943289253899, 0.0 ], [ -122.256128582759999, 47.563781443325503, 0.0 ], [ -122.250470298612001, 47.564567382737998, 0.0 ], [ -122.250015597365007, 47.564462604024065, 0.0 ], [ -122.250015597365007, 47.558341493870003, 0.0 ], [ -122.258348931661004, 47.558341493870003, 0.0 ], [ -122.258348931661004, 47.559681996264594, 0.0 ] ] ] } },
{ "type": "Feature", "properties": { "OBJECTID": 238059, "CEILING": 300, "UNIT": "Feet", "MAP_EFF": "10/30/2025", "LAST_EDIT": "12/7/2017", "LATITUDE": 47.5708415, "LONGITUDE": -122.2625156, "GLOBALID": "366969fc-bf54-447b-a8e7-6a2035809089", "ARPT_COUNT": 1, "APT1_FAAID": "BFI", "APT1_ICAO": "KBFI", "APT1_NAME": "Boeing Fld/King County Intl", "APT1_LAANC": 1, "APT2_FAAID": "", "APT2_ICAO": "", "APT2_NAME": "", "APT2_LAANC": null, "APT3_FAAID": "", "APT3_ICAO": "", "APT3_NAME": "", "APT3_LAANC": null, "APT4_FAAID": "", "APT4_ICAO": "", "APT4_NAME": "", "APT4_LAANC": null, "APT5_FAAID": "", "APT5_ICAO": "", "APT5_NAME": "", "APT5_LAANC": null, "AIRS_COUNT": 1, "AIRSPACE_1": "D", "AIRSPACE_2": "", "AIRSPACE_3": "", "AIRSPACE_4": "", "AIRSPACE_5": "", "REGION": "Western", "APT1_Enabled": "107-AA,107-FC,44809-AA", "APT2_Enabled": "", "APT3_Enabled": "", "APT4_Enabled": "", "APT5_Enabled": "", "Shape__Length": null, "Shape__Area": null, "Shape__Area_2": 6.9444477958313655e-05, "Shape__Length_2": 0.033333341181332798 }, "geometry": { "type": "Polygon", "coordinates": [ [ [ -122.266682266955996, 47.567572892823321, 0.0 ], [ -122.266462905654421, 47.566674829165301, 0.0 ], [ -122.266682266955996, 47.566674829165301, 0.0 ], [ -122.266682266955996, 47.567572892823321, 0.0 ] ] ] } },
{ "type": "Feature", "properties": { "OBJECTID": 238058, "CEILING": 300, "UNIT": "Feet", "MAP_EFF": "10/30/2025", "LAST_EDIT": "12/7/2017", "LATITUDE": 47.5708415, "LONGITUDE": -122.27084893, "GLOBALID": "2c74b5a4-37ab-40b5-b45c-81a59d4cd4d0", "ARPT_COUNT": 1, "APT1_FAAID": "BFI", "APT1_ICAO": "KBFI", "APT1_NAME": "Boeing Fld/King County Intl", "APT1_LAANC": 1, "APT2_FAAID": "", "APT2_ICAO": "", "APT2_NAME": "", "APT2_LAANC": null, "APT3_FAAID": "", "APT3_ICAO": "", "APT3_NAME": "", "APT3_LAANC": null, "APT4_FAAID": "", "APT4_ICAO": "", "APT4_NAME": "", "APT4_LAANC": null, "APT5_FAAID": "", "APT5_ICAO": "", "APT5_NAME": "", "APT5_LAANC": null, "AIRS_COUNT": 1, "AIRSPACE_1": "D", "AIRSPACE_2": "", "AIRSPACE_3": "", "AIRSPACE_4": "", "AIRSPACE_5": "", "REGION": "Western", "APT1_Enabled": "107-AA,107-FC,44809-AA", "APT2_Enabled": "", "APT3_Enabled": "", "APT4_Enabled": "", "APT5_Enabled": "", "Shape__Length": null, "Shape__Area": null, "Shape__Area_2": 6.9444477048818953e-05, "Shape__Length_2": 0.033333341181446485 }, "geometry": { "type": "Polygon", "coordinates": [ [ [ -122.275015602251003, 47.572834922584477, 0.0 ], [ -122.273880747853994, 47.572811401474802, 0.0 ], [ -122.273635819171005, 47.571115810652998, 0.0 ], [ -122.270265264147, 47.568655080543401, 0.0 ], [ -122.266815294227996, 47.568117505558803, 0.0 ], [ -122.266682266955996, 47.567572892823321, 0.0 ], [ -122.266682266955996, 47.566674829165301, 0.0 ], [ -122.275015602251003, 47.566674829165301, 0.0 ], [ -122.275015602251003, 47.572834922584477, 0.0 ] ] ] } },
{ "type": "Feature", "properties": { "OBJECTID": 237845, "CEILING": 400, "UNIT": "Feet", "MAP_EFF": "10/30/2025", "LAST_EDIT": "12/7/2017", "LATITUDE": 47.55417483, "LONGITUDE": -122.27084893, "GLOBALID": "4ebc1b60-39d6-4fd0-a970-dc2361675c64", "ARPT_COUNT": 1, "APT1_FAAID": "BFI", "APT1_ICAO": "KBFI", "APT1_NAME": "Boeing Fld/King County Intl", "APT1_LAANC": 1, "APT2_FAAID": "", "APT2_ICAO": "", "APT2_NAME": "", "APT2_LAANC": null, "APT3_FAAID": "", "APT3_ICAO": "", "APT3_NAME": "", "APT3_LAANC": null, "APT4_FAAID": "", "APT4_ICAO": "", "APT4_NAME": "", "APT4_LAANC": null, "APT5_FAAID": "", "APT5_ICAO": "", "APT5_NAME": "", "APT5_LAANC": null, "AIRS_COUNT": 1, "AIRSPACE_1": "D", "AIRSPACE_2": "", "AIRSPACE_3": "", "AIRSPACE_4": "", "AIRSPACE_5": "", "REGION": "Western", "APT1_Enabled": "107-AA,107-FC,44809-AA", "APT2_Enabled": "", "APT3_Enabled": "", "APT4_Enabled": "", "APT5_Enabled": "", "Shape__Length": null, "Shape__Area": null, "Shape__Area_2": 6.9444476139324252e-05, "Shape__Length_2": 0.033333341181560172 }, "geometry": { "type": "Polygon", "coordinates": [ [ [ -122.275015602251003, 47.558341493870003, 0.0 ], [ -122.266682266955996, 47.558341493870003, 0.0 ], [ -122.266682266955996, 47.550008158574599, 0.0 ], [ -122.275015602251003, 47.550008158574599, 0.0 ], [ -122.275015602251003, 47.558341493870003, 0.0 ] ] ] } },
{ "type": "Feature", "properties": { "OBJECTID": 237843, "CEILING": 100, "UNIT": "Feet", "MAP_EFF": "10/30/2025", "LAST_EDIT": "12/7/2017", "LATITUDE": 47.55417483, "LONGITUDE": -122.2875156, "GLOBALID": "4afd124a-c2b6-40b7-b40e-e692a3b74900", "ARPT_COUNT": 1, "APT1_FAAID": "BFI", "APT1_ICAO": "KBFI", "APT1_NAME": "Boeing Fld/King County Intl", "APT1_LAANC": 1, "APT2_FAAID": "", "APT2_ICAO": "", "APT2_NAME": "", "APT2_LAANC": null, "APT3_FAAID": "", "APT3_ICAO": "", "APT3_NAME": "", "APT3_LAANC": null, "APT4_FAAID": "", "APT4_ICAO": "", "APT4_NAME": "", "APT4_LAANC": null, "APT5_FAAID": "", "APT5_ICAO": "", "APT5_NAME": "", "APT5_LAANC": null, "AIRS_COUNT": 1, "AIRSPACE_1": "D", "AIRSPACE_2": "", "AIRSPACE_3": "", "AIRSPACE_4": "", "AIRSPACE_5": "", "REGION": "Western", "APT1_Enabled": "107-AA,107-FC,44809-AA", "APT2_Enabled": "", "APT3_Enabled": "", "APT4_Enabled": "", "APT5_Enabled": "", "Shape__Length": null, "Shape__Area": null, "Shape__Area_2": 6.9444477048818953e-05, "Shape__Length_2": 0.033333341181446485 }, "geometry": { "type": "Polygon", "coordinates": [ [ [ -122.291682271842006, 47.558341493870003, 0.0 ], [ -122.283348936547, 47.558341493870003, 0.0 ], [ -122.283348936547, 47.550008158574599, 0.0 ], [ -122.291682271842006, 47.550008158574599, 0.0 ], [ -122.291682271842006, 47.558341493870003, 0.0 ] ] ] } },
{ "type": "Feature", "properties": { "OBJECTID": 237844, "CEILING": 400, "UNIT": "Feet", "MAP_EFF": "10/30/2025", "LAST_EDIT": "12/7/2017", "LATITUDE": 47.55417483, "LONGITUDE": -122.27918227000001, "GLOBALID": "e99b8561-f44e-4bf4-88fa-eff59e55f183", "ARPT_COUNT": 1, "APT1_FAAID": "BFI", "APT1_ICAO": "KBFI", "APT1_NAME": "Boeing Fld/King County Intl", "APT1_LAANC": 1, "APT2_FAAID": "", "APT2_ICAO": "", "APT2_NAME": "", "APT2_LAANC": null, "APT3_FAAID": "", "APT3_ICAO": "", "APT3_NAME": "", "APT3_LAANC": null, "APT4_FAAID": "", "APT4_ICAO": "", "APT4_NAME": "", "APT4_LAANC": null, "APT5_FAAID": "", "APT5_ICAO": "", "APT5_NAME": "", "APT5_LAANC": null, "AIRS_COUNT": 1, "AIRSPACE_1": "D", "AIRSPACE_2": "", "AIRSPACE_3": "", "AIRSPACE_4": "", "AIRSPACE_5": "", "REGION": "Western", "APT1_Enabled": "107-AA,107-FC,44809-AA", "APT2_Enabled": "", "APT3_Enabled": "", "APT4_Enabled": "", "APT5_Enabled": "", "Shape__Length": null, "Shape__Area": null, "Shape__Area_2": 6.9444469772861339e-05, "Shape__Length_2": 0.033333339181467636 }, "geometry": { "type": "Polygon", "coordinates": [ [ [ -122.283348936547, 47.558341493870003, 0.0 ], [ -122.275015602251003, 47.558341493870003, 0.0 ], [ -122.275015602251003, 47.550008158574599, 0.0 ], [ -122.283348936547, 47.550008158574599, 0.0 ], [ -122.283348936547, 47.558341493870003, 0.0 ] ] ] } },
{ "type": "Feature", "properties": { "OBJECTID": 237958, "CEILING": 100, "UNIT": "Feet", "MAP_EFF": "10/30/2025", "LAST_EDIT": "12/7/2017", "LATITUDE": 47.56250816, "LONGITUDE": -122.2875156, "GLOBALID": "06ed1dea-0db0-4b56-bdbd-60209c728414", "ARPT_COUNT": 1, "APT1_FAAID": "BFI", "APT1_ICAO": "KBFI", "APT1_NAME": "Boeing Fld/King County Intl", "APT1_LAANC": 1, "APT2_FAAID": "", "APT2_ICAO": "", "APT2_NAME": "", "APT2_LAANC": null, "APT3_FAAID": "", "APT3_ICAO": "", "APT3_NAME": "", "APT3_LAANC": null, "APT4_FAAID": "", "APT4_ICAO": "", "APT4_NAME": "", "APT4_LAANC": null, "APT5_FAAID": "", "APT5_ICAO": "", "APT5_NAME": "", "APT5_LAANC": null, "AIRS_COUNT": 1, "AIRSPACE_1": "D", "AIRSPACE_2": "", "AIRSPACE_3": "", "AIRSPACE_4": "", "AIRSPACE_5": "", "REGION": "Western", "APT1_Enabled": "107-AA,107-FC,44809-AA", "APT2_Enabled": "", "APT3_Enabled": "", "APT4_Enabled": "", "APT5_Enabled": "", "Shape__Length": null, "Shape__Area": null, "Shape__Area_2": 6.9444477048818953e-05, "Shape__Length_2": 0.033333341181332798 }, "geometry": { "type": "Polygon", "coordinates": [ [ [ -122.291682271842006, 47.566674829165301, 0.0 ], [ -122.283348936547, 47.566674829165301, 0.0 ], [ -122.283348936547, 47.558341493870003, 0.0 ], [ -122.291682271842006, 47.558341493870003, 0.0 ], [ -122.291682271842006, 47.566674829165301, 0.0 ] ] ] } },
{ "type": "Feature", "properties": { "OBJECTID": 237960, "CEILING": 400, "UNIT": "Feet", "MAP_EFF": "10/30/2025", "LAST_EDIT": "12/7/2017", "LATITUDE": 47.56250816, "LONGITUDE": -122.27084893, "GLOBALID": "75ab6c6f-3c3a-4243-b558-7405caaf6ad7", "ARPT_COUNT": 1, "APT1_FAAID": "BFI", "APT1_ICAO": "KBFI", "APT1_NAME": "Boeing Fld/King County Intl", "APT1_LAANC": 1, "APT2_FAAID": "", "APT2_ICAO": "", "APT2_NAME": "", "APT2_LAANC": null, "APT3_FAAID": "", "APT3_ICAO": "", "APT3_NAME": "", "APT3_LAANC": null, "APT4_FAAID": "", "APT4_ICAO": "", "APT4_NAME": "", "APT4_LAANC": null, "APT5_FAAID": "", "APT5_ICAO": "", "APT5_NAME": "", "APT5_LAANC": null, "AIRS_COUNT": 1, "AIRSPACE_1": "D", "AIRSPACE_2": "", "AIRSPACE_3": "", "AIRSPACE_4": "", "AIRSPACE_5": "", "REGION": "Western", "APT1_Enabled": "107-AA,107-FC,44809-AA", "APT2_Enabled": "", "APT3_Enabled": "", "APT4_Enabled": "", "APT5_Enabled": "", "Shape__Length": null, "Shape__Area": null, "Shape__Area_2": 6.9444477958313655e-05, "Shape__Length_2": 0.033333341181446485 }, "geometry": { "type": "Polygon", "coordinates": [ [ [ -122.275015602251003, 47.566674829165301, 0.0 ], [ -122.266682266955996, 47.566674829165301, 0.0 ], [ -122.266682266955996, 47.558341493870003, 0.0 ], [ -122.275015602251003, 47.558341493870003, 0.0 ], [ -122.275015602251003, 47.566674829165301, 0.0 ] ] ] } },
{ "type": "Feature", "properties": { "OBJECTID": 237959, "CEILING": 400, "UNIT": "Feet", "MAP_EFF": "10/30/2025", "LAST_EDIT": "12/7/2017", "LATITUDE": 47.56250816, "LONGITUDE": -122.27918227000001, "GLOBALID": "54c28a69-c6de-467e-bff7-802c33acce00", "ARPT_COUNT": 1, "APT1_FAAID": "BFI", "APT1_ICAO": "KBFI", "APT1_NAME": "Boeing Fld/King County Intl", "APT1_LAANC": 1, "APT2_FAAID": "", "APT2_ICAO": "", "APT2_NAME": "", "APT2_LAANC": null, "APT3_FAAID": "", "APT3_ICAO": "", "APT3_NAME": "", "APT3_LAANC": null, "APT4_FAAID": "", "APT4_ICAO": "", "APT4_NAME": "", "APT4_LAANC": null, "APT5_FAAID": "", "APT5_ICAO": "", "APT5_NAME": "", "APT5_LAANC": null, "AIRS_COUNT": 1, "AIRSPACE_1": "D", "AIRSPACE_2": "", "AIRSPACE_3": "", "AIRSPACE_4": "", "AIRSPACE_5": "", "REGION": "Western", "APT1_Enabled": "107-AA,107-FC,44809-AA", "APT2_Enabled": "", "APT3_Enabled": "", "APT4_Enabled": "", "APT5_Enabled": "", "Shape__Length": null, "Shape__Area": null, "Shape__Area_2": 6.9444467953871936e-05, "Shape__Length_2": 0.033333339181353949 }, "geometry": { "type": "Polygon", "coordinates": [ [ [ -122.283348936547, 47.566674829165301, 0.0 ], [ -122.275015602251003, 47.566674829165301, 0.0 ], [ -122.275015602251003, 47.558341493870003, 0.0 ], [ -122.283348936547, 47.558341493870003, 0.0 ], [ -122.283348936547, 47.566674829165301, 0.0 ] ] ] } },
{ "type": "Feature", "properties": { "OBJECTID": 238056, "CEILING": 300, "UNIT": "Feet", "MAP_EFF": "10/30/2025", "LAST_EDIT": "12/7/2017", "LATITUDE": 47.5708415, "LONGITUDE": -122.2875156, "GLOBALID": "46b63c0d-9ab2-4085-a481-153d32bb1b0d", "ARPT_COUNT": 1, "APT1_FAAID": "BFI", "APT1_ICAO": "KBFI", "APT1_NAME": "Boeing Fld/King County Intl", "APT1_LAANC": 1, "APT2_FAAID": "", "APT2_ICAO": "", "APT2_NAME": "", "APT2_LAANC": null, "APT3_FAAID": "", "APT3_ICAO": "", "APT3_NAME": "", "APT3_LAANC": null, "APT4_FAAID": "", "APT4_ICAO": "", "APT4_NAME": "", "APT4_LAANC": null, "APT5_FAAID": "", "APT5_ICAO": "", "APT5_NAME": "", "APT5_LAANC": null, "AIRS_COUNT": 1, "AIRSPACE_1": "D", "AIRSPACE_2": "", "AIRSPACE_3": "", "AIRSPACE_4": "", "AIRSPACE_5": "", "REGION": "Western", "APT1_Enabled": "107-AA,107-FC,44809-AA", "APT2_Enabled": "", "APT3_Enabled": "", "APT4_Enabled": "", "APT5_Enabled": "", "Shape__Length": null, "Shape__Area": null, "Shape__Area_2": 6.9444477048818953e-05, "Shape__Length_2": 0.033333341181332798 }, "geometry": { "type": "Polygon", "coordinates": [ [ [ -122.291682271842006, 47.575008164460698, 0.0 ], [ -122.283348936547, 47.575008164460698, 0.0 ], [ -122.283348936547, 47.566674829165301, 0.0 ], [ -122.291682271842006, 47.566674829165301, 0.0 ], [ -122.291682271842006, 47.575008164460698, 0.0 ] ] ] } },
{ "type": "Feature", "properties": { "OBJECTID": 238057, "CEILING": 300, "UNIT": "Feet", "MAP_EFF": "10/30/2025", "LAST_EDIT": "12/7/2017", "LATITUDE": 47.5708415, "LONGITUDE": -122.27918227000001, "GLOBALID": "44038f5d-8bd4-428f-b568-742573d43332", "ARPT_COUNT": 1, "APT1_FAAID": "BFI", "APT1_ICAO": "KBFI", "APT1_NAME": "Boeing Fld/King County Intl", "APT1_LAANC": 1, "APT2_FAAID": "", "APT2_ICAO": "", "APT2_NAME": "", "APT2_LAANC": null, "APT3_FAAID": "", "APT3_ICAO": "", "APT3_NAME": "", "APT3_LAANC": null, "APT4_FAAID": "", "APT4_ICAO": "", "APT4_NAME": "", "APT4_LAANC": null, "APT5_FAAID": "", "APT5_ICAO": "", "APT5_NAME": "", "APT5_LAANC": null, "AIRS_COUNT": 1, "AIRSPACE_1": "D", "AIRSPACE_2": "", "AIRSPACE_3": "", "AIRSPACE_4": "", "AIRSPACE_5": "", "REGION": "Western", "APT1_Enabled": "107-AA,107-FC,44809-AA", "APT2_Enabled": "", "APT3_Enabled": "", "APT4_Enabled": "", "APT5_Enabled": "", "Shape__Length": null, "Shape__Area": null, "Shape__Area_2": 6.9444468863366637e-05, "Shape__Length_2": 0.033333339181353949 }, "geometry": { "type": "Polygon", "coordinates": [ [ [ -122.283348936547, 47.575008164460698, 0.0 ], [ -122.27987636908388, 47.575008164460698, 0.0 ], [ -122.279739255514997, 47.574435767216102, 0.0 ], [ -122.279234798589997, 47.572922272237101, 0.0 ], [ -122.277082028801004, 47.572877736304299, 0.0 ], [ -122.275625057767996, 47.572847554222598, 0.0 ], [ -122.275015602251003, 47.572834922584477, 0.0 ], [ -122.275015602251003, 47.566674829165301, 0.0 ], [ -122.283348936547, 47.566674829165301, 0.0 ], [ -122.283348936547, 47.575008164460698, 0.0 ] ] ] } },
{ "type": "Feature", "properties": { "OBJECTID": 238151, "CEILING": 300, "UNIT": "Feet", "MAP_EFF": "10/30/2025", "LAST_EDIT": "12/7/2017", "LATITUDE": 47.57917483, "LONGITUDE": -122.27918227000001, "GLOBALID": "19bb1d07-bfb9-4b44-906c-78503f4685cf", "ARPT_COUNT": 1, "APT1_FAAID": "BFI", "APT1_ICAO": "KBFI", "APT1_NAME": "Boeing Fld/King County Intl", "APT1_LAANC": 1, "APT2_FAAID": "", "APT2_ICAO": "", "APT2_NAME": "", "APT2_LAANC": null, "APT3_FAAID": "", "APT3_ICAO": "", "APT3_NAME": "", "APT3_LAANC": null, "APT4_FAAID": "", "APT4_ICAO": "", "APT4_NAME": "", "APT4_LAANC": null, "APT5_FAAID": "", "APT5_ICAO": "", "APT5_NAME": "", "APT5_LAANC": null, "AIRS_COUNT": 1, "AIRSPACE_1": "D", "AIRSPACE_2": "", "AIRSPACE_3": "", "AIRSPACE_4": "", "AIRSPACE_5": "", "REGION": "Western", "APT1_Enabled": "107-AA,107-FC,44809-AA", "APT2_Enabled": "", "APT3_Enabled": "", "APT4_Enabled": "", "APT5_Enabled": "", "Shape__Length": null, "Shape__Area": null, "Shape__Area_2": 6.9444461587409023e-05, "Shape__Length_2": 0.0333333371813751 }, "geometry": { "type": "Polygon", "coordinates": [ [ [ -122.283348936547, 47.582282588120464, 0.0 ], [ -122.283124052530994, 47.5821262832605, 0.0 ], [ -122.281388189737001, 47.579108576247798, 0.0 ], [ -122.280613716654003, 47.577396773933302, 0.0 ], [ -122.280262368712002, 47.5766195667847, 0.0 ], [ -122.27987636908388, 47.575008164460698, 0.0 ], [ -122.283348936547, 47.575008164460698, 0.0 ], [ -122.283348936547, 47.582282588120464, 0.0 ] ] ] } },
{ "type": "Feature", "properties": { "OBJECTID": 238150, "CEILING": 300, "UNIT": "Feet", "MAP_EFF": "10/30/2025", "LAST_EDIT": "12/7/2017", "LATITUDE": 47.57917483, "LONGITUDE": -122.2875156, "GLOBALID": "61601287-87f1-4395-94e8-2c121d75e224", "ARPT_COUNT": 1, "APT1_FAAID": "BFI", "APT1_ICAO": "KBFI", "APT1_NAME": "Boeing Fld/King County Intl", "APT1_LAANC": 1, "APT2_FAAID": "", "APT2_ICAO": "", "APT2_NAME": "", "APT2_LAANC": null, "APT3_FAAID": "", "APT3_ICAO": "", "APT3_NAME": "", "APT3_LAANC": null, "APT4_FAAID": "", "APT4_ICAO": "", "APT4_NAME": "", "APT4_LAANC": null, "APT5_FAAID": "", "APT5_ICAO": "", "APT5_NAME": "", "APT5_LAANC": null, "AIRS_COUNT": 1, "AIRSPACE_1": "D", "AIRSPACE_2": "", "AIRSPACE_3": "", "AIRSPACE_4": "", "AIRSPACE_5": "", "REGION": "Western", "APT1_Enabled": "107-AA,107-FC,44809-AA", "APT2_Enabled": "", "APT3_Enabled": "", "APT4_Enabled": "", "APT5_Enabled": "", "Shape__Length": null, "Shape__Area": null, "Shape__Area_2": 6.9444468863366637e-05, "Shape__Length_2": 0.033333339181353949 }, "geometry": { "type": "Polygon", "coordinates": [ [ [ -122.291682271842006, 47.583341498755999, 0.0 ], [ -122.28487272814084, 47.583341498755999, 0.0 ], [ -122.283812645530006, 47.582604887450302, 0.0 ], [ -122.283348936547, 47.582282588120464, 0.0 ], [ -122.283348936547, 47.575008164460698, 0.0 ], [ -122.291682271842006, 47.575008164460698, 0.0 ], [ -122.291682271842006, 47.583341498755999, 0.0 ] ] ] } },
{ "type": "Feature", "properties": { "OBJECTID": 237962, "CEILING": 50, "UNIT": "Feet", "MAP_EFF": "10/30/2025", "LAST_EDIT": "9/23/2020", "LATITUDE": 47.56250816, "LONGITUDE": -122.24584893000001, "GLOBALID": "c1a9f550-5d0a-4175-b44e-9928e20c66b2", "ARPT_COUNT": 1, "APT1_FAAID": "BFI", "APT1_ICAO": "KBFI", "APT1_NAME": "Boeing Fld/King County Intl", "APT1_LAANC": 1, "APT2_FAAID": "", "APT2_ICAO": "", "APT2_NAME": "", "APT2_LAANC": null, "APT3_FAAID": "", "APT3_ICAO": "", "APT3_NAME": "", "APT3_LAANC": null, "APT4_FAAID": "", "APT4_ICAO": "", "APT4_NAME": "", "APT4_LAANC": null, "APT5_FAAID": "", "APT5_ICAO": "", "APT5_NAME": "", "APT5_LAANC": null, "AIRS_COUNT": 1, "AIRSPACE_1": "D", "AIRSPACE_2": "", "AIRSPACE_3": "", "AIRSPACE_4": "", "AIRSPACE_5": "", "REGION": "Western", "APT1_Enabled": "107-AA,107-FC,44809-AA", "APT2_Enabled": "", "APT3_Enabled": "", "APT4_Enabled": "", "APT5_Enabled": "", "Shape__Length": null, "Shape__Area": null, "Shape__Area_2": 6.9444477048818953e-05, "Shape__Length_2": 0.033333341181332798 }, "geometry": { "type": "Polygon", "coordinates": [ [ [ -122.250015597365007, 47.564462604024065, 0.0 ], [ -122.245684818623999, 47.563464644529098, 0.0 ], [ -122.243207546206364, 47.558341493870003, 0.0 ], [ -122.250015597365007, 47.558341493870003, 0.0 ], [ -122.250015597365007, 47.564462604024065, 0.0 ] ] ] } },
{ "type": "Feature", "properties": { "OBJECTID": 238218, "CEILING": 300, "UNIT": "Feet", "MAP_EFF": "10/30/2025", "LAST_EDIT": "12/7/2017", "LATITUDE": 47.58750817, "LONGITUDE": -122.2875156, "GLOBALID": "26764232-6d90-4c4c-8984-bf6c3174d742", "ARPT_COUNT": 1, "APT1_FAAID": "BFI", "APT1_ICAO": "KBFI", "APT1_NAME": "Boeing Fld/King County Intl", "APT1_LAANC": 1, "APT2_FAAID": "", "APT2_ICAO": "", "APT2_NAME": "", "APT2_LAANC": null, "APT3_FAAID": "", "APT3_ICAO": "", "APT3_NAME": "", "APT3_LAANC": null, "APT4_FAAID": "", "APT4_ICAO": "", "APT4_NAME": "", "APT4_LAANC": null, "APT5_FAAID": "", "APT5_ICAO": "", "APT5_NAME": "", "APT5_LAANC": null, "AIRS_COUNT": 1, "AIRSPACE_1": "D", "AIRSPACE_2": "", "AIRSPACE_3": "", "AIRSPACE_4": "", "AIRSPACE_5": "", "REGION": "Western", "APT1_Enabled": "107-AA,107-FC,44809-AA", "APT2_Enabled": "", "APT3_Enabled": "", "APT4_Enabled": "", "APT5_Enabled": "", "Shape__Length": null, "Shape__Area": null, "Shape__Area_2": 6.9444477048818953e-05, "Shape__Length_2": 0.033333341181332798 }, "geometry": { "type": "Polygon", "coordinates": [ [ [ -122.291682271842006, 47.591674834051297, 0.0 ], [ -122.285808951691948, 47.591674834051297, 0.0 ], [ -122.285164923059, 47.590651049611097, 0.0 ], [ -122.284103537939998, 47.590353352263399, 0.0 ], [ -122.283348936547, 47.589228935840701, 0.0 ], [ -122.283348936547, 47.588729180553536, 0.0 ], [ -122.283502900713998, 47.586234120176996, 0.0 ], [ -122.285432957366993, 47.584376697042501, 0.0 ], [ -122.285145439269996, 47.583530995403599, 0.0 ], [ -122.28487272814084, 47.583341498755999, 0.0 ], [ -122.291682271842006, 47.583341498755999, 0.0 ], [ -122.291682271842006, 47.591674834051297, 0.0 ] ] ] } },
{ "type": "Feature", "properties": { "OBJECTID": 238219, "CEILING": 300, "UNIT": "Feet", "MAP_EFF": "10/30/2025", "LAST_EDIT": "12/7/2017", "LATITUDE": 47.58750817, "LONGITUDE": -122.27918227000001, "GLOBALID": "1f436c6f-473d-493c-a02a-33943c053973", "ARPT_COUNT": 1, "APT1_FAAID": "BFI", "APT1_ICAO": "KBFI", "APT1_NAME": "Boeing Fld/King County Intl", "APT1_LAANC": 1, "APT2_FAAID": "", "APT2_ICAO": "", "APT2_NAME": "", "APT2_LAANC": null, "APT3_FAAID": "", "APT3_ICAO": "", "APT3_NAME": "", "APT3_LAANC": null, "APT4_FAAID": "", "APT4_ICAO": "", "APT4_NAME": "", "APT4_LAANC": null, "APT5_FAAID": "", "APT5_ICAO": "", "APT5_NAME": "", "APT5_LAANC": null, "AIRS_COUNT": 1, "AIRSPACE_1": "D", "AIRSPACE_2": "", "AIRSPACE_3": "", "AIRSPACE_4": "", "AIRSPACE_5": "", "REGION": "Western", "APT1_Enabled": "107-AA,107-FC,44809-AA", "APT2_Enabled": "", "APT3_Enabled": "", "APT4_Enabled": "", "APT5_Enabled": "", "Shape__Length": null, "Shape__Area": null, "Shape__Area_2": 6.9444467953871936e-05, "Shape__Length_2": 0.033333339181353949 }, "geometry": { "type": "Polygon", "coordinates": [ [ [ -122.283348936547, 47.589228935840701, 0.0 ], [ -122.283320694671005, 47.589186853186902, 0.0 ], [ -122.283348936547, 47.588729180553536, 0.0 ], [ -122.283348936547, 47.589228935840701, 0.0 ] ] ] } },
{ "type": "Feature", "properties": { "OBJECTID": 238284, "CEILING": 300, "UNIT": "Feet", "MAP_EFF": "10/30/2025", "LAST_EDIT": "12/7/2017", "LATITUDE": 47.5958415, "LONGITUDE": -122.2875156, "GLOBALID": "fe73db91-87e0-4769-a371-f27bb3e7d223", "ARPT_COUNT": 1, "APT1_FAAID": "BFI", "APT1_ICAO": "KBFI", "APT1_NAME": "Boeing Fld/King County Intl", "APT1_LAANC": 1, "APT2_FAAID": "", "APT2_ICAO": "", "APT2_NAME": "", "APT2_LAANC": null, "APT3_FAAID": "", "APT3_ICAO": "", "APT3_NAME": "", "APT3_LAANC": null, "APT4_FAAID": "", "APT4_ICAO": "", "APT4_NAME": "", "APT4_LAANC": null, "APT5_FAAID": "", "APT5_ICAO": "", "APT5_NAME": "", "APT5_LAANC": null, "AIRS_COUNT": 1, "AIRSPACE_1": "D", "AIRSPACE_2": "", "AIRSPACE_3": "", "AIRSPACE_4": "", "AIRSPACE_5": "", "REGION": "Western", "APT1_Enabled": "107-AA,107-FC,44809-AA", "APT2_Enabled": "", "APT3_Enabled": "", "APT4_Enabled": "", "APT5_Enabled": "", "Shape__Length": null, "Shape__Area": null, "Shape__Area_2": 6.9444477048818953e-05, "Shape__Length_2": 0.033333341181446485 }, "geometry": { "type": "Polygon", "coordinates": [ [ [ -122.291682271842006, 47.600008169346701, 0.0 ], [ -122.284410095359618, 47.600008169346701, 0.0 ], [ -122.285179071277, 47.598530952257903, 0.0 ], [ -122.286031343969, 47.596166998818802, 0.0 ], [ -122.286899503458002, 47.5934084369879, 0.0 ], [ -122.285808951691948, 47.591674834051297, 0.0 ], [ -122.291682271842006, 47.591674834051297, 0.0 ], [ -122.291682271842006, 47.600008169346701, 0.0 ] ] ] } },
{ "type": "Feature", "properties": { "OBJECTID": 360862, "CEILING": 300, "UNIT": "Feet", "MAP_EFF": "10/30/2025", "LAST_EDIT": "12/7/2017", "LATITUDE": 47.604174840000013, "LONGITUDE": -122.27918227000001, "GLOBALID": "618e4220-df06-4a44-9e49-7b67bff1c1ce", "ARPT_COUNT": 1, "APT1_FAAID": "BFI", "APT1_ICAO": "KBFI", "APT1_NAME": "Boeing Fld/King County Intl", "APT1_LAANC": 1, "APT2_FAAID": "", "APT2_ICAO": "", "APT2_NAME": "", "APT2_LAANC": null, "APT3_FAAID": "", "APT3_ICAO": "", "APT3_NAME": "", "APT3_LAANC": null, "APT4_FAAID": "", "APT4_ICAO": "", "APT4_NAME": "", "APT4_LAANC": null, "APT5_FAAID": "", "APT5_ICAO": "", "APT5_NAME": "", "APT5_LAANC": null, "AIRS_COUNT": 1, "AIRSPACE_1": "D", "AIRSPACE_2": "", "AIRSPACE_3": "", "AIRSPACE_4": "", "AIRSPACE_5": "", "REGION": "Western", "APT1_Enabled": "107-AA,107-FC,44809-AA", "APT2_Enabled": "", "APT3_Enabled": "", "APT4_Enabled": "", "APT5_Enabled": "", "Shape__Length": null, "Shape__Area": null, "Shape__Area_2": 6.944445976841962e-05, "Shape__Length_2": 0.0333333371813751 }, "geometry": { "type": "Polygon", "coordinates": [ [ [ -122.283348936547, 47.608341503642102, 0.0 ], [ -122.281982685564017, 47.608341503642102, 0.0 ], [ -122.282033737822005, 47.608033448237997, 0.0 ], [ -122.282070021006007, 47.607814463466703, 0.0 ], [ -122.282242411851996, 47.606774173208002, 0.0 ], [ -122.282506416043006, 47.605180962668904, 0.0 ], [ -122.282603496948994, 47.604595069295399, 0.0 ], [ -122.282677075221997, 47.604151011797697, 0.0 ], [ -122.283276059873003, 47.603138361098203, 0.0 ], [ -122.283348936547, 47.602931234980069, 0.0 ], [ -122.283348936547, 47.608341503642102, 0.0 ] ] ] } },
{ "type": "Feature", "properties": { "OBJECTID": 238335, "CEILING": 300, "UNIT": "Feet", "MAP_EFF": "10/30/2025", "LAST_EDIT": "12/7/2017", "LATITUDE": 47.604174840000013, "LONGITUDE": -122.2875156, "GLOBALID": "de4c3eb7-47ce-49ec-a18a-4eddff875b0e", "ARPT_COUNT": 1, "APT1_FAAID": "BFI", "APT1_ICAO": "KBFI", "APT1_NAME": "Boeing Fld/King County Intl", "APT1_LAANC": 1, "APT2_FAAID": "", "APT2_ICAO": "", "APT2_NAME": "", "APT2_LAANC": null, "APT3_FAAID": "", "APT3_ICAO": "", "APT3_NAME": "", "APT3_LAANC": null, "APT4_FAAID": "", "APT4_ICAO": "", "APT4_NAME": "", "APT4_LAANC": null, "APT5_FAAID": "", "APT5_ICAO": "", "APT5_NAME": "", "APT5_LAANC": null, "AIRS_COUNT": 1, "AIRSPACE_1": "D", "AIRSPACE_2": "", "AIRSPACE_3": "", "AIRSPACE_4": "", "AIRSPACE_5": "", "REGION": "Western", "APT1_Enabled": "107-AA,107-FC,44809-AA", "APT2_Enabled": "", "APT3_Enabled": "", "APT4_Enabled": "", "APT5_Enabled": "", "Shape__Length": null, "Shape__Area": null, "Shape__Area_2": 6.9444468863366637e-05, "Shape__Length_2": 0.033333339181353949 }, "geometry": { "type": "Polygon", "coordinates": [ [ [ -122.291682271842006, 47.608341503642102, 0.0 ], [ -122.283348936547, 47.608341503642102, 0.0 ], [ -122.283348936547, 47.602931234980069, 0.0 ], [ -122.283766804297997, 47.601743593991401, 0.0 ], [ -122.284170763633, 47.600595426749599, 0.0 ], [ -122.284309146045999, 47.600202094862198, 0.0 ], [ -122.284410095359618, 47.600008169346701, 0.0 ], [ -122.291682271842006, 47.600008169346701, 0.0 ], [ -122.291682271842006, 47.608341503642102, 0.0 ] ] ] } },
{ "type": "Feature", "properties": { "OBJECTID": 238391, "CEILING": 300, "UNIT": "Feet", "MAP_EFF": "10/30/2025", "LAST_EDIT": "12/7/2017", "LATITUDE": 47.61250817, "LONGITUDE": -122.29584894, "GLOBALID": "952d85d8-ad8e-44b9-a2e3-f0bae91a26a0", "ARPT_COUNT": 1, "APT1_FAAID": "BFI", "APT1_ICAO": "KBFI", "APT1_NAME": "Boeing Fld/King County Intl", "APT1_LAANC": 1, "APT2_FAAID": "", "APT2_ICAO": "", "APT2_NAME": "", "APT2_LAANC": null, "APT3_FAAID": "", "APT3_ICAO": "", "APT3_NAME": "", "APT3_LAANC": null, "APT4_FAAID": "", "APT4_ICAO": "", "APT4_NAME": "", "APT4_LAANC": null, "APT5_FAAID": "", "APT5_ICAO": "", "APT5_NAME": "", "APT5_LAANC": null, "AIRS_COUNT": 1, "AIRSPACE_1": "D", "AIRSPACE_2": "", "AIRSPACE_3": "", "AIRSPACE_4": "", "AIRSPACE_5": "", "REGION": "Western", "APT1_Enabled": "107-AA,107-FC,44809-AA", "APT2_Enabled": "", "APT3_Enabled": "", "APT4_Enabled": "", "APT5_Enabled": "", "Shape__Length": null, "Shape__Area": null, "Shape__Area_2": 6.9444476139324252e-05, "Shape__Length_2": 0.033333341181332798 }, "geometry": { "type": "Polygon", "coordinates": [ [ [ -122.300015607136999, 47.616674838937399, 0.0 ], [ -122.291682271842006, 47.616674838937399, 0.0 ], [ -122.291682271842006, 47.608341503642102, 0.0 ], [ -122.300015607136999, 47.608341503642102, 0.0 ], [ -122.300015607136999, 47.616674838937399, 0.0 ] ] ] } },
{ "type": "Feature", "properties": { "OBJECTID": 238393, "CEILING": 300, "UNIT": "Feet", "MAP_EFF": "10/30/2025", "LAST_EDIT": "12/7/2017", "LATITUDE": 47.61250817, "LONGITUDE": -122.27918227000001, "GLOBALID": "acafeea1-860b-44f1-8c5c-51fb717adee2", "ARPT_COUNT": 1, "APT1_FAAID": "BFI", "APT1_ICAO": "KBFI", "APT1_NAME": "Boeing Fld/King County Intl", "APT1_LAANC": 1, "APT2_FAAID": "", "APT2_ICAO": "", "APT2_NAME": "", "APT2_LAANC": null, "APT3_FAAID": "", "APT3_ICAO": "", "APT3_NAME": "", "APT3_LAANC": null, "APT4_FAAID": "", "APT4_ICAO": "", "APT4_NAME": "", "APT4_LAANC": null, "APT5_FAAID": "", "APT5_ICAO": "", "APT5_NAME": "", "APT5_LAANC": null, "AIRS_COUNT": 1, "AIRSPACE_1": "D", "AIRSPACE_2": "", "AIRSPACE_3": "", "AIRSPACE_4": "", "AIRSPACE_5": "", "REGION": "Western", "APT1_Enabled": "107-AA,107-FC,44809-AA", "APT2_Enabled": "", "APT3_Enabled": "", "APT4_Enabled": "", "APT5_Enabled": "", "Shape__Length": null, "Shape__Area": null, "Shape__Area_2": 6.9444468863366637e-05, "Shape__Length_2": 0.033333339181353949 }, "geometry": { "type": "Polygon", "coordinates": [ [ [ -122.283348936547, 47.616674838937399, 0.0 ], [ -122.279577987897511, 47.616674838937399, 0.0 ], [ -122.280523887935999, 47.613840851699003, 0.0 ], [ -122.281116729814997, 47.612069001876201, 0.0 ], [ -122.281299227689999, 47.611524110460202, 0.0 ], [ -122.281614031497995, 47.610584230122797, 0.0 ], [ -122.281831552358, 47.6092534594044, 0.0 ], [ -122.281982685564017, 47.608341503642102, 0.0 ], [ -122.283348936547, 47.608341503642102, 0.0 ], [ -122.283348936547, 47.616674838937399, 0.0 ] ] ] } },
{ "type": "Feature", "properties": { "OBJECTID": 238392, "CEILING": 300, "UNIT": "Feet", "MAP_EFF": "10/30/2025", "LAST_EDIT": "12/7/2017", "LATITUDE": 47.61250817, "LONGITUDE": -122.2875156, "GLOBALID": "2d45e195-04f3-4ec7-b7d6-891cefb3daff", "ARPT_COUNT": 1, "APT1_FAAID": "BFI", "APT1_ICAO": "KBFI", "APT1_NAME": "Boeing Fld/King County Intl", "APT1_LAANC": 1, "APT2_FAAID": "", "APT2_ICAO": "", "APT2_NAME": "", "APT2_LAANC": null, "APT3_FAAID": "", "APT3_ICAO": "", "APT3_NAME": "", "APT3_LAANC": null, "APT4_FAAID": "", "APT4_ICAO": "", "APT4_NAME": "", "APT4_LAANC": null, "APT5_FAAID": "", "APT5_ICAO": "", "APT5_NAME": "", "APT5_LAANC": null, "AIRS_COUNT": 1, "AIRSPACE_1": "D", "AIRSPACE_2": "", "AIRSPACE_3": "", "AIRSPACE_4": "", "AIRSPACE_5": "", "REGION": "Western", "APT1_Enabled": "107-AA,107-FC,44809-AA", "APT2_Enabled": "", "APT3_Enabled": "", "APT4_Enabled": "", "APT5_Enabled": "", "Shape__Length": null, "Shape__Area": null, "Shape__Area_2": 6.9444477958313655e-05, "Shape__Length_2": 0.033333341181332798 }, "geometry": { "type": "Polygon", "coordinates": [ [ [ -122.291682271842006, 47.616674838937399, 0.0 ], [ -122.283348936547, 47.616674838937399, 0.0 ], [ -122.283348936547, 47.608341503642102, 0.0 ], [ -122.291682271842006, 47.608341503642102, 0.0 ], [ -122.291682271842006, 47.616674838937399, 0.0 ] ] ] } }
]
}
