{
"type": "FeatureCollection",
"name": "faa_dof_seattle",
"crs": { "type": "name", "properties": { "name": "urn:ogc:def:crs:OGC:1.3:CRS84" } },
"features": [
{ "type": "Feature", "properties": { "oas": "53-000525", "state": "WA", "city": "SEATTLE", "obstacle_type": "BLDG", "agl_ft": 450, "amsl_ft": 500, "lat": 47.601944444444449, "lon": -122.33186944444444 }, "geometry": { "type": "Polygon", "coordinates": [ [ [ -122.331599949859182, 47.601944444444449 ], [ -122.331601247549287, 47.601926633346125 ], [ -122.331605128122092, 47.601908993772426 ], [ -122.331611554205551, 47.601891695602362 ], [ -122.331620463912998, 47.601874905427188 ], [ -122.331631771439064, 47.601858784946025 ], [ -122.331645367886125, 47.601843489408616 ], [ -122.331661122312909, 47.60182916612014 ], [ -122.331678882995703, 47.601815953022523 ], [ -122.33169847888945, 47.601803977366032 ], [ -122.331719721274922, 47.601793354483661 ], [ -122.331742405576364, 47.601784186680419 ], [ -122.331766313331542, 47.601776562248055 ], [ -122.331791214295734, 47.601770554614717 ], [ -122.331816868659004, 47.601766221637753 ], [ -122.331843029355838, 47.601763605046521 ], [ -122.331869444444436, 47.601762730040491 ], [ -122.331895859533006, 47.601763605046521 ], [ -122.33192202022984, 47.601766221637753 ], [ -122.331947674593138, 47.601770554614717 ], [ -122.331972575557302, 47.601776562248055 ], [ -122.331996483312494, 47.601784186680419 ], [ -122.332019167613922, 47.601793354483661 ], [ -122.332040409999422, 47.601803977366032 ], [ -122.33206000589314, 47.601815953022523 ], [ -122.332077766575935, 47.60182916612014 ], [ -122.332093521002719, 47.601843489408616 ], [ -122.33210711744978, 47.601858784946025 ], [ -122.332118424975846, 47.601874905427188 ], [ -122.332127334683292, 47.601891695602362 ], [ -122.33213376076678, 47.601908993772426 ], [ -122.332137641339585, 47.601926633346125 ], [ -122.332138939029662, 47.601944444444449 ], [ -122.332137641339585, 47.601962255536719 ], [ -122.33213376076678, 47.601979895092455 ], [ -122.332127334683292, 47.601997193233359 ], [ -122.332118424975846, 47.602013983369282 ], [ -122.33210711744978, 47.602030103802612 ], [ -122.332093521002719, 47.602045399285466 ], [ -122.332077766575935, 47.602059722514745 ], [ -122.33206000589314, 47.602072935550787 ], [ -122.332040409999422, 47.60208491114571 ], [ -122.332019167613922, 47.602095533968885 ], [ -122.331996483312494, 47.602104701717558 ], [ -122.331972575557302, 47.602112326102095 ], [ -122.331947674593138, 47.60211833369619 ], [ -122.33192202022984, 47.602122666644 ], [ -122.331895859533006, 47.602125283217262 ], [ -122.331869444444436, 47.602126158217231 ], [ -122.331843029355838, 47.602125283217262 ], [ -122.331816868659004, 47.602122666644 ], [ -122.331791214295734, 47.60211833369619 ], [ -122.331766313331542, 47.602112326102095 ], [ -122.331742405576364, 47.602104701717558 ], [ -122.331719721274922, 47.602095533968885 ], [ -122.33169847888945, 47.60208491114571 ], [ -122.331678882995703, 47.602072935550787 ], [ -122.331661122312909, 47.602059722514745 ], [ -122.331645367886125, 47.602045399285466 ], [ -122.331631771439064, 47.602030103802612 ], [ -122.331620463912998, 47.602013983369282 ], [ -122.331611554205551, 47.601997193233359 ], [ -122.331605128122092, 47.601979895092455 ], [ -122.331601247549287, 47.601962255536719 ], [ -122.331599949859182, 47.601944444444449 ] ] ] } },
{ "type": "Feature", "properties": { "oas": "53-000455", "state": "WA", "city": "SEATTLE", "obstacle_type": "BLDG", "agl_ft": 937, "amsl_ft": 1075, "lat": 47.604666666666667, "lon": -122.33085555555556 }, "geometry": { "type": "Polygon", "coordinates": [ [ [ -122.330586060970347, 47.60466666666666 ], [ -122.330587358660424, 47.60464885649516 ], [ -122.330591239233229, 47.604631217839369 ], [ -122.330597665316688, 47.604613920569449 ], [ -122.330606575024134, 47.604597131267973 ], [ -122.330617882550229, 47.604581011625669 ], [ -122.330631478997262, 47.604565716884188 ], [ -122.330647233424074, 47.604551394341044 ], [ -122.33066499410684, 47.604538181930998 ], [ -122.330684590000587, 47.604526206897667 ], [ -122.330705832386059, 47.604515584568084 ], [ -122.3307285166875, 47.6045064172419 ], [ -122.330752424442707, 47.60449879320629 ], [ -122.330777325406871, 47.604492785885562 ], [ -122.330802979770169, 47.604488453134067 ], [ -122.330829140466975, 47.604485836678997 ], [ -122.330855555555573, 47.604484961718491 ], [ -122.330881970644143, 47.604485836678997 ], [ -122.330908131340976, 47.604488453134067 ], [ -122.330933785704275, 47.604492785885562 ], [ -122.330958686668438, 47.60449879320629 ], [ -122.330982594423617, 47.6045064172419 ], [ -122.331005278725087, 47.604515584568084 ], [ -122.331026521110559, 47.604526206897667 ], [ -122.331046117004277, 47.604538181930998 ], [ -122.331063877687072, 47.604551394341044 ], [ -122.331079632113884, 47.604565716884188 ], [ -122.331093228560917, 47.604581011625669 ], [ -122.331104536086983, 47.604597131267973 ], [ -122.331113445794429, 47.604613920569449 ], [ -122.331119871877917, 47.604631217839369 ], [ -122.331123752450722, 47.60464885649516 ], [ -122.331125050140798, 47.60466666666666 ], [ -122.331123752450722, 47.604684476832098 ], [ -122.331119871877917, 47.604702115469934 ], [ -122.331113445794429, 47.604719412710686 ], [ -122.331104536086983, 47.604736201972912 ], [ -122.331093228560917, 47.604752321567403 ], [ -122.331079632113884, 47.604767616254321 ], [ -122.331063877687072, 47.60478193873827 ], [ -122.331046117004277, 47.604795151086741 ], [ -122.331026521110559, 47.604807126058496 ], [ -122.331005278725087, 47.604817748328884 ], [ -122.330982594423617, 47.604826915600505 ], [ -122.330958686668438, 47.604834539588289 ], [ -122.330933785704275, 47.604840546869767 ], [ -122.330908131340976, 47.6048448795921 ], [ -122.330881970644143, 47.604847496029208 ], [ -122.330855555555573, 47.604848370983653 ], [ -122.330829140466975, 47.604847496029208 ], [ -122.330802979770169, 47.6048448795921 ], [ -122.330777325406871, 47.604840546869767 ], [ -122.330752424442707, 47.604834539588289 ], [ -122.3307285166875, 47.604826915600505 ], [ -122.330705832386059, 47.604817748328884 ], [ -122.330684590000587, 47.604807126058496 ], [ -122.33066499410684, 47.604795151086741 ], [ -122.330647233424074, 47.60478193873827 ], [ -122.330631478997262, 47.604767616254321 ], [ -122.330617882550229, 47.604752321567403 ], [ -122.330606575024134, 47.604736201972912 ], [ -122.330597665316688, 47.604719412710686 ], [ -122.330591239233229, 47.604702115469934 ], [ -122.330587358660424, 47.604684476832098 ], [ -122.330586060970347, 47.60466666666666 ] ] ] } },
{ "type": "Feature", "properties": { "oas": "53-000497", "state": "WA", "city": "SEATTLE", "obstacle_type": "BLDG", "agl_ft": 603, "amsl_ft": 727, "lat": 47.604722222222222, "lon": -122.33166666666666 }, "geometry": { "type": "Polygon", "coordinates": [ [ [ -122.331397172081438, 47.604722222222215 ], [ -122.331398469771514, 47.604704412069637 ], [ -122.331402350344334, 47.604686773432569 ], [ -122.331408776427793, 47.604669476181023 ], [ -122.331417686135239, 47.604652686897381 ], [ -122.331428993661333, 47.604636567272195 ], [ -122.331442590108367, 47.604621272546957 ], [ -122.33145834453515, 47.604606950019026 ], [ -122.331476105217945, 47.604593737623006 ], [ -122.331495701111692, 47.604581762602407 ], [ -122.331516943497164, 47.604571140284087 ], [ -122.331539627798591, 47.604561972967645 ], [ -122.331563535553784, 47.604554348940134 ], [ -122.331588436517961, 47.604548341625787 ], [ -122.33161409088126, 47.604544008878896 ], [ -122.331640251578079, 47.604541392426604 ], [ -122.331666666666678, 47.604540517467029 ], [ -122.331693081755247, 47.604541392426604 ], [ -122.331719242452081, 47.604544008878896 ], [ -122.33174489681538, 47.604548341625787 ], [ -122.331769797779543, 47.604554348940134 ], [ -122.331793705534722, 47.604561972967645 ], [ -122.331816389836192, 47.604571140284087 ], [ -122.331837632221664, 47.604581762602407 ], [ -122.331857228115368, 47.604593737623006 ], [ -122.331874988798177, 47.604606950019026 ], [ -122.331890743224989, 47.604621272546957 ], [ -122.331904339672008, 47.604636567272195 ], [ -122.331915647198088, 47.604652686897381 ], [ -122.331924556905534, 47.604669476181023 ], [ -122.331930982989022, 47.604686773432569 ], [ -122.331934863561827, 47.604704412069637 ], [ -122.331936161251903, 47.604722222222215 ], [ -122.331934863561827, 47.604740032368738 ], [ -122.331930982989022, 47.604757670987837 ], [ -122.331924556905534, 47.604774968210236 ], [ -122.331915647198088, 47.604791757454613 ], [ -122.331904339672008, 47.60480787703198 ], [ -122.331890743224989, 47.604823171702655 ], [ -122.331874988798177, 47.604837494171392 ], [ -122.331857228115368, 47.604850706505836 ], [ -122.331837632221664, 47.604862681464873 ], [ -122.331816389836192, 47.604873303723984 ], [ -122.331793705534722, 47.604882470985864 ], [ -122.331769797779543, 47.604890094965555 ], [ -122.33174489681538, 47.604896102240652 ], [ -122.331719242452081, 47.604900434958388 ], [ -122.331693081755247, 47.604903051392718 ], [ -122.331666666666678, 47.604903926346225 ], [ -122.331640251578079, 47.604903051392718 ], [ -122.33161409088126, 47.604900434958388 ], [ -122.331588436517961, 47.604896102240652 ], [ -122.331563535553784, 47.604890094965555 ], [ -122.331539627798591, 47.604882470985864 ], [ -122.331516943497164, 47.604873303723984 ], [ -122.331495701111692, 47.604862681464873 ], [ -122.331476105217945, 47.604850706505836 ], [ -122.33145834453515, 47.604837494171392 ], [ -122.331442590108367, 47.604823171702655 ], [ -122.331428993661333, 47.60480787703198 ], [ -122.331417686135239, 47.604791757454613 ], [ -122.331408776427793, 47.604774968210236 ], [ -122.331402350344334, 47.604757670987837 ], [ -122.331398469771514, 47.604740032368738 ], [ -122.331397172081438, 47.604722222222215 ] ] ] } },
{ "type": "Feature", "properties": { "oas": "53-000581", "state": "WA", "city": "SEATTLE", "obstacle_type": "BLDG", "agl_ft": 500, "amsl_ft": 577, "lat": 47.605277777777779, "lon": -122.33666666666666 }, "geometry": { "type": "Polygon", "coordinates": [ [ [ -122.336397172081448, 47.605277777777779 ], [ -122.336398469771524, 47.605259967814348 ], [ -122.336402350344329, 47.605242329364621 ], [ -122.336408776427788, 47.605225032296772 ], [ -122.336417686135235, 47.605208243191449 ], [ -122.336428993661329, 47.605192123737453 ], [ -122.336442590108362, 47.60517682917466 ], [ -122.336458344535174, 47.605162506798841 ], [ -122.33647610521794, 47.605149294543146 ], [ -122.336495701111687, 47.605137319649728 ], [ -122.336516943497159, 47.605126697444227 ], [ -122.336539627798601, 47.605117530225144 ], [ -122.336563535553807, 47.605109906278607 ], [ -122.336588436517971, 47.605103899028066 ], [ -122.33661409088127, 47.605099566327183 ], [ -122.336640251578075, 47.605096949902673 ], [ -122.336666666666673, 47.605096074952399 ], [ -122.336693081755271, 47.605096949902673 ], [ -122.336719242452077, 47.605099566327183 ], [ -122.336744896815375, 47.605103899028066 ], [ -122.336769797779539, 47.605109906278607 ], [ -122.336793705534731, 47.605117530225144 ], [ -122.336816389836187, 47.605126697444227 ], [ -122.336837632221659, 47.605137319649728 ], [ -122.336857228115377, 47.605149294543146 ], [ -122.336874988798172, 47.605162506798841 ], [ -122.336890743224984, 47.60517682917466 ], [ -122.336904339672017, 47.605192123737453 ], [ -122.336915647198083, 47.605208243191449 ], [ -122.336924556905529, 47.605225032296772 ], [ -122.336930982989017, 47.605242329364621 ], [ -122.336934863561822, 47.605259967814348 ], [ -122.336936161251899, 47.605277777777779 ], [ -122.336934863561822, 47.605295587735142 ], [ -122.336930982989017, 47.605313226166913 ], [ -122.336924556905529, 47.605330523205602 ], [ -122.336915647198083, 47.605347312271682 ], [ -122.336904339672017, 47.605363431677837 ], [ -122.336890743224984, 47.605378726186082 ], [ -122.336874988798172, 47.605393048502698 ], [ -122.336857228115377, 47.605406260696817 ], [ -122.336837632221659, 47.605418235528667 ], [ -122.336816389836187, 47.605428857674966 ], [ -122.336793705534731, 47.605438024839493 ], [ -122.336769797779539, 47.605445648738218 ], [ -122.336744896815375, 47.605451655949508 ], [ -122.336719242452077, 47.605455988621223 ], [ -122.336693081755271, 47.605458605027763 ], [ -122.336666666666673, 47.605459479971984 ], [ -122.336640251578075, 47.605458605027763 ], [ -122.33661409088127, 47.605455988621223 ], [ -122.336588436517971, 47.605451655949508 ], [ -122.336563535553807, 47.605445648738218 ], [ -122.336539627798601, 47.605438024839493 ], [ -122.336516943497159, 47.605428857674966 ], [ -122.336495701111687, 47.605418235528667 ], [ -122.33647610521794, 47.605406260696817 ], [ -122.336458344535174, 47.605393048502698 ], [ -122.336442590108362, 47.605378726186082 ], [ -122.336428993661329, 47.605363431677837 ], [ -122.336417686135235, 47.605347312271682 ], [ -122.336408776427788, 47.605330523205602 ], [ -122.336402350344329, 47.605313226166913 ], [ -122.336398469771524, 47.605295587735142 ], [ -122.336397172081448, 47.605277777777779 ] ] ] } },
{ "type": "Feature", "properties": { "oas": "53-023756", "state": "WA", "city": "SEATTLE", "obstacle_type": "BLDG", "agl_ft": 715, "amsl_ft": 887, "lat": 47.60541111111111, "lon": -122.33096111111111 }, "geometry": { "type": "Polygon", "coordinates": [ [ [ -122.330691616525854, 47.605411111111103 ], [ -122.330692914215959, 47.605393301193068 ], [ -122.330696794788736, 47.605375662788305 ], [ -122.330703220872223, 47.605358365764545 ], [ -122.33071213057967, 47.605341576702017 ], [ -122.330723438105736, 47.605325457289112 ], [ -122.330737034552797, 47.605310162765299 ], [ -122.330752788979581, 47.605295840425988 ], [ -122.330770549662375, 47.60528262820398 ], [ -122.330790145556094, 47.60527065334108 ], [ -122.330811387941594, 47.605260031162658 ], [ -122.330834072243036, 47.605250863966944 ], [ -122.330857979998214, 47.605243240039833 ], [ -122.330882880962406, 47.605237232804598 ], [ -122.330908535325676, 47.605232900114764 ], [ -122.33093469602251, 47.605230283696933 ], [ -122.330961111111108, 47.605229408748876 ], [ -122.330987526199678, 47.605230283696933 ], [ -122.331013686896512, 47.605232900114764 ], [ -122.33103934125981, 47.605237232804598 ], [ -122.331064242223974, 47.605243240039833 ], [ -122.331088149979152, 47.605250863966944 ], [ -122.331110834280594, 47.605260031162658 ], [ -122.331132076666094, 47.60527065334108 ], [ -122.331151672559812, 47.60528262820398 ], [ -122.331169433242607, 47.605295840425988 ], [ -122.331185187669391, 47.605310162765299 ], [ -122.331198784116452, 47.605325457289112 ], [ -122.331210091642518, 47.605341576702017 ], [ -122.331219001349965, 47.605358365764545 ], [ -122.331225427433452, 47.605375662788305 ], [ -122.331229308006257, 47.605393301193068 ], [ -122.331230605696334, 47.605411111111103 ], [ -122.331229308006257, 47.605428921023076 ], [ -122.331225427433452, 47.605446559409877 ], [ -122.331219001349965, 47.605463856404477 ], [ -122.331210091642518, 47.605480645427754 ], [ -122.331198784116452, 47.605496764792839 ], [ -122.331185187669391, 47.605512059262082 ], [ -122.331169433242607, 47.605526381542198 ], [ -122.331151672559812, 47.605539593702645 ], [ -122.331132076666094, 47.605551568503969 ], [ -122.331110834280594, 47.605562190623196 ], [ -122.331088149979152, 47.605571357764354 ], [ -122.331064242223974, 47.605578981643639 ], [ -122.33103934125981, 47.605584988839617 ], [ -122.331013686896512, 47.60558932150029 ], [ -122.330987526199678, 47.605591937900172 ], [ -122.330961111111108, 47.605592812842154 ], [ -122.33093469602251, 47.605591937900172 ], [ -122.330908535325676, 47.60558932150029 ], [ -122.330882880962406, 47.605584988839617 ], [ -122.330857979998214, 47.605578981643639 ], [ -122.330834072243036, 47.605571357764354 ], [ -122.330811387941594, 47.605562190623196 ], [ -122.330790145556094, 47.605551568503969 ], [ -122.330770549662375, 47.605539593702645 ], [ -122.330752788979581, 47.605526381542198 ], [ -122.330737034552797, 47.605512059262082 ], [ -122.330723438105736, 47.605496764792839 ], [ -122.33071213057967, 47.605480645427754 ], [ -122.330703220872223, 47.605463856404477 ], [ -122.330696794788736, 47.605446559409877 ], [ -122.330692914215959, 47.605428921023076 ], [ -122.330691616525854, 47.605411111111103 ] ] ] } },
{ "type": "Feature", "properties": { "oas": "53-000153", "state": "WA", "city": "SEATTLE", "obstacle_type": "BLDG", "agl_ft": 571, "amsl_ft": 731, "lat": 47.60595277777778, "lon": -122.33389444444444 }, "geometry": { "type": "Polygon", "coordinates": [ [ [ -122.3336249498592, 47.605952777777773 ], [ -122.333626247549304, 47.605934968044167 ], [ -122.33363012812211, 47.605917329822056 ], [ -122.333636554205569, 47.605900032977409 ], [ -122.333645463913015, 47.60588324408873 ], [ -122.333656771439109, 47.60586712484276 ], [ -122.333670367886143, 47.605851830477327 ], [ -122.333686122312926, 47.605837508286328 ], [ -122.333703882995721, 47.605824296201128 ], [ -122.333723478889468, 47.605812321462231 ], [ -122.33374472127494, 47.605801699393801 ], [ -122.333767405576381, 47.605792532293016 ], [ -122.33379131333156, 47.605784908444853 ], [ -122.333816214295751, 47.605778901271826 ], [ -122.33384186865905, 47.605774568626863 ], [ -122.333868029355855, 47.605771952236118 ], [ -122.333894444444454, 47.605771077297128 ], [ -122.333920859533023, 47.605771952236118 ], [ -122.333947020229857, 47.605774568626863 ], [ -122.333972674593156, 47.605778901271826 ], [ -122.333997575557319, 47.605784908444853 ], [ -122.334021483312497, 47.605792532293016 ], [ -122.334044167613939, 47.605801699393801 ], [ -122.33406540999944, 47.605812321462231 ], [ -122.334085005893158, 47.605824296201128 ], [ -122.334102766575953, 47.605837508286328 ], [ -122.334118521002765, 47.605851830477327 ], [ -122.334132117449798, 47.60586712484276 ], [ -122.334143424975863, 47.60588324408873 ], [ -122.33415233468331, 47.605900032977409 ], [ -122.334158760766798, 47.605917329822056 ], [ -122.334162641339603, 47.605934968044167 ], [ -122.334163939029679, 47.605952777777773 ], [ -122.334162641339603, 47.605970587505311 ], [ -122.334158760766798, 47.605988225709474 ], [ -122.33415233468331, 47.606005522524953 ], [ -122.334143424975863, 47.606022311374382 ], [ -122.334132117449798, 47.606038430572539 ], [ -122.334118521002765, 47.606053724883402 ], [ -122.334102766575953, 47.606068047015206 ], [ -122.334085005893158, 47.606081259038838 ], [ -122.33406540999944, 47.606093233716166 ], [ -122.334044167613939, 47.606103855725387 ], [ -122.334021483312497, 47.606113022771616 ], [ -122.333997575557319, 47.606120646571959 ], [ -122.333972674593156, 47.606126653705722 ], [ -122.333947020229857, 47.606130986321531 ], [ -122.333920859533023, 47.606133602694314 ], [ -122.333894444444454, 47.606134477627243 ], [ -122.333868029355855, 47.606133602694314 ], [ -122.33384186865905, 47.606130986321531 ], [ -122.333816214295751, 47.606126653705722 ], [ -122.33379131333156, 47.606120646571959 ], [ -122.333767405576381, 47.606113022771616 ], [ -122.33374472127494, 47.606103855725387 ], [ -122.333723478889468, 47.606093233716166 ], [ -122.333703882995721, 47.606081259038838 ], [ -122.333686122312926, 47.606068047015206 ], [ -122.333670367886143, 47.606053724883402 ], [ -122.333656771439109, 47.606038430572539 ], [ -122.333645463913015, 47.606022311374382 ], [ -122.333636554205569, 47.606005522524953 ], [ -122.33363012812211, 47.605988225709474 ], [ -122.333626247549304, 47.605970587505311 ], [ -122.3336249498592, 47.605952777777773 ] ] ] } },
{ "type": "Feature", "properties": { "oas": "53-000384", "state": "WA", "city": "SEATTLE", "obstacle_type": "BLDG", "agl_ft": 549, "amsl_ft": 753, "lat": 47.605833333333337, "lon": -122.32944444444443 }, "geometry": { "type": "Polygon", "coordinates": [ [ [ -122.32917494985918, 47.605833333333322 ], [ -122.329176247549256, 47.605815523559045 ], [ -122.329180128122076, 47.60579788529666 ], [ -122.329186554205563, 47.605780588412514 ], [ -122.32919546391301, 47.605763799485509 ], [ -122.329206771439075, 47.605747680202718 ], [ -122.329220367886123, 47.605732385802369 ], [ -122.329236122312921, 47.605718063578657 ], [ -122.329253882995715, 47.605704851463287 ], [ -122.329273478889419, 47.605692876697049 ], [ -122.32929472127492, 47.605682254604368 ], [ -122.329317405576361, 47.605673087482643 ], [ -122.32934131333154, 47.605665463617079 ], [ -122.329366214295703, 47.605659456430338 ], [ -122.329391868659002, 47.605655123775477 ], [ -122.32941802935585, 47.605652507378757 ], [ -122.32944444444442, 47.605651632437763 ], [ -122.329470859533004, 47.605652507378757 ], [ -122.329497020229852, 47.605655123775477 ], [ -122.329522674593122, 47.605659456430338 ], [ -122.329547575557314, 47.605665463617079 ], [ -122.329571483312492, 47.605673087482643 ], [ -122.329594167613934, 47.605682254604368 ], [ -122.329615409999406, 47.605692876697049 ], [ -122.329635005893138, 47.605704851463287 ], [ -122.329652766575933, 47.605718063578657 ], [ -122.329668521002731, 47.605732385802369 ], [ -122.329682117449778, 47.605747680202718 ], [ -122.329693424975844, 47.605763799485509 ], [ -122.32970233468329, 47.605780588412514 ], [ -122.329708760766763, 47.60579788529666 ], [ -122.329712641339569, 47.605815523559045 ], [ -122.329713939029673, 47.605833333333322 ], [ -122.329712641339569, 47.605851143101539 ], [ -122.329708760766763, 47.605868781345976 ], [ -122.32970233468329, 47.605886078200946 ], [ -122.329693424975844, 47.605902867088716 ], [ -122.329682117449778, 47.60591898632368 ], [ -122.329668521002731, 47.605934280669473 ], [ -122.329652766575933, 47.605948602833976 ], [ -122.329635005893138, 47.605961814887777 ], [ -122.329615409999406, 47.60597378959244 ], [ -122.329594167613934, 47.605984411625933 ], [ -122.329571483312492, 47.605993578693088 ], [ -122.329547575557314, 47.606001202510839 ], [ -122.329522674593122, 47.60600720965833 ], [ -122.329497020229852, 47.606011542284023 ], [ -122.329470859533004, 47.606014158662781 ], [ -122.32944444444442, 47.606015033597707 ], [ -122.32941802935585, 47.606014158662781 ], [ -122.329391868659002, 47.606011542284023 ], [ -122.329366214295703, 47.60600720965833 ], [ -122.32934131333154, 47.606001202510839 ], [ -122.329317405576361, 47.605993578693088 ], [ -122.32929472127492, 47.605984411625933 ], [ -122.329273478889419, 47.60597378959244 ], [ -122.329253882995715, 47.605961814887777 ], [ -122.329236122312921, 47.605948602833976 ], [ -122.329220367886123, 47.605934280669473 ], [ -122.329206771439075, 47.60591898632368 ], [ -122.32919546391301, 47.605902867088716 ], [ -122.329186554205563, 47.605886078200946 ], [ -122.329180128122076, 47.605868781345976 ], [ -122.329176247549256, 47.605851143101539 ], [ -122.32917494985918, 47.605833333333322 ] ] ] } },
{ "type": "Feature", "properties": { "oas": "53-023710", "state": "WA", "city": "SEATTLE", "obstacle_type": "BLDG", "agl_ft": 529, "amsl_ft": 718, "lat": 47.60646666666667, "lon": -122.33128055555555 }, "geometry": { "type": "Polygon", "coordinates": [ [ [ -122.331011060970297, 47.60646666666667 ], [ -122.331012358660388, 47.606448857108028 ], [ -122.331016239233207, 47.606431219059203 ], [ -122.331022665316667, 47.60641392238449 ], [ -122.331031575024113, 47.606397133660757 ], [ -122.331042882550179, 47.606381014573145 ], [ -122.33105647899724, 47.606365720357971 ], [ -122.331072233424024, 47.606351398307673 ], [ -122.331089994106819, 47.606338186352282 ], [ -122.331109590000565, 47.606326211731023 ], [ -122.331130832386037, 47.606315589766957 ], [ -122.331153516687479, 47.606306422756234 ], [ -122.331177424442657, 47.606298798982969 ], [ -122.331202325406849, 47.60629279186896 ], [ -122.331227979770119, 47.606288459266565 ], [ -122.331254140466953, 47.606285842901528 ], [ -122.331280555555551, 47.606284967971128 ], [ -122.331306970644121, 47.606285842901528 ], [ -122.331333131340955, 47.606288459266565 ], [ -122.331358785704253, 47.60629279186896 ], [ -122.331383686668417, 47.606298798982969 ], [ -122.331407594423595, 47.606306422756234 ], [ -122.331430278725037, 47.606315589766957 ], [ -122.331451521110537, 47.606326211731023 ], [ -122.331471117004256, 47.606338186352282 ], [ -122.33148887768705, 47.606351398307673 ], [ -122.331504632113834, 47.606365720357971 ], [ -122.331518228560896, 47.606381014573145 ], [ -122.331529536086961, 47.606397133660757 ], [ -122.331538445794408, 47.60641392238449 ], [ -122.331544871877895, 47.606431219059203 ], [ -122.331548752450701, 47.606448857108028 ], [ -122.331550050140777, 47.60646666666667 ], [ -122.331548752450701, 47.606484476219244 ], [ -122.331544871877895, 47.606502114250112 ], [ -122.331538445794408, 47.60651941089565 ], [ -122.331529536086961, 47.606536199580148 ], [ -122.331518228560896, 47.606552318619933 ], [ -122.331504632113834, 47.606567612780545 ], [ -122.33148887768705, 47.606581934771647 ], [ -122.331471117004256, 47.60659514666547 ], [ -122.331451521110537, 47.606607121225153 ], [ -122.331430278725037, 47.606617743130023 ], [ -122.331407594423595, 47.606626910086185 ], [ -122.331383686668417, 47.606634533811629 ], [ -122.331358785704253, 47.606640540886382 ], [ -122.331333131340955, 47.606644873459622 ], [ -122.331306970644121, 47.606647489806704 ], [ -122.331280555555551, 47.606648364731036 ], [ -122.331254140466953, 47.606647489806704 ], [ -122.331227979770119, 47.606644873459622 ], [ -122.331202325406849, 47.606640540886382 ], [ -122.331177424442657, 47.606634533811629 ], [ -122.331153516687479, 47.606626910086185 ], [ -122.331130832386037, 47.606617743130023 ], [ -122.331109590000565, 47.606607121225153 ], [ -122.331089994106819, 47.60659514666547 ], [ -122.331072233424024, 47.606581934771647 ], [ -122.33105647899724, 47.606567612780545 ], [ -122.331042882550179, 47.606552318619933 ], [ -122.331031575024113, 47.606536199580148 ], [ -122.331022665316667, 47.60651941089565 ], [ -122.331016239233207, 47.606502114250112 ], [ -122.331012358660388, 47.606484476219244 ], [ -122.331011060970297, 47.60646666666667 ] ] ] } },
{ "type": "Feature", "properties": { "oas": "53-106127", "state": "WA", "city": "SEATTLE", "obstacle_type": "BLDG", "agl_ft": 590, "amsl_ft": 676, "lat": 47.607141666666671, "lon": -122.33719444444444 }, "geometry": { "type": "Polygon", "coordinates": [ [ [ -122.336924949859196, 47.607141666666664 ], [ -122.3369262475493, 47.607123857337868 ], [ -122.336930128122106, 47.607106219516652 ], [ -122.336936554205565, 47.607088923065156 ], [ -122.336945463913011, 47.607072134558067 ], [ -122.336956771439105, 47.607056015678474 ], [ -122.336970367886138, 47.607040721660667 ], [ -122.336986122312922, 47.607026399795195 ], [ -122.337003882995717, 47.607013188010292 ], [ -122.337023478889463, 47.607001213543576 ], [ -122.337044721274935, 47.606990591716574 ], [ -122.337067405576377, 47.606981424824149 ], [ -122.337091313331555, 47.606973801149266 ], [ -122.337116214295747, 47.606967794112784 ], [ -122.337141868659018, 47.606963461566295 ], [ -122.337168029355851, 47.606960845235022 ], [ -122.337194444444449, 47.606959970315913 ], [ -122.337220859533019, 47.606960845235022 ], [ -122.337247020229853, 47.606963461566295 ], [ -122.337272674593152, 47.606967794112784 ], [ -122.337297575557315, 47.606973801149266 ], [ -122.337321483312493, 47.606981424824149 ], [ -122.337344167613935, 47.606990591716574 ], [ -122.337365409999435, 47.607001213543576 ], [ -122.337385005893154, 47.607013188010292 ], [ -122.337402766575948, 47.607026399795195 ], [ -122.33741852100276, 47.607040721660667 ], [ -122.337432117449794, 47.607056015678474 ], [ -122.337443424975859, 47.607072134558067 ], [ -122.337452334683306, 47.607088923065156 ], [ -122.337458760766793, 47.607106219516652 ], [ -122.337462641339599, 47.607123857337868 ], [ -122.337463939029675, 47.607141666666664 ], [ -122.337462641339599, 47.607159475989413 ], [ -122.337458760766793, 47.607177113792666 ], [ -122.337452334683306, 47.607194410215008 ], [ -122.337443424975859, 47.607211198682833 ], [ -122.337432117449794, 47.607227317514614 ], [ -122.33741852100276, 47.607242611477858 ], [ -122.337402766575948, 47.607256933284134 ], [ -122.337385005893154, 47.607270145007462 ], [ -122.337365409999435, 47.607282119412616 ], [ -122.337344167613935, 47.607292741180409 ], [ -122.337321483312493, 47.607301908018279 ], [ -122.337297575557315, 47.607309531645335 ], [ -122.337272674593152, 47.607315538642567 ], [ -122.337247020229853, 47.607319871159902 ], [ -122.337220859533019, 47.607322487473212 ], [ -122.337194444444449, 47.607323362386254 ], [ -122.337168029355851, 47.607322487473212 ], [ -122.337141868659018, 47.607319871159902 ], [ -122.337116214295747, 47.607315538642567 ], [ -122.337091313331555, 47.607309531645335 ], [ -122.337067405576377, 47.607301908018279 ], [ -122.337044721274935, 47.607292741180409 ], [ -122.337023478889463, 47.607282119412616 ], [ -122.337003882995717, 47.607270145007462 ], [ -122.336986122312922, 47.607256933284134 ], [ -122.336970367886138, 47.607242611477858 ], [ -122.336956771439105, 47.607227317514614 ], [ -122.336945463913011, 47.607211198682833 ], [ -122.336936554205565, 47.607194410215008 ], [ -122.336930128122106, 47.607177113792666 ], [ -122.3369262475493, 47.607159475989413 ], [ -122.336924949859196, 47.607141666666664 ] ] ] } },
{ "type": "Feature", "properties": { "oas": "53-001156", "state": "WA", "city": "SEATTLE", "obstacle_type": "BLDG", "agl_ft": 573, "amsl_ft": 677, "lat": 47.607775, "lon": -122.3381 }, "geometry": { "type": "Polygon", "coordinates": [ [ [ -122.337830505414743, 47.607775 ], [ -122.337831803104805, 47.607757190886836 ], [ -122.337835683677625, 47.607739553279188 ], [ -122.337842109761112, 47.607722257037118 ], [ -122.337851019468559, 47.607705468733322 ], [ -122.337862326994625, 47.607689350048894 ], [ -122.337875923441672, 47.60767405621629 ], [ -122.33789167786847, 47.607659734524226 ], [ -122.337909438551264, 47.607646522899302 ], [ -122.337929034444983, 47.607634548577579 ], [ -122.337950276830483, 47.607623926879192 ], [ -122.337972961131911, 47.607614760097761 ], [ -122.337996868887089, 47.607607136515199 ], [ -122.338021769851267, 47.607601129551448 ], [ -122.338047424214551, 47.607596797057418 ], [ -122.338073584911399, 47.607594180757815 ], [ -122.3381, 47.607593305849306 ], [ -122.338126415088567, 47.607594180757815 ], [ -122.338152575785401, 47.607596797057418 ], [ -122.338178230148671, 47.607601129551448 ], [ -122.338203131112863, 47.607607136515199 ], [ -122.338227038868041, 47.607614760097761 ], [ -122.338249723169483, 47.607623926879192 ], [ -122.338270965554983, 47.607634548577579 ], [ -122.338290561448687, 47.607646522899302 ], [ -122.338308322131482, 47.607659734524226 ], [ -122.33832407655828, 47.60767405621629 ], [ -122.338337673005327, 47.607689350048894 ], [ -122.338348980531407, 47.607705468733322 ], [ -122.338357890238854, 47.607722257037118 ], [ -122.338364316322313, 47.607739553279188 ], [ -122.338368196895118, 47.607757190886836 ], [ -122.338369494585223, 47.607775 ], [ -122.338368196895118, 47.607792809107096 ], [ -122.338364316322313, 47.607810446696782 ], [ -122.338357890238854, 47.607827742909691 ], [ -122.338348980531407, 47.607844531174237 ], [ -122.338337673005327, 47.607860649810839 ], [ -122.33832407655828, 47.607875943588894 ], [ -122.338308322131482, 47.607890265221748 ], [ -122.338290561448687, 47.607903476785111 ], [ -122.338270965554983, 47.607915451045272 ], [ -122.338249723169483, 47.60792607268445 ], [ -122.338227038868041, 47.607935239411319 ], [ -122.338203131112863, 47.607942862946061 ], [ -122.338178230148671, 47.607948869870576 ], [ -122.338152575785401, 47.60795320233543 ], [ -122.338126415088567, 47.607955818617071 ], [ -122.3381, 47.607956693519512 ], [ -122.338073584911399, 47.607955818617071 ], [ -122.338047424214551, 47.60795320233543 ], [ -122.338021769851267, 47.607948869870576 ], [ -122.337996868887089, 47.607942862946061 ], [ -122.337972961131911, 47.607935239411319 ], [ -122.337950276830483, 47.60792607268445 ], [ -122.337929034444983, 47.607915451045272 ], [ -122.337909438551264, 47.607903476785111 ], [ -122.33789167786847, 47.607890265221748 ], [ -122.337875923441672, 47.607875943588894 ], [ -122.337862326994625, 47.607860649810839 ], [ -122.337851019468559, 47.607844531174237 ], [ -122.337842109761112, 47.607827742909691 ], [ -122.337835683677625, 47.607810446696782 ], [ -122.337831803104805, 47.607792809107096 ], [ -122.337830505414743, 47.607775 ] ] ] } },
{ "type": "Feature", "properties": { "oas": "53-000524", "state": "WA", "city": "SEATTLE", "obstacle_type": "BLDG", "agl_ft": 528, "amsl_ft": 683, "lat": 47.60884166666667, "lon": -122.334375 }, "geometry": { "type": "Polygon", "coordinates": [ [ [ -122.33410550541474, 47.608841666666663 ], [ -122.334106803104817, 47.60882385791669 ], [ -122.334110683677622, 47.60880622066874 ], [ -122.33411710976111, 47.608788924779425 ], [ -122.334126019468556, 47.608772136817997 ], [ -122.334137326994636, 47.608756018462294 ], [ -122.334150923441683, 47.608740724941569 ], [ -122.334166677868467, 47.608726403541588 ], [ -122.334184438551276, 47.608713192186102 ], [ -122.33420403444498, 47.608701218108571 ], [ -122.33422527683048, 47.608690596626808 ], [ -122.334247961131922, 47.608681430032327 ], [ -122.3342718688871, 47.608673806605225 ], [ -122.334296769851264, 47.608667799763985 ], [ -122.334322424214562, 47.608663467358312 ], [ -122.334348584911396, 47.608660851112063 ], [ -122.334375, 47.608659976221404 ], [ -122.334401415088564, 47.608660851112063 ], [ -122.334427575785398, 47.608663467358312 ], [ -122.334453230148682, 47.608667799763985 ], [ -122.33447813111286, 47.608673806605225 ], [ -122.334502038868052, 47.608681430032327 ], [ -122.33452472316948, 47.608690596626808 ], [ -122.33454596555498, 47.608701218108571 ], [ -122.334565561448699, 47.608713192186102 ], [ -122.334583322131493, 47.608726403541588 ], [ -122.334599076558277, 47.608740724941569 ], [ -122.334612673005338, 47.608756018462294 ], [ -122.334623980531404, 47.608772136817997 ], [ -122.334632890238851, 47.608788924779425 ], [ -122.33463931632231, 47.60880622066874 ], [ -122.334643196895129, 47.60882385791669 ], [ -122.33464449458522, 47.608841666666663 ], [ -122.334643196895129, 47.608859475410569 ], [ -122.33463931632231, 47.608877112640563 ], [ -122.334632890238851, 47.608894408500731 ], [ -122.334623980531404, 47.608911196422902 ], [ -122.334612673005338, 47.608927314730778 ], [ -122.334599076558277, 47.608942608196941 ], [ -122.334583322131493, 47.608956929537726 ], [ -122.334565561448699, 47.608970140831644 ], [ -122.33454596555498, 47.608982114847606 ], [ -122.33452472316948, 47.608992736270174 ], [ -122.334502038868052, 47.609001902810093 ], [ -122.33447813111286, 47.609009526189368 ], [ -122.334453230148682, 47.609015532991371 ], [ -122.334427575785398, 47.609019865367877 ], [ -122.334401415088564, 47.609022481596156 ], [ -122.334375, 47.609023356480762 ], [ -122.334348584911396, 47.609022481596156 ], [ -122.334322424214562, 47.609019865367877 ], [ -122.334296769851264, 47.609015532991371 ], [ -122.3342718688871, 47.609009526189368 ], [ -122.334247961131922, 47.609001902810093 ], [ -122.33422527683048, 47.608992736270174 ], [ -122.33420403444498, 47.608982114847606 ], [ -122.334184438551276, 47.608970140831644 ], [ -122.334166677868467, 47.608956929537726 ], [ -122.334150923441683, 47.608942608196941 ], [ -122.334137326994636, 47.608927314730778 ], [ -122.334126019468556, 47.608911196422902 ], [ -122.33411710976111, 47.608894408500731 ], [ -122.334110683677622, 47.608877112640563 ], [ -122.334106803104817, 47.608859475410569 ], [ -122.33410550541474, 47.608841666666663 ] ] ] } },
{ "type": "Feature", "properties": { "oas": "53-020257", "state": "WA", "city": "SEATTLE", "obstacle_type": "BLDG", "agl_ft": 440, "amsl_ft": 572, "lat": 47.609722222222224, "lon": -122.33972222222222 }, "geometry": { "type": "Polygon", "coordinates": [ [ [ -122.339452727636967, 47.609722222222217 ], [ -122.339454025327058, 47.609704413772079 ], [ -122.339457905899877, 47.609686776821071 ], [ -122.339464331983336, 47.609669481222937 ], [ -122.339473241690783, 47.609652693544163 ], [ -122.339484549216849, 47.609636575459824 ], [ -122.33949814566391, 47.609621282196592 ], [ -122.339513900090694, 47.60960696103772 ], [ -122.339531660773488, 47.609593749904661 ], [ -122.339551256667235, 47.609581776028726 ], [ -122.339572499052707, 47.609571154725785 ], [ -122.339595183354149, 47.609561988285627 ], [ -122.339619091109327, 47.609554364986884 ], [ -122.339643992073519, 47.609548358246769 ], [ -122.339669646436789, 47.609544025914033 ], [ -122.339695807133623, 47.609541409711845 ], [ -122.339722222222221, 47.609540534835901 ], [ -122.339748637310791, 47.609541409711845 ], [ -122.339774798007625, 47.609544025914033 ], [ -122.339800452370923, 47.609548358246769 ], [ -122.339825353335087, 47.609554364986884 ], [ -122.339849261090265, 47.609561988285627 ], [ -122.339871945391707, 47.609571154725785 ], [ -122.339893187777207, 47.609581776028726 ], [ -122.339912783670925, 47.609593749904661 ], [ -122.33993054435372, 47.60960696103772 ], [ -122.339946298780504, 47.609621282196592 ], [ -122.339959895227565, 47.609636575459824 ], [ -122.339971202753631, 47.609652693544163 ], [ -122.339980112461078, 47.609669481222937 ], [ -122.339986538544565, 47.609686776821071 ], [ -122.33999041911737, 47.609704413772079 ], [ -122.339991716807447, 47.609722222222217 ], [ -122.33999041911737, 47.609740030666288 ], [ -122.339986538544565, 47.609757667599339 ], [ -122.339980112461078, 47.609774963168306 ], [ -122.339971202753631, 47.609791750807837 ], [ -122.339959895227565, 47.609807868844356 ], [ -122.339946298780504, 47.609823162053033 ], [ -122.33993054435372, 47.609837483152695 ], [ -122.339912783670925, 47.609850694224185 ], [ -122.339893187777207, 47.609862668038559 ], [ -122.339871945391707, 47.609873289282298 ], [ -122.339849261090265, 47.609882455667893 ], [ -122.339825353335087, 47.609890078918816 ], [ -122.339800452370923, 47.609896085619688 ], [ -122.339774798007625, 47.609900417923249 ], [ -122.339748637310791, 47.609903034107489 ], [ -122.339722222222221, 47.609903908977358 ], [ -122.339695807133623, 47.609903034107489 ], [ -122.339669646436789, 47.609900417923249 ], [ -122.339643992073519, 47.609896085619688 ], [ -122.339619091109327, 47.609890078918816 ], [ -122.339595183354149, 47.609882455667893 ], [ -122.339572499052707, 47.609873289282298 ], [ -122.339551256667235, 47.609862668038559 ], [ -122.339531660773488, 47.609850694224185 ], [ -122.339513900090694, 47.609837483152695 ], [ -122.33949814566391, 47.609823162053033 ], [ -122.339484549216849, 47.609807868844356 ], [ -122.339473241690783, 47.609791750807837 ], [ -122.339464331983336, 47.609774963168306 ], [ -122.339457905899877, 47.609757667599339 ], [ -122.339454025327058, 47.609740030666288 ], [ -122.339452727636967, 47.609722222222217 ] ] ] } },
{ "type": "Feature", "properties": { "oas": "53-110901", "state": "WA", "city": "SEATTLE", "obstacle_type": "BLDG", "agl_ft": 438, "amsl_ft": 586, "lat": 47.610547222222223, "lon": -122.340625 }, "geometry": { "type": "Polygon", "coordinates": [ [ [ -122.340355505414749, 47.610547222222216 ], [ -122.340356803104825, 47.610529414052991 ], [ -122.340360683677631, 47.610511777380196 ], [ -122.340367109761118, 47.610494482054889 ], [ -122.340376019468565, 47.61047769464092 ], [ -122.34038732699463, 47.610461576810842 ], [ -122.340400923441692, 47.610446283788853 ], [ -122.340416677868475, 47.610431962855884 ], [ -122.34043443855127, 47.610418751931221 ], [ -122.340454034444988, 47.610406778244169 ], [ -122.340475276830489, 47.610396157108767 ], [ -122.340497961131931, 47.610386990813211 ], [ -122.340521868887109, 47.610379367634714 ], [ -122.340546769851272, 47.61037336098935 ], [ -122.340572424214571, 47.610369028724953 ], [ -122.340598584911405, 47.610366412564041 ], [ -122.340625, 47.610365537701895 ], [ -122.340651415088573, 47.610366412564041 ], [ -122.340677575785406, 47.610369028724953 ], [ -122.340703230148677, 47.61037336098935 ], [ -122.340728131112868, 47.610379367634714 ], [ -122.340752038868047, 47.610386990813211 ], [ -122.340774723169488, 47.610396157108767 ], [ -122.34079596555496, 47.610406778244169 ], [ -122.340815561448707, 47.610418751931221 ], [ -122.340833322131502, 47.610431962855884 ], [ -122.340849076558285, 47.610446283788853 ], [ -122.340862673005347, 47.610461576810842 ], [ -122.340873980531413, 47.61047769464092 ], [ -122.340882890238859, 47.610494482054889 ], [ -122.340889316322318, 47.610511777380196 ], [ -122.340893196895124, 47.610529414052991 ], [ -122.340894494585228, 47.610547222222216 ], [ -122.340893196895124, 47.610565030385374 ], [ -122.340889316322318, 47.610582667040205 ], [ -122.340882890238859, 47.610599962336352 ], [ -122.340873980531413, 47.610616749711063 ], [ -122.340862673005347, 47.610632867493337 ], [ -122.340849076558285, 47.610648160460769 ], [ -122.340833322131502, 47.610662481334529 ], [ -122.340815561448707, 47.610675692197624 ], [ -122.34079596555496, 47.610687665823107 ], [ -122.340774723169488, 47.6106982868993 ], [ -122.340752038868047, 47.610707453140307 ], [ -122.340728131112868, 47.610715076270978 ], [ -122.340703230148677, 47.610721082877092 ], [ -122.340677575785406, 47.61072541511232 ], [ -122.340651415088573, 47.610728031255292 ], [ -122.340625, 47.610728906111362 ], [ -122.340598584911405, 47.610728031255292 ], [ -122.340572424214571, 47.61072541511232 ], [ -122.340546769851272, 47.610721082877092 ], [ -122.340521868887109, 47.610715076270978 ], [ -122.340497961131931, 47.610707453140307 ], [ -122.340475276830489, 47.6106982868993 ], [ -122.340454034444988, 47.610687665823107 ], [ -122.34043443855127, 47.610675692197624 ], [ -122.340416677868475, 47.610662481334529 ], [ -122.340400923441692, 47.610648160460769 ], [ -122.34038732699463, 47.610632867493337 ], [ -122.340376019468565, 47.610616749711063 ], [ -122.340367109761118, 47.610599962336352 ], [ -122.340360683677631, 47.610582667040205 ], [ -122.340356803104825, 47.610565030385374 ], [ -122.340355505414749, 47.610547222222216 ] ] ] } },
{ "type": "Feature", "properties": { "oas": "53-098213", "state": "WA", "city": "SEATTLE", "obstacle_type": "BLDG", "agl_ft": 440, "amsl_ft": 585, "lat": 47.61065555555556, "lon": -122.33971666666666 }, "geometry": { "type": "Polygon", "coordinates": [ [ [ -122.339447172081449, 47.610655555555553 ], [ -122.339448469771511, 47.610637747423219 ], [ -122.339452350344331, 47.610620110786961 ], [ -122.33945877642779, 47.610602815497472 ], [ -122.339467686135237, 47.610586028118298 ], [ -122.339478993661331, 47.610569910321594 ], [ -122.339492590108364, 47.610554617331275 ], [ -122.339508344535176, 47.610540296427978 ], [ -122.339526105217942, 47.610527085530684 ], [ -122.339545701111689, 47.610515111868423 ], [ -122.339566943497161, 47.610504490755034 ], [ -122.339589627798603, 47.610495324478457 ], [ -122.339613535553795, 47.610487701315755 ], [ -122.339638436517973, 47.610481694682832 ], [ -122.339664090881257, 47.610477362427424 ], [ -122.339690251578077, 47.610474746271919 ], [ -122.339716666666675, 47.610473871411585 ], [ -122.339743081755273, 47.610474746271919 ], [ -122.339769242452078, 47.610477362427424 ], [ -122.339794896815377, 47.610481694682832 ], [ -122.339819797779541, 47.610487701315755 ], [ -122.339843705534747, 47.610495324478457 ], [ -122.339866389836189, 47.610504490755034 ], [ -122.339887632221661, 47.610515111868423 ], [ -122.339907228115393, 47.610527085530684 ], [ -122.339924988798174, 47.610540296427978 ], [ -122.339940743224986, 47.610554617331275 ], [ -122.339954339672019, 47.610569910321594 ], [ -122.339965647198113, 47.610586028118298 ], [ -122.339974556905531, 47.610602815497472 ], [ -122.339980982989019, 47.610620110786961 ], [ -122.339984863561824, 47.610637747423219 ], [ -122.3399861612519, 47.610655555555553 ], [ -122.339984863561824, 47.610673363681819 ], [ -122.339980982989019, 47.610691000300129 ], [ -122.339974556905531, 47.610708295560443 ], [ -122.339965647198113, 47.610725082900387 ], [ -122.339954339672019, 47.610741200649265 ], [ -122.339940743224986, 47.610756493585015 ], [ -122.339924988798174, 47.610770814429117 ], [ -122.339907228115393, 47.610784025264849 ], [ -122.339887632221661, 47.610795998865527 ], [ -122.339866389836189, 47.610806619919728 ], [ -122.339843705534747, 47.610815786141742 ], [ -122.339819797779541, 47.610823409256618 ], [ -122.339794896815377, 47.610829415850297 ], [ -122.339769242452078, 47.610833748076551 ], [ -122.339743081755273, 47.610836364214094 ], [ -122.339716666666675, 47.61083723906836 ], [ -122.339690251578077, 47.610836364214094 ], [ -122.339664090881257, 47.610833748076551 ], [ -122.339638436517973, 47.610829415850297 ], [ -122.339613535553795, 47.610823409256618 ], [ -122.339589627798603, 47.610815786141742 ], [ -122.339566943497161, 47.610806619919728 ], [ -122.339545701111689, 47.610795998865527 ], [ -122.339526105217942, 47.610784025264849 ], [ -122.339508344535176, 47.610770814429117 ], [ -122.339492590108364, 47.610756493585015 ], [ -122.339478993661331, 47.610741200649265 ], [ -122.339467686135237, 47.610725082900387 ], [ -122.33945877642779, 47.610708295560443 ], [ -122.339452350344331, 47.610691000300129 ], [ -122.339448469771511, 47.610673363681819 ], [ -122.339447172081449, 47.610655555555553 ] ] ] } },
{ "type": "Feature", "properties": { "oas": "53-023747", "state": "WA", "city": "SEATTLE", "obstacle_type": "BLDG", "agl_ft": 389, "amsl_ft": 558, "lat": 47.611666666666665, "lon": -122.34222222222222 }, "geometry": { "type": "Polygon", "coordinates": [ [ [ -122.341952727637008, 47.611666666666657 ], [ -122.341954025327084, 47.611648858878624 ], [ -122.341957905899889, 47.611631222583341 ], [ -122.341964331983348, 47.611613927628241 ], [ -122.341973241690795, 47.611597140573608 ], [ -122.341984549216889, 47.611581023088519 ], [ -122.341998145663922, 47.611565730393878 ], [ -122.342013900090734, 47.611551409767451 ], [ -122.3420316607735, 47.611538199125562 ], [ -122.342051256667247, 47.611526225694803 ], [ -122.342072499052719, 47.611515604786753 ], [ -122.342095183354161, 47.6115064386874 ], [ -122.342119091109367, 47.611498815672071 ], [ -122.342143992073531, 47.611492809155287 ], [ -122.34216964643683, 47.611488476983631 ], [ -122.342195807133635, 47.611485860878702 ], [ -122.342222222222233, 47.611484986035286 ], [ -122.342248637310803, 47.611485860878702 ], [ -122.342274798007637, 47.611488476983631 ], [ -122.342300452370935, 47.611492809155287 ], [ -122.342325353335099, 47.611498815672071 ], [ -122.342349261090277, 47.6115064386874 ], [ -122.342371945391747, 47.611515604786753 ], [ -122.342393187777219, 47.611526225694803 ], [ -122.342412783670937, 47.611538199125562 ], [ -122.342430544353732, 47.611551409767451 ], [ -122.342446298780544, 47.611565730393878 ], [ -122.342459895227577, 47.611581023088519 ], [ -122.342471202753643, 47.611597140573608 ], [ -122.342480112461089, 47.611613927628241 ], [ -122.342486538544577, 47.611631222583341 ], [ -122.342490419117382, 47.611648858878624 ], [ -122.342491716807459, 47.611666666666657 ], [ -122.342490419117382, 47.611684474448637 ], [ -122.342486538544577, 47.611702110725965 ], [ -122.342480112461089, 47.611719405651904 ], [ -122.342471202753643, 47.61173619266728 ], [ -122.342459895227577, 47.611752310104542 ], [ -122.342446298780544, 47.611767602744642 ], [ -122.342430544353732, 47.611781923311852 ], [ -122.342412783670937, 47.611795133892173 ], [ -122.342393187777219, 47.61180710726137 ], [ -122.342371945391747, 47.611817728110225 ], [ -122.342349261090277, 47.611826894155016 ], [ -122.342325353335099, 47.611834517122517 ], [ -122.342300452370935, 47.611840523600065 ], [ -122.342274798007637, 47.611844855742561 ], [ -122.342248637310803, 47.611847471829527 ], [ -122.342222222222233, 47.611848346666875 ], [ -122.342195807133635, 47.611847471829527 ], [ -122.34216964643683, 47.611844855742561 ], [ -122.342143992073531, 47.611840523600065 ], [ -122.342119091109367, 47.611834517122517 ], [ -122.342095183354161, 47.611826894155016 ], [ -122.342072499052719, 47.611817728110225 ], [ -122.342051256667247, 47.61180710726137 ], [ -122.3420316607735, 47.611795133892173 ], [ -122.342013900090734, 47.611781923311852 ], [ -122.341998145663922, 47.611767602744642 ], [ -122.341984549216889, 47.611752310104542 ], [ -122.341973241690795, 47.61173619266728 ], [ -122.341964331983348, 47.611719405651904 ], [ -122.341957905899889, 47.611702110725965 ], [ -122.341954025327084, 47.611684474448637 ], [ -122.341952727637008, 47.611666666666657 ] ] ] } },
{ "type": "Feature", "properties": { "oas": "53-023387", "state": "WA", "city": "SEATTLE", "obstacle_type": "BLDG", "agl_ft": 440, "amsl_ft": 602, "lat": 47.613055555555555, "lon": -122.33194444444445 }, "geometry": { "type": "Polygon", "coordinates": [ [ [ -122.331674949859192, 47.613055555555562 ], [ -122.331676247549296, 47.613037748240458 ], [ -122.331680128122102, 47.613020112413558 ], [ -122.331686554205575, 47.613002817917781 ], [ -122.331695463913022, 47.612986031308985 ], [ -122.331706771439087, 47.612969914251941 ], [ -122.331720367886135, 47.612954621963439 ], [ -122.331736122312932, 47.612940301717344 ], [ -122.331753882995727, 47.612927091426307 ], [ -122.33177347888946, 47.612915118313545 ], [ -122.331794721274932, 47.612904497687559 ], [ -122.331817405576373, 47.612895331831638 ], [ -122.331841313331552, 47.612887709018757 ], [ -122.331866214295744, 47.612881702661497 ], [ -122.331891868659014, 47.612877370604892 ], [ -122.331918029355862, 47.61287475456944 ], [ -122.33194444444446, 47.612873879749266 ], [ -122.331970859533016, 47.61287475456944 ], [ -122.331997020229863, 47.612877370604892 ], [ -122.332022674593162, 47.612881702661497 ], [ -122.332047575557326, 47.612887709018757 ], [ -122.332071483312504, 47.612895331831638 ], [ -122.332094167613946, 47.612904497687559 ], [ -122.332115409999446, 47.612915118313545 ], [ -122.33213500589315, 47.612927091426307 ], [ -122.332152766575945, 47.612940301717344 ], [ -122.332168521002743, 47.612954621963439 ], [ -122.33218211744979, 47.612969914251941 ], [ -122.33219342497587, 47.612986031308985 ], [ -122.332202334683316, 47.613002817917781 ], [ -122.332208760766804, 47.613020112413558 ], [ -122.332212641339609, 47.613037748240458 ], [ -122.332213939029685, 47.613055555555562 ], [ -122.332212641339609, 47.613073362864597 ], [ -122.332208760766804, 47.613090998673528 ], [ -122.332202334683316, 47.613108293140151 ], [ -122.33219342497587, 47.613125079709704 ], [ -122.33218211744979, 47.613141196718907 ], [ -122.332168521002743, 47.613156488952853 ], [ -122.332152766575945, 47.613170809139753 ], [ -122.33213500589315, 47.613184019369228 ], [ -122.332115409999446, 47.61319599242043 ], [ -122.332094167613946, 47.613206612987206 ], [ -122.332071483312504, 47.613215778788572 ], [ -122.332047575557326, 47.613223401553626 ], [ -122.332022674593162, 47.613229407871643 ], [ -122.331997020229863, 47.613233739899087 ], [ -122.331970859533016, 47.613236355916577 ], [ -122.33194444444446, 47.613237230730689 ], [ -122.331918029355862, 47.613236355916577 ], [ -122.331891868659014, 47.613233739899087 ], [ -122.331866214295744, 47.613229407871643 ], [ -122.331841313331552, 47.613223401553626 ], [ -122.331817405576373, 47.613215778788572 ], [ -122.331794721274932, 47.613206612987206 ], [ -122.33177347888946, 47.61319599242043 ], [ -122.331753882995727, 47.613184019369228 ], [ -122.331736122312932, 47.613170809139753 ], [ -122.331720367886135, 47.613156488952853 ], [ -122.331706771439087, 47.613141196718907 ], [ -122.331695463913022, 47.613125079709704 ], [ -122.331686554205575, 47.613108293140151 ], [ -122.331680128122102, 47.613090998673528 ], [ -122.331676247549296, 47.613073362864597 ], [ -122.331674949859192, 47.613055555555562 ] ] ] } },
{ "type": "Feature", "properties": { "oas": "53-000249", "state": "WA", "city": "SEATTLE", "obstacle_type": "BLDG-TWR", "agl_ft": 498, "amsl_ft": 623, "lat": 47.613277777777782, "lon": -122.33445 }, "geometry": { "type": "Polygon", "coordinates": [ [ [ -122.33418050541475, 47.613277777777782 ], [ -122.334181803104826, 47.613259970538358 ], [ -122.334185683677646, 47.613242334786399 ], [ -122.334192109761133, 47.613225040364107 ], [ -122.33420101946858, 47.613208253826649 ], [ -122.334212326994646, 47.613192136838101 ], [ -122.334225923441693, 47.613176844614578 ], [ -122.334241677868491, 47.613162524429335 ], [ -122.334259438551285, 47.61314931419443 ], [ -122.334279034445004, 47.61313734113255 ], [ -122.33430027683049, 47.613126720551698 ], [ -122.334322961131932, 47.613117554734721 ], [ -122.33434686888711, 47.613109931954241 ], [ -122.334371769851302, 47.613103925622504 ], [ -122.334397424214572, 47.613099593584302 ], [ -122.33442358491142, 47.613096977559977 ], [ -122.33445, 47.613096102743512 ], [ -122.334476415088588, 47.613096977559977 ], [ -122.334502575785422, 47.613099593584302 ], [ -122.334528230148692, 47.613103925622504 ], [ -122.334553131112884, 47.613109931954241 ], [ -122.334577038868062, 47.613117554734721 ], [ -122.334599723169504, 47.613126720551698 ], [ -122.334620965555004, 47.61313734113255 ], [ -122.334640561448708, 47.61314931419443 ], [ -122.334658322131503, 47.613162524429335 ], [ -122.334674076558301, 47.613176844614578 ], [ -122.334687673005348, 47.613192136838101 ], [ -122.334698980531428, 47.613208253826649 ], [ -122.334707890238874, 47.613225040364107 ], [ -122.334714316322362, 47.613242334786399 ], [ -122.334718196895167, 47.613259970538358 ], [ -122.334719494585244, 47.613277777777782 ], [ -122.334718196895167, 47.613295585011137 ], [ -122.334714316322362, 47.613313220745134 ], [ -122.334707890238874, 47.613330515138266 ], [ -122.334698980531428, 47.61334730163648 ], [ -122.334687673005348, 47.613363418577208 ], [ -122.334674076558301, 47.613378710746169 ], [ -122.334658322131503, 47.61339303087221 ], [ -122.334640561448708, 47.613406241045539 ], [ -122.334620965555004, 47.613418214045865 ], [ -122.334599723169504, 47.613428834567522 ], [ -122.334577038868062, 47.613438000329936 ], [ -122.334553131112884, 47.613445623062582 ], [ -122.334528230148692, 47.613451629355083 ], [ -122.334502575785422, 47.613455961364117 ], [ -122.334476415088588, 47.613458577370501 ], [ -122.33445, 47.613459452180891 ], [ -122.33442358491142, 47.613458577370501 ], [ -122.334397424214572, 47.613455961364117 ], [ -122.334371769851302, 47.613451629355083 ], [ -122.33434686888711, 47.613445623062582 ], [ -122.334322961131932, 47.613438000329936 ], [ -122.33430027683049, 47.613428834567522 ], [ -122.334279034445004, 47.613418214045865 ], [ -122.334259438551285, 47.613406241045539 ], [ -122.334241677868491, 47.61339303087221 ], [ -122.334225923441693, 47.613378710746169 ], [ -122.334212326994646, 47.613363418577208 ], [ -122.33420101946858, 47.61334730163648 ], [ -122.334192109761133, 47.613330515138266 ], [ -122.334185683677646, 47.613313220745134 ], [ -122.334181803104826, 47.613295585011137 ], [ -122.33418050541475, 47.613277777777782 ] ] ] } },
{ "type": "Feature", "properties": { "oas": "53-000194", "state": "WA", "city": "SEATTLE", "obstacle_type": "TOWER", "agl_ft": 414, "amsl_ft": 518, "lat": 47.613611111111112, "lon": -122.33777777777777 }, "geometry": { "type": "Polygon", "coordinates": [ [ [ -122.337508283192534, 47.613611111111105 ], [ -122.33750958088261, 47.613593303985191 ], [ -122.337513461455416, 47.613575668345646 ], [ -122.337519887538889, 47.613558374033595 ], [ -122.337528797246335, 47.613541587603137 ], [ -122.33754010477243, 47.61352547071732 ], [ -122.337553701219448, 47.613510178591277 ], [ -122.337569455646246, 47.613495858497316 ], [ -122.337587216329041, 47.613482648346626 ], [ -122.337606812222774, 47.61347067536105 ], [ -122.337628054608246, 47.613460054847899 ], [ -122.337650738909687, 47.61345088908935 ], [ -122.337674646664865, 47.613443266357464 ], [ -122.337699547629057, 47.613437260064003 ], [ -122.337725201992356, 47.61343292805342 ], [ -122.337751362689175, 47.613430312045764 ], [ -122.33777777777776, 47.613429437234878 ], [ -122.337804192866329, 47.613430312045764 ], [ -122.337830353563177, 47.61343292805342 ], [ -122.337856007926476, 47.613437260064003 ], [ -122.337880908890639, 47.613443266357464 ], [ -122.337904816645818, 47.61345088908935 ], [ -122.337927500947274, 47.613460054847899 ], [ -122.33794874333276, 47.61347067536105 ], [ -122.337968339226464, 47.613482648346626 ], [ -122.337986099909259, 47.613495858497316 ], [ -122.338001854336071, 47.613510178591277 ], [ -122.338015450783104, 47.61352547071732 ], [ -122.338026758309169, 47.613541587603137 ], [ -122.338035668016616, 47.613558374033595 ], [ -122.338042094100118, 47.613575668345646 ], [ -122.338045974672923, 47.613593303985191 ], [ -122.338047272362999, 47.613611111111105 ], [ -122.338045974672923, 47.613628918230965 ], [ -122.338042094100118, 47.61364655385254 ], [ -122.338035668016616, 47.613663848135431 ], [ -122.338026758309169, 47.613680634526645 ], [ -122.338015450783104, 47.613696751364635 ], [ -122.338001854336071, 47.613712043436124 ], [ -122.337986099909259, 47.613726363470882 ], [ -122.337968339226464, 47.613739573560011 ], [ -122.33794874333276, 47.613751546484011 ], [ -122.337927500947274, 47.613762166937967 ], [ -122.337904816645818, 47.61377133264196 ], [ -122.337880908890639, 47.613778955326026 ], [ -122.337856007926476, 47.613784961580237 ], [ -122.337830353563177, 47.613789293561659 ], [ -122.337804192866329, 47.61379190955136 ], [ -122.33777777777776, 47.613792784356178 ], [ -122.337751362689175, 47.61379190955136 ], [ -122.337725201992356, 47.613789293561659 ], [ -122.337699547629057, 47.613784961580237 ], [ -122.337674646664865, 47.613778955326026 ], [ -122.337650738909687, 47.61377133264196 ], [ -122.337628054608246, 47.613762166937967 ], [ -122.337606812222774, 47.613751546484011 ], [ -122.337587216329041, 47.613739573560011 ], [ -122.337569455646246, 47.613726363470882 ], [ -122.337553701219448, 47.613712043436124 ], [ -122.33754010477243, 47.613696751364635 ], [ -122.337528797246335, 47.613680634526645 ], [ -122.337519887538889, 47.613663848135431 ], [ -122.337513461455416, 47.61364655385254 ], [ -122.33750958088261, 47.613628918230965 ], [ -122.337508283192534, 47.613611111111105 ] ] ] } },
{ "type": "Feature", "properties": { "oas": "53-020216", "state": "WA", "city": "SEATTLE", "obstacle_type": "BLDG", "agl_ft": 452, "amsl_ft": 584, "lat": 47.613677777777781, "lon": -122.33412222222222 }, "geometry": { "type": "Polygon", "coordinates": [ [ [ -122.33385272763698, 47.613677777777781 ], [ -122.333854025327057, 47.613659970674561 ], [ -122.333857905899862, 47.613642335057513 ], [ -122.333864331983335, 47.613625040767502 ], [ -122.333873241690782, 47.613608254358439 ], [ -122.333884549216876, 47.613592137493171 ], [ -122.333898145663895, 47.613576845386625 ], [ -122.333913900090721, 47.613562525310925 ], [ -122.333931660773487, 47.613549315177067 ], [ -122.33395125666722, 47.613537342206762 ], [ -122.333972499052692, 47.613526721707146 ], [ -122.333995183354133, 47.613517555960286 ], [ -122.33401909110934, 47.61350993323812 ], [ -122.334043992073504, 47.613503926952312 ], [ -122.334069646436802, 47.61349959494725 ], [ -122.334095807133622, 47.613496978942933 ], [ -122.33412222222222, 47.613496104133162 ], [ -122.334148637310804, 47.613496978942933 ], [ -122.334174798007624, 47.61349959494725 ], [ -122.334200452370922, 47.613503926952312 ], [ -122.334225353335086, 47.61350993323812 ], [ -122.334249261090264, 47.613517555960286 ], [ -122.334271945391734, 47.613526721707146 ], [ -122.334293187777206, 47.613537342206762 ], [ -122.33431278367091, 47.613549315177067 ], [ -122.334330544353705, 47.613562525310925 ], [ -122.334346298780531, 47.613576845386625 ], [ -122.33435989522755, 47.613592137493171 ], [ -122.33437120275363, 47.613608254358439 ], [ -122.334380112461076, 47.613625040767502 ], [ -122.334386538544564, 47.613642335057513 ], [ -122.334390419117369, 47.613659970674561 ], [ -122.334391716807446, 47.613677777777781 ], [ -122.334390419117369, 47.613695584874939 ], [ -122.334386538544564, 47.61371322047404 ], [ -122.334380112461076, 47.613730514734875 ], [ -122.33437120275363, 47.613747301104688 ], [ -122.33435989522755, 47.613763417922137 ], [ -122.334346298780531, 47.613778709974127 ], [ -122.334330544353705, 47.613793029990624 ], [ -122.33431278367091, 47.613806240062928 ], [ -122.334293187777206, 47.613818212971658 ], [ -122.334271945391734, 47.613828833412072 ], [ -122.334249261090264, 47.613837999104369 ], [ -122.334225353335086, 47.613845621778722 ], [ -122.334200452370922, 47.61385162802528 ], [ -122.334174798007624, 47.613855960001182 ], [ -122.334148637310804, 47.613858575987543 ], [ -122.33412222222222, 47.613859450791246 ], [ -122.334095807133622, 47.613858575987543 ], [ -122.334069646436802, 47.613855960001182 ], [ -122.334043992073504, 47.61385162802528 ], [ -122.33401909110934, 47.613845621778722 ], [ -122.333995183354133, 47.613837999104369 ], [ -122.333972499052692, 47.613828833412072 ], [ -122.33395125666722, 47.613818212971658 ], [ -122.333931660773487, 47.613806240062928 ], [ -122.333913900090721, 47.613793029990624 ], [ -122.333898145663895, 47.613778709974127 ], [ -122.333884549216876, 47.613763417922137 ], [ -122.333873241690782, 47.613747301104688 ], [ -122.333864331983335, 47.613730514734875 ], [ -122.333857905899862, 47.61371322047404 ], [ -122.333854025327057, 47.613695584874939 ], [ -122.33385272763698, 47.613677777777781 ] ] ] } },
{ "type": "Feature", "properties": { "oas": "53-000187", "state": "WA", "city": "SEATTLE", "obstacle_type": "TOWER", "agl_ft": 637, "amsl_ft": 1059, "lat": 47.615433333333335, "lon": -122.30939166666667 }, "geometry": { "type": "Polygon", "coordinates": [ [ [ -122.30912217208143, 47.615433333333328 ], [ -122.309123469771507, 47.615415526827931 ], [ -122.309127350344312, 47.615397891802935 ], [ -122.309133776427785, 47.61538059809353 ], [ -122.309142686135232, 47.615363812248027 ], [ -122.309153993661326, 47.615347695923823 ], [ -122.309167590108345, 47.615332404330658 ], [ -122.309183344535171, 47.615318084735712 ], [ -122.309201105217937, 47.615304875045339 ], [ -122.30922070111167, 47.615292902476995 ], [ -122.309241943497142, 47.615282282333922 ], [ -122.309264627798584, 47.615273116894777 ], [ -122.30928853555379, 47.61526549442852 ], [ -122.309313436517954, 47.61525948834435 ], [ -122.309339090881252, 47.615255156484729 ], [ -122.309365251578072, 47.615252540568228 ], [ -122.309391666666656, 47.615251665787831 ], [ -122.309418081755226, 47.615252540568228 ], [ -122.309444242452074, 47.615255156484729 ], [ -122.309469896815372, 47.61525948834435 ], [ -122.309494797779536, 47.61526549442852 ], [ -122.309518705534714, 47.615273116894777 ], [ -122.309541389836184, 47.615282282333922 ], [ -122.309562632221656, 47.615292902476995 ], [ -122.30958222811536, 47.615304875045339 ], [ -122.309599988798155, 47.615318084735712 ], [ -122.309615743224981, 47.615332404330658 ], [ -122.309629339672, 47.615347695923823 ], [ -122.309640647198066, 47.615363812248027 ], [ -122.309649556905512, 47.61538059809353 ], [ -122.309655982989014, 47.615397891802935 ], [ -122.309659863561819, 47.615415526827931 ], [ -122.309661161251896, 47.615433333333328 ], [ -122.309659863561819, 47.615451139832665 ], [ -122.309655982989014, 47.615468774839705 ], [ -122.309649556905512, 47.615486068519942 ], [ -122.309640647198066, 47.615502854326209 ], [ -122.309629339672, 47.615518970602579 ], [ -122.309615743224981, 47.615534262141182 ], [ -122.309599988798155, 47.61554858167694 ], [ -122.30958222811536, 47.615561791305737 ], [ -122.309562632221656, 47.61557376381252 ], [ -122.309541389836184, 47.61558438389639 ], [ -122.309518705534714, 47.61559354928098 ], [ -122.309494797779536, 47.615601171699424 ], [ -122.309469896815372, 47.615607177744337 ], [ -122.309444242452074, 47.615611509574805 ], [ -122.309418081755226, 47.615614125473343 ], [ -122.309391666666656, 47.615615000247672 ], [ -122.309365251578072, 47.615614125473343 ], [ -122.309339090881252, 47.615611509574805 ], [ -122.309313436517954, 47.615607177744337 ], [ -122.30928853555379, 47.615601171699424 ], [ -122.309264627798584, 47.61559354928098 ], [ -122.309241943497142, 47.61558438389639 ], [ -122.30922070111167, 47.61557376381252 ], [ -122.309201105217937, 47.615561791305737 ], [ -122.309183344535171, 47.61554858167694 ], [ -122.309167590108345, 47.615534262141182 ], [ -122.309153993661326, 47.615518970602579 ], [ -122.309142686135232, 47.615502854326209 ], [ -122.309133776427785, 47.615486068519942 ], [ -122.309127350344312, 47.615468774839705 ], [ -122.309123469771507, 47.615451139832665 ], [ -122.30912217208143, 47.615433333333328 ] ] ] } },
{ "type": "Feature", "properties": { "oas": "53-023771", "state": "WA", "city": "SEATTLE", "obstacle_type": "BLDG", "agl_ft": 498, "amsl_ft": 628, "lat": 47.614252777777779, "lon": -122.33409166666667 }, "geometry": { "type": "Polygon", "coordinates": [ [ [ -122.33382217208144, 47.614252777777772 ], [ -122.333823469771517, 47.614234970870363 ], [ -122.333827350344322, 47.614217335447215 ], [ -122.333833776427781, 47.614200041347374 ], [ -122.333842686135227, 47.614183255122896 ], [ -122.333853993661336, 47.614167138434851 ], [ -122.333867590108355, 47.614151846496448 ], [ -122.333883344535167, 47.614137526578205 ], [ -122.333901105217947, 47.614124316589603 ], [ -122.33392070111168, 47.614112343750946 ], [ -122.333941943497152, 47.614101723368115 ], [ -122.333964627798593, 47.614092557722032 ], [ -122.3339885355538, 47.614084935083682 ], [ -122.334013436517964, 47.614078928863925 ], [ -122.334039090881262, 47.614074596906498 ], [ -122.334065251578082, 47.614071980930937 ], [ -122.334091666666666, 47.614071106130787 ], [ -122.334118081755264, 47.614071980930937 ], [ -122.334144242452084, 47.614074596906498 ], [ -122.334169896815382, 47.614078928863925 ], [ -122.334194797779546, 47.614084935083682 ], [ -122.334218705534752, 47.614092557722032 ], [ -122.33424138983618, 47.614101723368115 ], [ -122.334262632221652, 47.614112343750946 ], [ -122.33428222811537, 47.614124316589603 ], [ -122.334299988798165, 47.614137526578205 ], [ -122.334315743224977, 47.614151846496448 ], [ -122.33432933967201, 47.614167138434851 ], [ -122.334340647198076, 47.614183255122896 ], [ -122.334349556905522, 47.614200041347374 ], [ -122.33435598298901, 47.614217335447215 ], [ -122.334359863561829, 47.614234970870363 ], [ -122.334361161251906, 47.614252777777772 ], [ -122.334359863561829, 47.614270584679126 ], [ -122.33435598298901, 47.614288220084305 ], [ -122.334349556905522, 47.614305514154985 ], [ -122.334340647198076, 47.61432230034022 ], [ -122.33432933967201, 47.614338416980452 ], [ -122.334315743224977, 47.614353708864286 ], [ -122.334299988798165, 47.614368028723334 ], [ -122.33428222811537, 47.614381238650367 ], [ -122.334262632221652, 47.614393211427455 ], [ -122.33424138983618, 47.614403831751083 ], [ -122.334218705534752, 47.614412997342612 ], [ -122.334194797779546, 47.614420619933142 ], [ -122.334169896815382, 47.614426626113655 ], [ -122.334144242452084, 47.614430958041915 ], [ -122.334118081755264, 47.614433573999513 ], [ -122.334091666666666, 47.614434448793595 ], [ -122.334065251578082, 47.614433573999513 ], [ -122.334039090881262, 47.614430958041915 ], [ -122.334013436517964, 47.614426626113655 ], [ -122.3339885355538, 47.614420619933142 ], [ -122.333964627798593, 47.614412997342612 ], [ -122.333941943497152, 47.614403831751083 ], [ -122.33392070111168, 47.614393211427455 ], [ -122.333901105217947, 47.614381238650367 ], [ -122.333883344535167, 47.614368028723334 ], [ -122.333867590108355, 47.614353708864286 ], [ -122.333853993661336, 47.614338416980452 ], [ -122.333842686135227, 47.61432230034022 ], [ -122.333833776427781, 47.614305514154985 ], [ -122.333827350344322, 47.614288220084305 ], [ -122.333823469771517, 47.614270584679126 ], [ -122.33382217208144, 47.614252777777772 ] ] ] } },
{ "type": "Feature", "properties": { "oas": "53-000496", "state": "WA", "city": "SEATTLE", "obstacle_type": "BLDG", "agl_ft": 447, "amsl_ft": 547, "lat": 47.614344444444448, "lon": -122.3388611111111 }, "geometry": { "type": "Polygon", "coordinates": [ [ [ -122.338591616525875, 47.614344444444434 ], [ -122.338592914215937, 47.614326637568247 ], [ -122.338596794788756, 47.614309002176014 ], [ -122.338603220872216, 47.614291708106499 ], [ -122.338612130579662, 47.614274921911431 ], [ -122.338623438105756, 47.614258805251637 ], [ -122.338637034552789, 47.614243513340043 ], [ -122.338652788979601, 47.614229193446903 ], [ -122.338670549662368, 47.614215983481458 ], [ -122.338690145556114, 47.614204010663791 ], [ -122.338711387941586, 47.614193390299576 ], [ -122.338734072243028, 47.614184224669572 ], [ -122.338757979998221, 47.614176602044573 ], [ -122.338782880962398, 47.61417059583534 ], [ -122.338808535325697, 47.614166263885508 ], [ -122.338834696022502, 47.614163647914545 ], [ -122.3388611111111, 47.614162773115929 ], [ -122.338887526199699, 47.614163647914545 ], [ -122.338913686896504, 47.614166263885508 ], [ -122.338939341259803, 47.61417059583534 ], [ -122.338964242223966, 47.614176602044573 ], [ -122.338988149979173, 47.614184224669572 ], [ -122.339010834280614, 47.614193390299576 ], [ -122.339032076666086, 47.614204010663791 ], [ -122.339051672559819, 47.614215983481458 ], [ -122.339069433242599, 47.614229193446903 ], [ -122.339085187669411, 47.614243513340043 ], [ -122.339098784116445, 47.614258805251637 ], [ -122.33911009164251, 47.614274921911431 ], [ -122.339119001349957, 47.614291708106499 ], [ -122.339125427433444, 47.614309002176014 ], [ -122.33912930800625, 47.614326637568247 ], [ -122.339130605696326, 47.614344444444434 ], [ -122.33912930800625, 47.614362251314581 ], [ -122.339125427433444, 47.614379886688845 ], [ -122.339119001349957, 47.614397180729206 ], [ -122.33911009164251, 47.614413966885017 ], [ -122.339098784116445, 47.614430083496998 ], [ -122.339085187669411, 47.61444537535403 ], [ -122.339069433242599, 47.614459695187975 ], [ -122.339051672559819, 47.614472905091851 ], [ -122.339032076666086, 47.614484877847943 ], [ -122.339010834280614, 47.614495498152962 ], [ -122.338988149979173, 47.614504663728411 ], [ -122.338964242223966, 47.61451228630559 ], [ -122.338939341259803, 47.614518292475573 ], [ -122.338913686896504, 47.614522624396244 ], [ -122.338887526199699, 47.614525240349252 ], [ -122.3388611111111, 47.6145261151418 ], [ -122.338834696022502, 47.614525240349252 ], [ -122.338808535325697, 47.614522624396244 ], [ -122.338782880962398, 47.614518292475573 ], [ -122.338757979998221, 47.61451228630559 ], [ -122.338734072243028, 47.614504663728411 ], [ -122.338711387941586, 47.614495498152962 ], [ -122.338690145556114, 47.614484877847943 ], [ -122.338670549662368, 47.614472905091851 ], [ -122.338652788979601, 47.614459695187975 ], [ -122.338637034552789, 47.61444537535403 ], [ -122.338623438105756, 47.614430083496998 ], [ -122.338612130579662, 47.614413966885017 ], [ -122.338603220872216, 47.614397180729206 ], [ -122.338596794788756, 47.614379886688845 ], [ -122.338592914215937, 47.614362251314581 ], [ -122.338591616525875, 47.614344444444434 ] ] ] } },
{ "type": "Feature", "properties": { "oas": "53-023544", "state": "WA", "city": "SEATTLE", "obstacle_type": "BLDG", "agl_ft": 507, "amsl_ft": 619, "lat": 47.615277777777777, "lon": -122.33805555555556 }, "geometry": { "type": "Polygon", "coordinates": [ [ [ -122.337786060970345, 47.61527777777777 ], [ -122.337787358660421, 47.615259971219395 ], [ -122.337791239233226, 47.615242336141939 ], [ -122.337797665316685, 47.615225042381091 ], [ -122.337806575024132, 47.615208256485644 ], [ -122.337817882550226, 47.615192140113507 ], [ -122.337831478997259, 47.615176848474853 ], [ -122.337847233424071, 47.615162528837303 ], [ -122.337864994106837, 47.615149319107637 ], [ -122.337884590000584, 47.615137346503673 ], [ -122.337905832386056, 47.615126726329017 ], [ -122.337928516687498, 47.615117560862586 ], [ -122.337952424442705, 47.615109938373656 ], [ -122.337977325406868, 47.61510393227163 ], [ -122.338002979770167, 47.615099600399112 ], [ -122.338029140466972, 47.615096984474832 ], [ -122.33805555555557, 47.615096109691827 ], [ -122.338081970644168, 47.615096984474832 ], [ -122.338108131340974, 47.615099600399112 ], [ -122.338133785704272, 47.61510393227163 ], [ -122.338158686668436, 47.615109938373656 ], [ -122.338182594423643, 47.615117560862586 ], [ -122.338205278725084, 47.615126726329017 ], [ -122.338226521110556, 47.615137346503673 ], [ -122.338246117004289, 47.615149319107637 ], [ -122.338263877687069, 47.615162528837303 ], [ -122.338279632113881, 47.615176848474853 ], [ -122.338293228560914, 47.615192140113507 ], [ -122.33830453608698, 47.615208256485644 ], [ -122.338313445794427, 47.615225042381091 ], [ -122.338319871877914, 47.615242336141939 ], [ -122.338323752450719, 47.615259971219395 ], [ -122.338325050140796, 47.61527777777777 ], [ -122.338323752450719, 47.61529558433007 ], [ -122.338319871877914, 47.615313219389577 ], [ -122.338313445794427, 47.615330513121265 ], [ -122.33830453608698, 47.615347298977461 ], [ -122.338293228560914, 47.615363415301772 ], [ -122.338279632113881, 47.61537870688587 ], [ -122.338263877687069, 47.615393026464233 ], [ -122.338246117004289, 47.61540623613233 ], [ -122.338226521110556, 47.615418208674726 ], [ -122.338205278725084, 47.615428828790179 ], [ -122.338182594423643, 47.615437994202047 ], [ -122.338158686668436, 47.615445616643157 ], [ -122.338133785704272, 47.61545162270594 ], [ -122.338108131340974, 47.615455954549297 ], [ -122.338081970644168, 47.615458570455608 ], [ -122.33805555555557, 47.615459445232545 ], [ -122.338029140466972, 47.615458570455608 ], [ -122.338002979770167, 47.615455954549297 ], [ -122.337977325406868, 47.61545162270594 ], [ -122.337952424442705, 47.615445616643157 ], [ -122.337928516687498, 47.615437994202047 ], [ -122.337905832386056, 47.615428828790179 ], [ -122.337884590000584, 47.615418208674726 ], [ -122.337864994106837, 47.61540623613233 ], [ -122.337847233424071, 47.615393026464233 ], [ -122.337831478997259, 47.61537870688587 ], [ -122.337817882550226, 47.615363415301772 ], [ -122.337806575024132, 47.615347298977461 ], [ -122.337797665316685, 47.615330513121265 ], [ -122.337791239233226, 47.615313219389577 ], [ -122.337787358660421, 47.61529558433007 ], [ -122.337786060970345, 47.61527777777777 ] ] ] } },
{ "type": "Feature", "properties": { "oas": "53-020479", "state": "WA", "city": "SEATTLE", "obstacle_type": "BLDG", "agl_ft": 500, "amsl_ft": 610, "lat": 47.615677777777776, "lon": -122.33589722222221 }, "geometry": { "type": "Polygon", "coordinates": [ [ [ -122.335627727636975, 47.615677777777776 ], [ -122.335629025327052, 47.615659971355619 ], [ -122.335632905899857, 47.61564233641306 ], [ -122.33563933198333, 47.615625042784494 ], [ -122.335648241690777, 47.615608257017463 ], [ -122.335659549216871, 47.615592140768612 ], [ -122.33567314566389, 47.615576849246928 ], [ -122.335688900090716, 47.615562529718922 ], [ -122.335706660773482, 47.615549320090302 ], [ -122.335726256667215, 47.615537347577927 ], [ -122.335747499052687, 47.6155267274845 ], [ -122.335770183354128, 47.615517562088193 ], [ -122.335794091109335, 47.615509939657571 ], [ -122.335818992073499, 47.615503933601488 ], [ -122.335844646436797, 47.61549960176211 ], [ -122.335870807133617, 47.615496985857845 ], [ -122.335897222222215, 47.615496111081534 ], [ -122.335923637310785, 47.615496985857845 ], [ -122.335949798007618, 47.61549960176211 ], [ -122.335975452370917, 47.615503933601488 ], [ -122.336000353335081, 47.615509939657571 ], [ -122.336024261090259, 47.615517562088193 ], [ -122.336046945391729, 47.6155267274845 ], [ -122.336068187777201, 47.615537347577927 ], [ -122.336087783670905, 47.615549320090302 ], [ -122.3361055443537, 47.615562529718922 ], [ -122.336121298780526, 47.615576849246928 ], [ -122.336134895227545, 47.615592140768612 ], [ -122.336146202753625, 47.615608257017463 ], [ -122.336155112461071, 47.615625042784494 ], [ -122.336161538544559, 47.61564233641306 ], [ -122.336165419117364, 47.615659971355619 ], [ -122.33616671680744, 47.615677777777776 ], [ -122.336165419117364, 47.615695584193858 ], [ -122.336161538544559, 47.615713219118469 ], [ -122.336155112461071, 47.61573051271786 ], [ -122.336146202753625, 47.615747298445655 ], [ -122.336134895227545, 47.615763414646686 ], [ -122.336121298780526, 47.615778706113808 ], [ -122.3361055443537, 47.615793025582619 ], [ -122.336087783670905, 47.615806235149662 ], [ -122.336068187777201, 47.615818207600483 ], [ -122.336046945391729, 47.615828827634701 ], [ -122.336024261090259, 47.615837992976452 ], [ -122.336000353335081, 47.615845615359255 ], [ -122.335975452370917, 47.615851621376088 ], [ -122.335949798007618, 47.615855953186312 ], [ -122.335923637310785, 47.615858569072614 ], [ -122.335897222222215, 47.615859443842865 ], [ -122.335870807133617, 47.615858569072614 ], [ -122.335844646436797, 47.615855953186312 ], [ -122.335818992073499, 47.615851621376088 ], [ -122.335794091109335, 47.615845615359255 ], [ -122.335770183354128, 47.615837992976452 ], [ -122.335747499052687, 47.615828827634701 ], [ -122.335726256667215, 47.615818207600483 ], [ -122.335706660773482, 47.615806235149662 ], [ -122.335688900090716, 47.615793025582619 ], [ -122.33567314566389, 47.615778706113808 ], [ -122.335659549216871, 47.615763414646686 ], [ -122.335648241690777, 47.615747298445655 ], [ -122.33563933198333, 47.61573051271786 ], [ -122.335632905899857, 47.615713219118469 ], [ -122.335629025327052, 47.615695584193858 ], [ -122.335627727636975, 47.615677777777776 ] ] ] } },
{ "type": "Feature", "properties": { "oas": "53-020407", "state": "WA", "city": "SEATTLE", "obstacle_type": "BLDG", "agl_ft": 409, "amsl_ft": 509, "lat": 47.615855555555555, "lon": -122.337 }, "geometry": { "type": "Polygon", "coordinates": [ [ [ -122.336730505414735, 47.615855555555548 ], [ -122.336731803104811, 47.615837749193936 ], [ -122.336735683677617, 47.615820114311333 ], [ -122.336742109761104, 47.615802820741571 ], [ -122.336751019468551, 47.615786035031604 ], [ -122.336762326994631, 47.615769918837543 ], [ -122.336775923441678, 47.615754627367856 ], [ -122.336791677868476, 47.615740307888522 ], [ -122.336809438551271, 47.615727098304824 ], [ -122.336829034444975, 47.615715125833148 ], [ -122.336850276830475, 47.615704505775831 ], [ -122.336872961131917, 47.615695340410696 ], [ -122.336896868887095, 47.615687718005972 ], [ -122.336921769851259, 47.615681711970311 ], [ -122.336947424214557, 47.615677380145662 ], [ -122.336973584911405, 47.615674764250286 ], [ -122.337, 47.615673889476952 ], [ -122.337026415088559, 47.615674764250286 ], [ -122.337052575785407, 47.615677380145662 ], [ -122.337078230148677, 47.615681711970311 ], [ -122.337103131112869, 47.615687718005972 ], [ -122.337127038868047, 47.615695340410696 ], [ -122.337149723169489, 47.615704505775831 ], [ -122.337170965554989, 47.615715125833148 ], [ -122.337190561448693, 47.615727098304824 ], [ -122.337208322131488, 47.615740307888522 ], [ -122.337224076558286, 47.615754627367856 ], [ -122.337237673005333, 47.615769918837543 ], [ -122.337248980531399, 47.615786035031604 ], [ -122.337257890238845, 47.615802820741571 ], [ -122.337264316322333, 47.615820114311333 ], [ -122.337268196895124, 47.615837749193936 ], [ -122.337269494585229, 47.615855555555548 ], [ -122.337268196895124, 47.615873361911106 ], [ -122.337264316322333, 47.615890996775747 ], [ -122.337257890238845, 47.615908290316348 ], [ -122.337248980531399, 47.615925075987064 ], [ -122.337237673005333, 47.615941192133306 ], [ -122.337224076558286, 47.615956483548437 ], [ -122.337208322131488, 47.615970802968569 ], [ -122.337190561448693, 47.615984012490706 ], [ -122.337170965554989, 47.615995984900813 ], [ -122.337149723169489, 47.616006604898921 ], [ -122.337127038868047, 47.616015770209508 ], [ -122.337103131112869, 47.616023392566397 ], [ -122.337078230148677, 47.616029398562816 ], [ -122.337052575785407, 47.616033730358311 ], [ -122.337026415088559, 47.616036346235717 ], [ -122.337, 47.616037221002991 ], [ -122.336973584911405, 47.616036346235717 ], [ -122.336947424214557, 47.616033730358311 ], [ -122.336921769851259, 47.616029398562816 ], [ -122.336896868887095, 47.616023392566397 ], [ -122.336872961131917, 47.616015770209508 ], [ -122.336850276830475, 47.616006604898921 ], [ -122.336829034444975, 47.615995984900813 ], [ -122.336809438551271, 47.615984012490706 ], [ -122.336791677868476, 47.615970802968569 ], [ -122.336775923441678, 47.615956483548437 ], [ -122.336762326994631, 47.615941192133306 ], [ -122.336751019468551, 47.615925075987064 ], [ -122.336742109761104, 47.615908290316348 ], [ -122.336735683677617, 47.615890996775747 ], [ -122.336731803104811, 47.615873361911106 ], [ -122.336730505414735, 47.615855555555548 ] ] ] } },
{ "type": "Feature", "properties": { "oas": "53-023541", "state": "WA", "city": "SEATTLE", "obstacle_type": "BLDG", "agl_ft": 433, "amsl_ft": 558, "lat": 47.6162, "lon": -122.34308055555555 }, "geometry": { "type": "Polygon", "coordinates": [ [ [ -122.342811060970291, 47.6162 ], [ -122.342812358660368, 47.616182193755684 ], [ -122.342816239233173, 47.616164558989247 ], [ -122.34282266531666, 47.616147265533399 ], [ -122.342831575024107, 47.616130479934 ], [ -122.342842882550173, 47.616114363846108 ], [ -122.342856478997234, 47.616099072477155 ], [ -122.342872233424018, 47.616084753092146 ], [ -122.342889994106812, 47.61607154359546 ], [ -122.342909590000531, 47.616059571202655 ], [ -122.342930832386031, 47.616048951215291 ], [ -122.342953516687459, 47.616039785910523 ], [ -122.342977424442651, 47.616032163556028 ], [ -122.343002325406829, 47.616026157559922 ], [ -122.343027979770113, 47.616021825763809 ], [ -122.343054140466947, 47.616019209885664 ], [ -122.343080555555517, 47.616018335118092 ], [ -122.343106970644115, 47.616019209885664 ], [ -122.343133131340949, 47.616021825763809 ], [ -122.343158785704219, 47.616026157559922 ], [ -122.343183686668411, 47.616032163556028 ], [ -122.343207594423589, 47.616039785910523 ], [ -122.343230278725031, 47.616048951215291 ], [ -122.343251521110531, 47.616059571202655 ], [ -122.343271117004235, 47.61607154359546 ], [ -122.343288877687044, 47.616084753092146 ], [ -122.343304632113828, 47.616099072477155 ], [ -122.343318228560875, 47.616114363846108 ], [ -122.343329536086955, 47.616130479934 ], [ -122.343338445794402, 47.616147265533399 ], [ -122.343344871877889, 47.616164558989247 ], [ -122.343348752450694, 47.616182193755684 ], [ -122.343350050140771, 47.6162 ], [ -122.343348752450694, 47.616217806238261 ], [ -122.343344871877889, 47.616235440986735 ], [ -122.343338445794402, 47.616252734413422 ], [ -122.343329536086955, 47.616269519973571 ], [ -122.343318228560875, 47.616285636013643 ], [ -122.343304632113828, 47.616300927328041 ], [ -122.343288877687044, 47.616315246653848 ], [ -122.343271117004235, 47.616328456088965 ], [ -122.343251521110531, 47.616340428420209 ], [ -122.343230278725031, 47.616351048348363 ], [ -122.343207594423589, 47.616360213598576 ], [ -122.343183686668411, 47.616367835905251 ], [ -122.343158785704219, 47.616373841862114 ], [ -122.343133131340949, 47.616378173629066 ], [ -122.343106970644115, 47.616380789489241 ], [ -122.343080555555517, 47.61638166425076 ], [ -122.343054140466947, 47.616380789489241 ], [ -122.343027979770113, 47.616378173629066 ], [ -122.343002325406829, 47.616373841862114 ], [ -122.342977424442651, 47.616367835905251 ], [ -122.342953516687459, 47.616360213598576 ], [ -122.342930832386031, 47.616351048348363 ], [ -122.342909590000531, 47.616340428420209 ], [ -122.342889994106812, 47.616328456088965 ], [ -122.342872233424018, 47.616315246653848 ], [ -122.342856478997234, 47.616300927328041 ], [ -122.342842882550173, 47.616285636013643 ], [ -122.342831575024107, 47.616269519973571 ], [ -122.34282266531666, 47.616252734413422 ], [ -122.342816239233173, 47.616235440986735 ], [ -122.342812358660368, 47.616217806238261 ], [ -122.342811060970291, 47.6162 ] ] ] } },
{ "type": "Feature", "properties": { "oas": "53-023767", "state": "WA", "city": "SEATTLE", "obstacle_type": "BLDG", "agl_ft": 440, "amsl_ft": 580, "lat": 47.616319444444443, "lon": -122.33143333333334 }, "geometry": { "type": "Polygon", "coordinates": [ [ [ -122.331163838748083, 47.616319444444429 ], [ -122.331165136438187, 47.616301638240778 ], [ -122.331169017010993, 47.616284003514636 ], [ -122.331175443094466, 47.616266710098294 ], [ -122.331184352801912, 47.616249924537243 ], [ -122.331195660328007, 47.61623380848615 ], [ -122.331209256775026, 47.616218517152127 ], [ -122.331225011201823, 47.616204197799831 ], [ -122.331242771884618, 47.616190988333322 ], [ -122.331262367778351, 47.616179015967859 ], [ -122.331283610163823, 47.616168396004774 ], [ -122.331306294465264, 47.616159230720932 ], [ -122.331330202220443, 47.616151608383845 ], [ -122.331355103184634, 47.616145602401467 ], [ -122.331380757547905, 47.616141270615245 ], [ -122.331406918244753, 47.616138654743075 ], [ -122.331433333333337, 47.616137779977507 ], [ -122.331459748421906, 47.616138654743075 ], [ -122.331485909118754, 47.616141270615245 ], [ -122.331511563482053, 47.616145602401467 ], [ -122.331536464446216, 47.616151608383845 ], [ -122.331560372201395, 47.616159230720932 ], [ -122.331583056502836, 47.616168396004774 ], [ -122.331604298888337, 47.616179015967859 ], [ -122.331623894782041, 47.616190988333322 ], [ -122.331641655464836, 47.616204197799831 ], [ -122.331657409891662, 47.616218517152127 ], [ -122.331671006338681, 47.61623380848615 ], [ -122.331682313864746, 47.616249924537243 ], [ -122.331691223572193, 47.616266710098294 ], [ -122.331697649655695, 47.616284003514636 ], [ -122.3317015302285, 47.616301638240778 ], [ -122.331702827918576, 47.616319444444429 ], [ -122.3317015302285, 47.616337250642012 ], [ -122.331697649655695, 47.616354885350198 ], [ -122.331691223572193, 47.616372178737379 ], [ -122.331682313864746, 47.616388964259187 ], [ -122.331671006338681, 47.616405080262446 ], [ -122.331657409891662, 47.616420371541921 ], [ -122.331641655464836, 47.616434690835014 ], [ -122.331623894782041, 47.616447900239962 ], [ -122.331604298888337, 47.616459872543849 ], [ -122.331583056502836, 47.616470492447753 ], [ -122.331560372201395, 47.616479657677019 ], [ -122.331536464446216, 47.616487279966286 ], [ -122.331511563482053, 47.616493285909428 ], [ -122.331485909118754, 47.616497617666482 ], [ -122.331459748421906, 47.616500233520696 ], [ -122.331433333333337, 47.616501108280197 ], [ -122.331406918244753, 47.616500233520696 ], [ -122.331380757547905, 47.616497617666482 ], [ -122.331355103184634, 47.616493285909428 ], [ -122.331330202220443, 47.616487279966286 ], [ -122.331306294465264, 47.616479657677019 ], [ -122.331283610163823, 47.616470492447753 ], [ -122.331262367778351, 47.616459872543849 ], [ -122.331242771884618, 47.616447900239962 ], [ -122.331225011201823, 47.616434690835014 ], [ -122.331209256775026, 47.616420371541921 ], [ -122.331195660328007, 47.616405080262446 ], [ -122.331184352801912, 47.616388964259187 ], [ -122.331175443094466, 47.616372178737379 ], [ -122.331169017010993, 47.616354885350198 ], [ -122.331165136438187, 47.616337250642012 ], [ -122.331163838748083, 47.616319444444429 ] ] ] } },
{ "type": "Feature", "properties": { "oas": "53-023396", "state": "WA", "city": "SEATTLE", "obstacle_type": "BLDG", "agl_ft": 440, "amsl_ft": 524, "lat": 47.616388888888892, "lon": -122.33722222222222 }, "geometry": { "type": "Polygon", "coordinates": [ [ [ -122.336952727636969, 47.616388888888885 ], [ -122.336954025327074, 47.616371082708888 ], [ -122.33695790589988, 47.616353448006151 ], [ -122.336964331983353, 47.616336154612796 ], [ -122.336973241690799, 47.616319369074027 ], [ -122.336984549216893, 47.61630325304435 ], [ -122.336998145663912, 47.616287961730634 ], [ -122.33701390009071, 47.616273642397353 ], [ -122.337031660773505, 47.616260432948387 ], [ -122.337051256667237, 47.616248460598825 ], [ -122.337072499052709, 47.616237840649831 ], [ -122.337095183354151, 47.616228675378174 ], [ -122.337119091109329, 47.616221053051206 ], [ -122.337143992073521, 47.616215047076807 ], [ -122.337169646436791, 47.61621071529634 ], [ -122.337195807133639, 47.616208099427645 ], [ -122.337222222222238, 47.616207224663228 ], [ -122.337248637310807, 47.616208099427645 ], [ -122.337274798007641, 47.61621071529634 ], [ -122.33730045237094, 47.616215047076807 ], [ -122.337325353335103, 47.616221053051206 ], [ -122.337349261090282, 47.616228675378174 ], [ -122.337371945391723, 47.616237840649831 ], [ -122.337393187777224, 47.616248460598825 ], [ -122.337412783670928, 47.616260432948387 ], [ -122.337430544353722, 47.616273642397353 ], [ -122.337446298780549, 47.616287961730634 ], [ -122.337459895227568, 47.61630325304435 ], [ -122.337471202753648, 47.616319369074027 ], [ -122.337480112461094, 47.616336154612796 ], [ -122.337486538544582, 47.616353448006151 ], [ -122.337490419117387, 47.616371082708888 ], [ -122.337491716807463, 47.616388888888885 ], [ -122.337490419117387, 47.616406695062821 ], [ -122.337486538544582, 47.616424329747595 ], [ -122.337480112461094, 47.616441623111797 ], [ -122.337471202753648, 47.616458408611308 ], [ -122.337459895227568, 47.616474524593173 ], [ -122.337446298780549, 47.61648981585234 ], [ -122.337430544353722, 47.616504135126405 ], [ -122.337412783670928, 47.616517344513809 ], [ -122.337393187777224, 47.61652931680181 ], [ -122.337371945391723, 47.616539936691595 ], [ -122.337349261090282, 47.616549101908703 ], [ -122.337325353335103, 47.616556724187838 ], [ -122.33730045237094, 47.616562730123 ], [ -122.337274798007641, 47.616567061874306 ], [ -122.337248637310807, 47.616569677725039 ], [ -122.337222222222238, 47.616570552483388 ], [ -122.337195807133639, 47.616569677725039 ], [ -122.337169646436791, 47.616567061874306 ], [ -122.337143992073521, 47.616562730123 ], [ -122.337119091109329, 47.616556724187838 ], [ -122.337095183354151, 47.616549101908703 ], [ -122.337072499052709, 47.616539936691595 ], [ -122.337051256667237, 47.61652931680181 ], [ -122.337031660773505, 47.616517344513809 ], [ -122.33701390009071, 47.616504135126405 ], [ -122.336998145663912, 47.61648981585234 ], [ -122.336984549216893, 47.616474524593173 ], [ -122.336973241690799, 47.616458408611308 ], [ -122.336964331983353, 47.616441623111797 ], [ -122.33695790589988, 47.616424329747595 ], [ -122.336954025327074, 47.616406695062821 ], [ -122.336952727636969, 47.616388888888885 ] ] ] } },
{ "type": "Feature", "properties": { "oas": "53-098193", "state": "WA", "city": "SEATTLE", "obstacle_type": "BLDG", "agl_ft": 535, "amsl_ft": 633, "lat": 47.616458333333334, "lon": -122.33868055555556 }, "geometry": { "type": "Polygon", "coordinates": [ [ [ -122.338411060970287, 47.616458333333334 ], [ -122.338412358660364, 47.616440527176984 ], [ -122.338416239233169, 47.616422892497674 ], [ -122.338422665316671, 47.616405599127269 ], [ -122.338431575024117, 47.616388813610804 ], [ -122.338442882550183, 47.616372697602522 ], [ -122.33845647899723, 47.61635740630912 ], [ -122.338472233424028, 47.616343086994867 ], [ -122.338489994106823, 47.616329877563437 ], [ -122.338509590000527, 47.616317905229771 ], [ -122.338530832386027, 47.616307285294887 ], [ -122.338553516687469, 47.616298120035403 ], [ -122.338577424442647, 47.616290497718559 ], [ -122.338602325406839, 47.616284491752126 ], [ -122.338627979770109, 47.616280159977414 ], [ -122.338654140466957, 47.616277544112201 ], [ -122.338680555555541, 47.616276669348942 ], [ -122.338706970644111, 47.616277544112201 ], [ -122.338733131340959, 47.616280159977414 ], [ -122.338758785704258, 47.616284491752126 ], [ -122.338783686668421, 47.616290497718559 ], [ -122.338807594423599, 47.616298120035403 ], [ -122.338830278725041, 47.616307285294887 ], [ -122.338851521110541, 47.616317905229771 ], [ -122.338871117004246, 47.616329877563437 ], [ -122.33888887768704, 47.616343086994867 ], [ -122.338904632113838, 47.61635740630912 ], [ -122.338918228560885, 47.616372697602522 ], [ -122.338929536086951, 47.616388813610804 ], [ -122.338938445794398, 47.616405599127269 ], [ -122.338944871877899, 47.616422892497674 ], [ -122.338948752450705, 47.616440527176984 ], [ -122.338950050140781, 47.616458333333334 ], [ -122.338948752450705, 47.616476139483616 ], [ -122.338944871877899, 47.616493774144963 ], [ -122.338938445794398, 47.616511067486208 ], [ -122.338929536086951, 47.616527852963429 ], [ -122.338918228560885, 47.616543968923892 ], [ -122.338904632113838, 47.616559260162738 ], [ -122.33888887768704, 47.616573579417796 ], [ -122.338871117004246, 47.616586788787657 ], [ -122.338851521110541, 47.616598761059748 ], [ -122.338830278725041, 47.616609380935429 ], [ -122.338807594423599, 47.616618546140366 ], [ -122.338783686668421, 47.616626168409383 ], [ -122.338758785704258, 47.616632174336566 ], [ -122.338733131340959, 47.616636506082116 ], [ -122.338706970644111, 47.616639121929381 ], [ -122.338680555555541, 47.616639996686565 ], [ -122.338654140466957, 47.616639121929381 ], [ -122.338627979770109, 47.616636506082116 ], [ -122.338602325406839, 47.616632174336566 ], [ -122.338577424442647, 47.616626168409383 ], [ -122.338553516687469, 47.616618546140366 ], [ -122.338530832386027, 47.616609380935429 ], [ -122.338509590000527, 47.616598761059748 ], [ -122.338489994106823, 47.616586788787657 ], [ -122.338472233424028, 47.616573579417796 ], [ -122.33845647899723, 47.616559260162738 ], [ -122.338442882550183, 47.616543968923892 ], [ -122.338431575024117, 47.616527852963429 ], [ -122.338422665316671, 47.616511067486208 ], [ -122.338416239233169, 47.616493774144963 ], [ -122.338412358660364, 47.616476139483616 ], [ -122.338411060970287, 47.616458333333334 ] ] ] } },
{ "type": "Feature", "properties": { "oas": "53-023571", "state": "WA", "city": "SEATTLE", "obstacle_type": "BLDG", "agl_ft": 433, "amsl_ft": 558, "lat": 47.616908333333335, "lon": -122.34346111111111 }, "geometry": { "type": "Polygon", "coordinates": [ [ [ -122.343191616525871, 47.616908333333335 ], [ -122.343192914215933, 47.616890527330227 ], [ -122.343196794788753, 47.616872892802682 ], [ -122.34320322087224, 47.616855599581108 ], [ -122.343212130579687, 47.61683881420911 ], [ -122.343223438105753, 47.616822698339526 ], [ -122.3432370345528, 47.61680740717771 ], [ -122.343252788979598, 47.616793087986693 ], [ -122.343270549662392, 47.61677987866895 ], [ -122.343290145556111, 47.616767906438326 ], [ -122.343311387941597, 47.61675728659484 ], [ -122.343334072243039, 47.616748121414226 ], [ -122.343357979998217, 47.616740499162979 ], [ -122.343382880962395, 47.616734493248245 ], [ -122.343408535325679, 47.616730161510816 ], [ -122.343434696022527, 47.616727545668105 ], [ -122.343461111111097, 47.616726670912385 ], [ -122.343487526199695, 47.616727545668105 ], [ -122.343513686896529, 47.616730161510816 ], [ -122.343539341259799, 47.616734493248245 ], [ -122.343564242223991, 47.616740499162979 ], [ -122.343588149979169, 47.616748121414226 ], [ -122.343610834280611, 47.61675728659484 ], [ -122.343632076666083, 47.616767906438326 ], [ -122.343651672559815, 47.61677987866895 ], [ -122.34366943324261, 47.616793087986693 ], [ -122.343685187669408, 47.61680740717771 ], [ -122.343698784116455, 47.616822698339526 ], [ -122.343710091642535, 47.61683881420911 ], [ -122.343719001349982, 47.616855599581108 ], [ -122.343725427433441, 47.616872892802682 ], [ -122.343729308006246, 47.616890527330227 ], [ -122.343730605696351, 47.616908333333335 ], [ -122.343729308006246, 47.616926139330381 ], [ -122.343725427433441, 47.616943773839957 ], [ -122.343719001349982, 47.616961067032371 ], [ -122.343710091642535, 47.616977852365132 ], [ -122.343698784116455, 47.61699396818689 ], [ -122.343685187669408, 47.617009259294143 ], [ -122.34366943324261, 47.617023578425965 ], [ -122.343651672559815, 47.617036787682139 ], [ -122.343632076666083, 47.617048759851194 ], [ -122.343610834280611, 47.617059379635485 ], [ -122.343588149979169, 47.617068544761537 ], [ -122.343564242223991, 47.617076166964956 ], [ -122.343539341259799, 47.617082172840455 ], [ -122.343513686896529, 47.61708650454873 ], [ -122.343487526199695, 47.617089120373471 ], [ -122.343461111111097, 47.617089995123131 ], [ -122.343434696022527, 47.617089120373471 ], [ -122.343408535325679, 47.61708650454873 ], [ -122.343382880962395, 47.617082172840455 ], [ -122.343357979998217, 47.617076166964956 ], [ -122.343334072243039, 47.617068544761537 ], [ -122.343311387941597, 47.617059379635485 ], [ -122.343290145556111, 47.617048759851194 ], [ -122.343270549662392, 47.617036787682139 ], [ -122.343252788979598, 47.617023578425965 ], [ -122.3432370345528, 47.617009259294143 ], [ -122.343223438105753, 47.61699396818689 ], [ -122.343212130579687, 47.616977852365132 ], [ -122.34320322087224, 47.616961067032371 ], [ -122.343196794788753, 47.616943773839957 ], [ -122.343192914215933, 47.616926139330381 ], [ -122.343191616525871, 47.616908333333335 ] ] ] } },
{ "type": "Feature", "properties": { "oas": "53-066704", "state": "WA", "city": "SEATTLE", "obstacle_type": "BLDG", "agl_ft": 440, "amsl_ft": 529, "lat": 47.617144444444442, "lon": -122.337225 }, "geometry": { "type": "Polygon", "coordinates": [ [ [ -122.336955505414792, 47.617144444444442 ], [ -122.336956803104869, 47.617126638521732 ], [ -122.336960683677674, 47.617109004073825 ], [ -122.336967109761133, 47.617091710930339 ], [ -122.33697601946858, 47.617074925634128 ], [ -122.336987326994674, 47.617058809837324 ], [ -122.337000923441707, 47.617043518744566 ], [ -122.337016677868519, 47.617029199618209 ], [ -122.337034438551285, 47.617015990360109 ], [ -122.337054034445032, 47.617004018183557 ], [ -122.337075276830504, 47.616993398388011 ], [ -122.337097961131946, 47.616984233248793 ], [ -122.337121868887152, 47.616976611031966 ], [ -122.337146769851316, 47.616970605144353 ], [ -122.337172424214614, 47.616966273426478 ], [ -122.33719858491142, 47.616963657595583 ], [ -122.337225, 47.616962782843807 ], [ -122.337251415088616, 47.616963657595583 ], [ -122.337277575785421, 47.616966273426478 ], [ -122.33730323014872, 47.616970605144353 ], [ -122.337328131112884, 47.616976611031966 ], [ -122.33735203886809, 47.616984233248793 ], [ -122.337374723169532, 47.616993398388011 ], [ -122.337395965555004, 47.617004018183557 ], [ -122.337415561448751, 47.617015990360109 ], [ -122.337433322131517, 47.617029199618209 ], [ -122.337449076558329, 47.617043518744566 ], [ -122.337462673005362, 47.617058809837324 ], [ -122.337473980531428, 47.617074925634128 ], [ -122.337482890238874, 47.617091710930339 ], [ -122.337489316322362, 47.617109004073825 ], [ -122.337493196895167, 47.617126638521732 ], [ -122.337494494585243, 47.617144444444442 ], [ -122.337493196895167, 47.617162250361069 ], [ -122.337489316322362, 47.617179884791028 ], [ -122.337482890238874, 47.617197177905346 ], [ -122.337473980531428, 47.617213963162307 ], [ -122.337462673005362, 47.617230078911291 ], [ -122.337449076558329, 47.617245369949494 ], [ -122.337433322131517, 47.617259689016656 ], [ -122.337415561448751, 47.61727289821318 ], [ -122.337395965555004, 47.617284870328177 ], [ -122.337374723169532, 47.617295490064514 ], [ -122.33735203886809, 47.617304655149177 ], [ -122.337328131112884, 47.617312277318184 ], [ -122.33730323014872, 47.617318283166554 ], [ -122.337277575785421, 47.617322614855269 ], [ -122.337251415088616, 47.617325230668207 ], [ -122.337225, 47.617326105413909 ], [ -122.33719858491142, 47.617325230668207 ], [ -122.337172424214614, 47.617322614855269 ], [ -122.337146769851316, 47.617318283166554 ], [ -122.337121868887152, 47.617312277318184 ], [ -122.337097961131946, 47.617304655149177 ], [ -122.337075276830504, 47.617295490064514 ], [ -122.337054034445032, 47.617284870328177 ], [ -122.337034438551285, 47.61727289821318 ], [ -122.337016677868519, 47.617259689016656 ], [ -122.337000923441707, 47.617245369949494 ], [ -122.336987326994674, 47.617230078911291 ], [ -122.33697601946858, 47.617213963162307 ], [ -122.336967109761133, 47.617197177905346 ], [ -122.336960683677674, 47.617179884791028 ], [ -122.336956803104869, 47.617162250361069 ], [ -122.336955505414792, 47.617144444444442 ] ] ] } },
{ "type": "Feature", "properties": { "oas": "53-023696", "state": "WA", "city": "SEATTLE", "obstacle_type": "BLDG", "agl_ft": 440, "amsl_ft": 578, "lat": 47.61716666666667, "lon": -122.33180555555555 }, "geometry": { "type": "Polygon", "coordinates": [ [ [ -122.331536060970279, 47.61716666666667 ], [ -122.331537358660384, 47.617148860751541 ], [ -122.331541239233189, 47.617131226311123 ], [ -122.331547665316663, 47.617113933174991 ], [ -122.331556575024109, 47.617097147885914 ], [ -122.331567882550203, 47.617081032095953 ], [ -122.331581478997222, 47.617065741009696 ], [ -122.33159723342402, 47.617051421889414 ], [ -122.331614994106815, 47.617038212636942 ], [ -122.331634590000547, 47.617026240465471 ], [ -122.331655832386019, 47.617015620674451 ], [ -122.331678516687461, 47.617006455539119 ], [ -122.331702424442639, 47.616998833325532 ], [ -122.331727325406831, 47.616992827440463 ], [ -122.33175297977013, 47.616988495724435 ], [ -122.331779140466949, 47.616985879894656 ], [ -122.331805555555533, 47.616985005143249 ], [ -122.331831970644103, 47.616985879894656 ], [ -122.331858131340951, 47.616988495724435 ], [ -122.33188378570425, 47.616992827440463 ], [ -122.331908686668413, 47.616998833325532 ], [ -122.331932594423591, 47.617006455539119 ], [ -122.331955278725033, 47.617015620674451 ], [ -122.331976521110533, 47.617026240465471 ], [ -122.331996117004238, 47.617038212636942 ], [ -122.332013877687032, 47.617051421889414 ], [ -122.332029632113844, 47.617065741009696 ], [ -122.332043228560877, 47.617081032095953 ], [ -122.332054536086943, 47.617097147885914 ], [ -122.33206344579439, 47.617113933174991 ], [ -122.332069871877891, 47.617131226311123 ], [ -122.332073752450697, 47.617148860751541 ], [ -122.332075050140773, 47.61716666666667 ], [ -122.332073752450697, 47.61718447257573 ], [ -122.332069871877891, 47.617202106998199 ], [ -122.33206344579439, 47.617219400105164 ], [ -122.332054536086943, 47.617236185354997 ], [ -122.332043228560877, 47.617252301097125 ], [ -122.332029632113844, 47.617267592128833 ], [ -122.332013877687032, 47.617281911189913 ], [ -122.331996117004238, 47.617295120380824 ], [ -122.331976521110533, 47.617307092490734 ], [ -122.331955278725033, 47.617317712222551 ], [ -122.331932594423591, 47.617326877303327 ], [ -122.331908686668413, 47.617334499469088 ], [ -122.33188378570425, 47.617340505314907 ], [ -122.331858131340951, 47.617344837001774 ], [ -122.331831970644103, 47.617347452813597 ], [ -122.331805555555533, 47.617348327558936 ], [ -122.331779140466949, 47.617347452813597 ], [ -122.33175297977013, 47.617344837001774 ], [ -122.331727325406831, 47.617340505314907 ], [ -122.331702424442639, 47.617334499469088 ], [ -122.331678516687461, 47.617326877303327 ], [ -122.331655832386019, 47.617317712222551 ], [ -122.331634590000547, 47.617307092490734 ], [ -122.331614994106815, 47.617295120380824 ], [ -122.33159723342402, 47.617281911189913 ], [ -122.331581478997222, 47.617267592128833 ], [ -122.331567882550203, 47.617252301097125 ], [ -122.331556575024109, 47.617236185354997 ], [ -122.331547665316663, 47.617219400105164 ], [ -122.331541239233189, 47.617202106998199 ], [ -122.331537358660384, 47.61718447257573 ], [ -122.331536060970279, 47.61716666666667 ] ] ] } },
{ "type": "Feature", "properties": { "oas": "53-132552", "state": "WA", "city": "SEATTLE", "obstacle_type": "BLDG", "agl_ft": 482, "amsl_ft": 612, "lat": 47.617419444444444, "lon": -122.334575 }, "geometry": { "type": "Polygon", "coordinates": [ [ [ -122.334305505414761, 47.617419444444444 ], [ -122.334306803104838, 47.617401638615391 ], [ -122.334310683677657, 47.617384004260231 ], [ -122.334317109761116, 47.617366711207708 ], [ -122.334326019468563, 47.617349925999768 ], [ -122.334337326994657, 47.617333810287732 ], [ -122.33435092344169, 47.617318519275393 ], [ -122.334366677868502, 47.617304200224339 ], [ -122.334384438551268, 47.617290991035716 ], [ -122.334404034445015, 47.617279018922126 ], [ -122.334425276830487, 47.617268399182443 ], [ -122.334447961131914, 47.617259234091421 ], [ -122.334471868887121, 47.617251611914689 ], [ -122.334496769851285, 47.61724560605866 ], [ -122.334522424214583, 47.617241274363565 ], [ -122.334548584911403, 47.617238658546434 ], [ -122.334575, 47.617237783799254 ], [ -122.334601415088585, 47.617238658546434 ], [ -122.334627575785404, 47.617241274363565 ], [ -122.334653230148703, 47.61724560605866 ], [ -122.334678131112867, 47.617251611914689 ], [ -122.334702038868073, 47.617259234091421 ], [ -122.334724723169515, 47.617268399182443 ], [ -122.334745965554987, 47.617279018922126 ], [ -122.334765561448691, 47.617290991035716 ], [ -122.3347833221315, 47.617304200224339 ], [ -122.334799076558312, 47.617318519275393 ], [ -122.334812673005345, 47.617333810287732 ], [ -122.334823980531411, 47.617349925999768 ], [ -122.334832890238857, 47.617366711207708 ], [ -122.334839316322345, 47.617384004260231 ], [ -122.33484319689515, 47.617401638615391 ], [ -122.334844494585226, 47.617419444444444 ], [ -122.33484319689515, 47.617437250267429 ], [ -122.334839316322345, 47.617454884604633 ], [ -122.334832890238857, 47.617472177628002 ], [ -122.334823980531411, 47.617488962796685 ], [ -122.334812673005345, 47.617505078460908 ], [ -122.334799076558312, 47.617520369418692 ], [ -122.3347833221315, 47.617534688410537 ], [ -122.334765561448691, 47.617547897537598 ], [ -122.334745965554987, 47.617559869589627 ], [ -122.334724723169515, 47.617570489270101 ], [ -122.334702038868073, 47.61757965430656 ], [ -122.334678131112867, 47.617587276435486 ], [ -122.334653230148703, 47.617593282252265 ], [ -122.334627575785404, 47.617597613918193 ], [ -122.334601415088585, 47.617600229717375 ], [ -122.334575, 47.617601104458473 ], [ -122.334548584911403, 47.617600229717375 ], [ -122.334522424214583, 47.617597613918193 ], [ -122.334496769851285, 47.617593282252265 ], [ -122.334471868887121, 47.617587276435486 ], [ -122.334447961131914, 47.61757965430656 ], [ -122.334425276830487, 47.617570489270101 ], [ -122.334404034445015, 47.617559869589627 ], [ -122.334384438551268, 47.617547897537598 ], [ -122.334366677868502, 47.617534688410537 ], [ -122.33435092344169, 47.617520369418692 ], [ -122.334337326994657, 47.617505078460908 ], [ -122.334326019468563, 47.617488962796685 ], [ -122.334317109761116, 47.617472177628002 ], [ -122.334310683677657, 47.617454884604633 ], [ -122.334306803104838, 47.617437250267429 ], [ -122.334305505414761, 47.617419444444444 ] ] ] } },
{ "type": "Feature", "properties": { "oas": "53-122423", "state": "WA", "city": "SEATTLE", "obstacle_type": "BLDG", "agl_ft": 440, "amsl_ft": 565, "lat": 47.618211111111108, "lon": -122.33385 }, "geometry": { "type": "Polygon", "coordinates": [ [ [ -122.333580505414773, 47.618211111111108 ], [ -122.333581803104849, 47.61819330555165 ], [ -122.333585683677654, 47.618175671463497 ], [ -122.333592109761128, 47.618158378672803 ], [ -122.333601019468574, 47.618141593719017 ], [ -122.333612326994668, 47.618125478250988 ], [ -122.333625923441687, 47.618110187470158 ], [ -122.333641677868513, 47.618095868635912 ], [ -122.33365943855128, 47.6180826596473 ], [ -122.333679034445012, 47.618070687714976 ], [ -122.333700276830484, 47.618060068136096 ], [ -122.333722961131926, 47.618050903183843 ], [ -122.333746868887133, 47.618043281122517 ], [ -122.333771769851296, 47.618037275357416 ], [ -122.333797424214595, 47.618032943727911 ], [ -122.333823584911414, 47.618030327950386 ], [ -122.33385, 47.618029453216458 ], [ -122.333876415088596, 47.618030327950386 ], [ -122.333902575785416, 47.618032943727911 ], [ -122.333928230148715, 47.618037275357416 ], [ -122.333953131112878, 47.618043281122517 ], [ -122.333977038868085, 47.618050903183843 ], [ -122.333999723169526, 47.618060068136096 ], [ -122.334020965554998, 47.618070687714976 ], [ -122.334040561448703, 47.6180826596473 ], [ -122.334058322131497, 47.618095868635912 ], [ -122.334074076558323, 47.618110187470158 ], [ -122.334087673005342, 47.618125478250988 ], [ -122.334098980531422, 47.618141593719017 ], [ -122.334107890238869, 47.618158378672803 ], [ -122.334114316322356, 47.618175671463497 ], [ -122.334118196895162, 47.61819330555165 ], [ -122.334119494585238, 47.618211111111108 ], [ -122.334118196895162, 47.618228916664499 ], [ -122.334114316322356, 47.618246550734689 ], [ -122.334107890238869, 47.61826384349623 ], [ -122.334098980531422, 47.618280628410766 ], [ -122.334087673005342, 47.618296743830975 ], [ -122.334074076558323, 47.618312034557242 ], [ -122.334058322131497, 47.618326353332286 ], [ -122.334040561448703, 47.618339562259337 ], [ -122.334020965554998, 47.618351534130099 ], [ -122.333999723169526, 47.618362153649777 ], [ -122.333977038868085, 47.618371318547467 ], [ -122.333953131112878, 47.61837894056098 ], [ -122.333928230148715, 47.618384946286831 ], [ -122.333902575785416, 47.618389277887175 ], [ -122.333876415088596, 47.618391893646738 ], [ -122.33385, 47.618392768374605 ], [ -122.333823584911414, 47.618391893646738 ], [ -122.333797424214595, 47.618389277887175 ], [ -122.333771769851296, 47.618384946286831 ], [ -122.333746868887133, 47.61837894056098 ], [ -122.333722961131926, 47.618371318547467 ], [ -122.333700276830484, 47.618362153649777 ], [ -122.333679034445012, 47.618351534130099 ], [ -122.33365943855128, 47.618339562259337 ], [ -122.333641677868513, 47.618326353332286 ], [ -122.333625923441687, 47.618312034557242 ], [ -122.333612326994668, 47.618296743830975 ], [ -122.333601019468574, 47.618280628410766 ], [ -122.333592109761128, 47.61826384349623 ], [ -122.333585683677654, 47.618246550734689 ], [ -122.333581803104849, 47.618228916664499 ], [ -122.333580505414773, 47.618211111111108 ] ] ] } },
{ "type": "Feature", "properties": { "oas": "53-023645", "state": "WA", "city": "SEATTLE", "obstacle_type": "BLDG", "agl_ft": 441, "amsl_ft": 521, "lat": 47.618944444444445, "lon": -122.33755555555555 }, "geometry": { "type": "Polygon", "coordinates": [ [ [ -122.337286060970328, 47.618944444444438 ], [ -122.33728735866039, 47.618926639134727 ], [ -122.33729123923321, 47.618909005293901 ], [ -122.337297665316669, 47.618891712745743 ], [ -122.337306575024115, 47.618874928027395 ], [ -122.337317882550209, 47.61885881278539 ], [ -122.337331478997243, 47.618843522219031 ], [ -122.337347233424055, 47.618829203585619 ], [ -122.337364994106821, 47.618815994782274 ], [ -122.337384590000568, 47.618804023017866 ], [ -122.33740583238604, 47.618793403587922 ], [ -122.337428516687481, 47.618784238764221 ], [ -122.337452424442674, 47.618776616809804 ], [ -122.337477325406851, 47.618770611128944 ], [ -122.337502979770136, 47.618766279560191 ], [ -122.337529140466955, 47.618763663819344 ], [ -122.337555555555554, 47.618762789097687 ], [ -122.337581970644152, 47.618763663819344 ], [ -122.337608131340957, 47.618766279560191 ], [ -122.337633785704256, 47.618770611128944 ], [ -122.337658686668419, 47.618776616809804 ], [ -122.337682594423597, 47.618784238764221 ], [ -122.337705278725068, 47.618793403587922 ], [ -122.33772652111054, 47.618804023017866 ], [ -122.337746117004258, 47.618815994782274 ], [ -122.337763877687053, 47.618829203585619 ], [ -122.337779632113865, 47.618843522219031 ], [ -122.337793228560898, 47.61885881278539 ], [ -122.337804536086963, 47.618874928027395 ], [ -122.33781344579441, 47.618891712745743 ], [ -122.337819871877898, 47.618909005293901 ], [ -122.337823752450703, 47.618926639134727 ], [ -122.337825050140779, 47.618944444444438 ], [ -122.337823752450703, 47.618962249748087 ], [ -122.337819871877898, 47.618979883570958 ], [ -122.33781344579441, 47.618997176089948 ], [ -122.337804536086963, 47.61901396076906 ], [ -122.337793228560898, 47.619030075963245 ], [ -122.337779632113865, 47.619045366475035 ], [ -122.337763877687053, 47.619059685049244 ], [ -122.337746117004258, 47.619072893791035 ], [ -122.33772652111054, 47.619084865493875 ], [ -122.337705278725068, 47.619095484864616 ], [ -122.337682594423597, 47.619104649633762 ], [ -122.337658686668419, 47.619112271540367 ], [ -122.337633785704256, 47.619118277181983 ], [ -122.337608131340957, 47.619122608721568 ], [ -122.337581970644152, 47.619125224444453 ], [ -122.337555555555554, 47.619126099160049 ], [ -122.337529140466955, 47.619125224444453 ], [ -122.337502979770136, 47.619122608721568 ], [ -122.337477325406851, 47.619118277181983 ], [ -122.337452424442674, 47.619112271540367 ], [ -122.337428516687481, 47.619104649633762 ], [ -122.33740583238604, 47.619095484864616 ], [ -122.337384590000568, 47.619084865493875 ], [ -122.337364994106821, 47.619072893791035 ], [ -122.337347233424055, 47.619059685049244 ], [ -122.337331478997243, 47.619045366475035 ], [ -122.337317882550209, 47.619030075963245 ], [ -122.337306575024115, 47.61901396076906 ], [ -122.337297665316669, 47.618997176089948 ], [ -122.33729123923321, 47.618979883570958 ], [ -122.33728735866039, 47.618962249748087 ], [ -122.337286060970328, 47.618944444444438 ] ] ] } },
{ "type": "Feature", "properties": { "oas": "53-106091", "state": "WA", "city": "SEATTLE", "obstacle_type": "BLDG", "agl_ft": 425, "amsl_ft": 553, "lat": 47.619019444444447, "lon": -122.33513611111111 }, "geometry": { "type": "Polygon", "coordinates": [ [ [ -122.334866616525872, 47.61901944444444 ], [ -122.334867914215948, 47.619001639160267 ], [ -122.334871794788754, 47.618984005344743 ], [ -122.334878220872227, 47.618966712821397 ], [ -122.334887130579673, 47.618949928127108 ], [ -122.334898438105768, 47.618933812908232 ], [ -122.334912034552787, 47.618918522363813 ], [ -122.334927788979599, 47.618904203750937 ], [ -122.334945549662379, 47.618890994966527 ], [ -122.334965145556112, 47.6188790232193 ], [ -122.334986387941584, 47.618868403804598 ], [ -122.335009072243025, 47.618859238994034 ], [ -122.335032979998232, 47.618851617050538 ], [ -122.335057880962395, 47.618845611378305 ], [ -122.335083535325694, 47.618841279815769 ], [ -122.335109696022514, 47.618838664078673 ], [ -122.335136111111098, 47.618837789358267 ], [ -122.335162526199696, 47.618838664078673 ], [ -122.335188686896515, 47.618841279815769 ], [ -122.335214341259814, 47.618845611378305 ], [ -122.335239242223977, 47.618851617050538 ], [ -122.335263149979184, 47.618859238994034 ], [ -122.335285834280612, 47.618868403804598 ], [ -122.335307076666098, 47.6188790232193 ], [ -122.33532667255983, 47.618890994966527 ], [ -122.335344433242597, 47.618904203750937 ], [ -122.335360187669409, 47.618918522363813 ], [ -122.335373784116442, 47.618933812908232 ], [ -122.335385091642507, 47.618949928127108 ], [ -122.335394001349954, 47.618966712821397 ], [ -122.335400427433441, 47.618984005344743 ], [ -122.335404308006261, 47.619001639160267 ], [ -122.335405605696337, 47.61901944444444 ], [ -122.335404308006261, 47.619037249722552 ], [ -122.335400427433441, 47.619054883520121 ], [ -122.335394001349954, 47.619072176014306 ], [ -122.335385091642507, 47.619088960669345 ], [ -122.335373784116442, 47.619105075840409 ], [ -122.335360187669409, 47.619120366330264 ], [ -122.335344433242597, 47.619134684883939 ], [ -122.33532667255983, 47.61914789360678 ], [ -122.335307076666098, 47.619159865292445 ], [ -122.335285834280612, 47.619170484647945 ], [ -122.335263149979184, 47.619179649403954 ], [ -122.335239242223977, 47.619187271299623 ], [ -122.335214341259814, 47.61919327693262 ], [ -122.335188686896515, 47.619197608466003 ], [ -122.335162526199696, 47.619200224185121 ], [ -122.335136111111098, 47.61920109889946 ], [ -122.335109696022514, 47.619200224185121 ], [ -122.335083535325694, 47.619197608466003 ], [ -122.335057880962395, 47.61919327693262 ], [ -122.335032979998232, 47.619187271299623 ], [ -122.335009072243025, 47.619179649403954 ], [ -122.334986387941584, 47.619170484647945 ], [ -122.334965145556112, 47.619159865292445 ], [ -122.334945549662379, 47.61914789360678 ], [ -122.334927788979599, 47.619134684883939 ], [ -122.334912034552787, 47.619120366330264 ], [ -122.334898438105768, 47.619105075840409 ], [ -122.334887130579673, 47.619088960669345 ], [ -122.334878220872227, 47.619072176014306 ], [ -122.334871794788754, 47.619054883520121 ], [ -122.334867914215948, 47.619037249722552 ], [ -122.334866616525872, 47.61901944444444 ] ] ] } },
{ "type": "Feature", "properties": { "oas": "53-000090", "state": "WA", "city": "SEATTLE", "obstacle_type": "MONUMENT", "agl_ft": 601, "amsl_ft": 741, "lat": 47.62050277777778, "lon": -122.34928333333333 }, "geometry": { "type": "Polygon", "coordinates": [ [ [ -122.349013838748078, 47.620502777777773 ], [ -122.349015136438183, 47.620484972998753 ], [ -122.349019017010988, 47.620467339683529 ], [ -122.349025443094462, 47.620450047650799 ], [ -122.349034352801908, 47.620433263432723 ], [ -122.349045660328002, 47.620417148671045 ], [ -122.349059256775021, 47.620401858560435 ], [ -122.349075011201819, 47.620387540353796 ], [ -122.349092771884614, 47.620374331944149 ], [ -122.349112367778346, 47.620362360536575 ], [ -122.349133610163818, 47.62035174142315 ], [ -122.34915629446526, 47.620342576872609 ], [ -122.349180202220438, 47.620334955145367 ], [ -122.34920510318463, 47.620328949643508 ], [ -122.3492307575479, 47.620324618203867 ], [ -122.349256918244748, 47.620322002540995 ], [ -122.349283333333332, 47.620321127845401 ], [ -122.349309748421902, 47.620322002540995 ], [ -122.34933590911875, 47.620324618203867 ], [ -122.349361563482049, 47.620328949643508 ], [ -122.349386464446212, 47.620334955145367 ], [ -122.34941037220139, 47.620342576872609 ], [ -122.349433056502832, 47.62035174142315 ], [ -122.349454298888332, 47.620362360536575 ], [ -122.349473894782037, 47.620374331944149 ], [ -122.349491655464831, 47.620387540353796 ], [ -122.349507409891629, 47.620401858560435 ], [ -122.349521006338676, 47.620417148671045 ], [ -122.349532313864742, 47.620433263432723 ], [ -122.349541223572189, 47.620450047650799 ], [ -122.34954764965569, 47.620467339683529 ], [ -122.349551530228496, 47.620484972998753 ], [ -122.349552827918572, 47.620502777777773 ], [ -122.349551530228496, 47.620520582550725 ], [ -122.34954764965569, 47.620538215848001 ], [ -122.349541223572189, 47.62055550785157 ], [ -122.349532313864742, 47.620572292030403 ], [ -122.349521006338676, 47.620588406744254 ], [ -122.349507409891629, 47.620603696800309 ], [ -122.349491655464831, 47.620618014947745 ], [ -122.349473894782037, 47.620631223295831 ], [ -122.349454298888332, 47.620643194641843 ], [ -122.349433056502832, 47.620653813696066 ], [ -122.34941037220139, 47.620662978192037 ], [ -122.349386464446212, 47.620670599871474 ], [ -122.349361563482049, 47.620676605334083 ], [ -122.34933590911875, 47.620680936744563 ], [ -122.349309748421902, 47.620683552389472 ], [ -122.349283333333332, 47.620684427078999 ], [ -122.349256918244748, 47.620683552389472 ], [ -122.3492307575479, 47.620680936744563 ], [ -122.34920510318463, 47.620676605334083 ], [ -122.349180202220438, 47.620670599871474 ], [ -122.34915629446526, 47.620662978192037 ], [ -122.349133610163818, 47.620653813696066 ], [ -122.349112367778346, 47.620643194641843 ], [ -122.349092771884614, 47.620631223295831 ], [ -122.349075011201819, 47.620618014947745 ], [ -122.349059256775021, 47.620603696800309 ], [ -122.349045660328002, 47.620588406744254 ], [ -122.349034352801908, 47.620572292030403 ], [ -122.349025443094462, 47.62055550785157 ], [ -122.349019017010988, 47.620538215848001 ], [ -122.349015136438183, 47.620520582550725 ], [ -122.349013838748078, 47.620502777777773 ] ] ] } },
{ "type": "Feature", "properties": { "oas": "53-000500", "state": "WA", "city": "SEATTLE", "obstacle_type": "TOWER", "agl_ft": 682, "amsl_ft": 1082, "lat": 47.615786111111113, "lon": -122.30834722222222 }, "geometry": { "type": "Polygon", "coordinates": [ [ [ -122.308077727636999, 47.615786111111106 ], [ -122.308079025327075, 47.61576830472584 ], [ -122.30808290589988, 47.615750669819818 ], [ -122.308089331983354, 47.615733376227091 ], [ -122.3080982416908, 47.615716590494827 ], [ -122.308109549216894, 47.615700474279372 ], [ -122.308123145663913, 47.615685182789363 ], [ -122.308138900090725, 47.615670863291015 ], [ -122.308156660773506, 47.61565765368978 ], [ -122.308176256667238, 47.615645681202203 ], [ -122.30819749905271, 47.615635061130781 ], [ -122.308220183354152, 47.615625895753467 ], [ -122.308244091109358, 47.615618273338626 ], [ -122.308268992073522, 47.615612267294985 ], [ -122.308294646436821, 47.615607935464588 ], [ -122.30832080713364, 47.615605319565738 ], [ -122.308347222222224, 47.615604444791238 ], [ -122.308373637310794, 47.615605319565738 ], [ -122.308399798007642, 47.615607935464588 ], [ -122.30842545237094, 47.615612267294985 ], [ -122.308450353335104, 47.615618273338626 ], [ -122.308474261090282, 47.615625895753467 ], [ -122.308496945391738, 47.615635061130781 ], [ -122.308518187777224, 47.615645681202203 ], [ -122.308537783670928, 47.61565765368978 ], [ -122.308555544353723, 47.615670863291015 ], [ -122.308571298780535, 47.615685182789363 ], [ -122.308584895227568, 47.615700474279372 ], [ -122.308596202753634, 47.615716590494827 ], [ -122.30860511246108, 47.615733376227091 ], [ -122.308611538544582, 47.615750669819818 ], [ -122.308615419117388, 47.61576830472584 ], [ -122.308616716807464, 47.615786111111106 ], [ -122.308615419117388, 47.615803917490311 ], [ -122.308611538544582, 47.615821552378371 ], [ -122.30860511246108, 47.61583884594193 ], [ -122.308596202753634, 47.61585563163495 ], [ -122.308584895227568, 47.615871747802601 ], [ -122.308571298780535, 47.615887039238039 ], [ -122.308555544353723, 47.615901358677185 ], [ -122.308537783670928, 47.615914568216859 ], [ -122.308518187777224, 47.615926540642874 ], [ -122.308496945391738, 47.615937160655086 ], [ -122.308474261090282, 47.615946325977845 ], [ -122.308450353335104, 47.61595394834486 ], [ -122.30842545237094, 47.61595995434925 ], [ -122.308399798007642, 47.615964286150493 ], [ -122.308373637310794, 47.615966902031388 ], [ -122.308347222222224, 47.61596777679982 ], [ -122.30832080713364, 47.615966902031388 ], [ -122.308294646436821, 47.615964286150493 ], [ -122.308268992073522, 47.61595995434925 ], [ -122.308244091109358, 47.61595394834486 ], [ -122.308220183354152, 47.615946325977845 ], [ -122.30819749905271, 47.615937160655086 ], [ -122.308176256667238, 47.615926540642874 ], [ -122.308156660773506, 47.615914568216859 ], [ -122.308138900090725, 47.615901358677185 ], [ -122.308123145663913, 47.615887039238039 ], [ -122.308109549216894, 47.615871747802601 ], [ -122.3080982416908, 47.61585563163495 ], [ -122.308089331983354, 47.61583884594193 ], [ -122.30808290589988, 47.615821552378371 ], [ -122.308079025327075, 47.615803917490311 ], [ -122.308077727636999, 47.615786111111106 ] ] ] } },
{ "type": "Feature", "properties": { "oas": "53-093810", "state": "WA", "city": "SEATTLE", "obstacle_type": "TOWER", "agl_ft": 639, "amsl_ft": 1049, "lat": 47.615861111111116, "lon": -122.30907222222221 }, "geometry": { "type": "Polygon", "coordinates": [ [ [ -122.308802727636987, 47.615861111111109 ], [ -122.308804025327063, 47.61584330475138 ], [ -122.308807905899869, 47.615825669870652 ], [ -122.308814331983342, 47.615808376302731 ], [ -122.308823241690789, 47.615791590594547 ], [ -122.308834549216883, 47.615775474402199 ], [ -122.308848145663902, 47.615760182934132 ], [ -122.308863900090728, 47.615745863456326 ], [ -122.308881660773494, 47.615732653874034 ], [ -122.308901256667227, 47.615720681403623 ], [ -122.308922499052699, 47.615710061347443 ], [ -122.30894518335414, 47.615700895983267 ], [ -122.308969091109347, 47.615693273579367 ], [ -122.308993992073511, 47.615687267544345 ], [ -122.309019646436809, 47.615682935720152 ], [ -122.309045807133629, 47.61568031982506 ], [ -122.309072222222227, 47.615679445051811 ], [ -122.309098637310797, 47.61568031982506 ], [ -122.30912479800763, 47.615682935720152 ], [ -122.309150452370929, 47.615687267544345 ], [ -122.309175353335092, 47.615693273579367 ], [ -122.309199261090271, 47.615700895983267 ], [ -122.309221945391741, 47.615710061347443 ], [ -122.309243187777213, 47.615720681403623 ], [ -122.309262783670917, 47.615732653874034 ], [ -122.309280544353712, 47.615745863456326 ], [ -122.309296298780538, 47.615760182934132 ], [ -122.309309895227557, 47.615775474402199 ], [ -122.309321202753637, 47.615791590594547 ], [ -122.309330112461083, 47.615808376302731 ], [ -122.309336538544571, 47.615825669870652 ], [ -122.309340419117376, 47.61584330475138 ], [ -122.309341716807452, 47.615861111111109 ], [ -122.309340419117376, 47.615878917464769 ], [ -122.309336538544571, 47.615896552327541 ], [ -122.309330112461083, 47.615913845866295 ], [ -122.309321202753637, 47.615930631535242 ], [ -122.309309895227557, 47.615946747679772 ], [ -122.309296298780538, 47.615962039093276 ], [ -122.309280544353712, 47.61597635851188 ], [ -122.309262783670917, 47.615989568032617 ], [ -122.309243187777213, 47.616001540441445 ], [ -122.309221945391741, 47.616012160438437 ], [ -122.309199261090271, 47.616021325748051 ], [ -122.309175353335092, 47.61602894810413 ], [ -122.309150452370929, 47.616034954099909 ], [ -122.30912479800763, 47.616039285894935 ], [ -122.309098637310797, 47.616041901772071 ], [ -122.309072222222227, 47.616042776539253 ], [ -122.309045807133629, 47.616041901772071 ], [ -122.309019646436809, 47.616039285894935 ], [ -122.308993992073511, 47.616034954099909 ], [ -122.308969091109347, 47.61602894810413 ], [ -122.30894518335414, 47.616021325748051 ], [ -122.308922499052699, 47.616012160438437 ], [ -122.308901256667227, 47.616001540441445 ], [ -122.308881660773494, 47.615989568032617 ], [ -122.308863900090728, 47.61597635851188 ], [ -122.308848145663902, 47.615962039093276 ], [ -122.308834549216883, 47.615946747679772 ], [ -122.308823241690789, 47.615930631535242 ], [ -122.308814331983342, 47.615913845866295 ], [ -122.308807905899869, 47.615896552327541 ], [ -122.308804025327063, 47.615878917464769 ], [ -122.308802727636987, 47.615861111111109 ] ] ] } },
{ "type": "Feature", "properties": { "oas": "53-097890", "state": "WA", "city": "SEATTLE", "obstacle_type": "BLDG", "agl_ft": 440, "amsl_ft": 582, "lat": 47.617138888888888, "lon": -122.33034722222222 }, "geometry": { "type": "Polygon", "coordinates": [ [ [ -122.33007772763699, 47.617138888888874 ], [ -122.330079025327066, 47.617121082964282 ], [ -122.330082905899872, 47.617103448514499 ], [ -122.330089331983345, 47.617086155369179 ], [ -122.330098241690791, 47.617069370071185 ], [ -122.330109549216886, 47.617053254272669 ], [ -122.330123145663904, 47.617037963178284 ], [ -122.330138900090731, 47.617023644050398 ], [ -122.330156660773497, 47.617010434790899 ], [ -122.330176256667229, 47.616998462613076 ], [ -122.330197499052701, 47.616987842816407 ], [ -122.330220183354143, 47.616978677676215 ], [ -122.33024409110935, 47.616971055458578 ], [ -122.330268992073513, 47.616965049570318 ], [ -122.330294646436812, 47.616960717851988 ], [ -122.330320807133631, 47.61695810202081 ], [ -122.33034722222223, 47.616957227268948 ], [ -122.330373637310785, 47.61695810202081 ], [ -122.330399798007633, 47.616960717851988 ], [ -122.330425452370932, 47.616965049570318 ], [ -122.330450353335095, 47.616971055458578 ], [ -122.330474261090274, 47.616978677676215 ], [ -122.330496945391744, 47.616987842816407 ], [ -122.330518187777216, 47.616998462613076 ], [ -122.33053778367092, 47.617010434790899 ], [ -122.330555544353714, 47.617023644050398 ], [ -122.330571298780541, 47.617037963178284 ], [ -122.33058489522756, 47.617053254272669 ], [ -122.33059620275364, 47.617069370071185 ], [ -122.330605112461086, 47.617086155369179 ], [ -122.330611538544574, 47.617103448514499 ], [ -122.330615419117379, 47.617121082964282 ], [ -122.330616716807455, 47.617138888888874 ], [ -122.330615419117379, 47.617156694807399 ], [ -122.330611538544574, 47.617174329239234 ], [ -122.330605112461086, 47.617191622355392 ], [ -122.33059620275364, 47.617208407614136 ], [ -122.33058489522756, 47.617224523364833 ], [ -122.330571298780541, 47.617239814404662 ], [ -122.330555544353714, 47.617254133473338 ], [ -122.33053778367092, 47.617267342671276 ], [ -122.330518187777216, 47.617279314787545 ], [ -122.330496945391744, 47.617289934525004 ], [ -122.330474261090274, 47.617299099610641 ], [ -122.330450353335095, 47.617306721780452 ], [ -122.330425452370932, 47.617312727629468 ], [ -122.330399798007633, 47.617317059318637 ], [ -122.330373637310785, 47.617319675131853 ], [ -122.33034722222223, 47.617320549877654 ], [ -122.330320807133631, 47.617319675131853 ], [ -122.330294646436812, 47.617317059318637 ], [ -122.330268992073513, 47.617312727629468 ], [ -122.33024409110935, 47.617306721780452 ], [ -122.330220183354143, 47.617299099610641 ], [ -122.330197499052701, 47.617289934525004 ], [ -122.330176256667229, 47.617279314787545 ], [ -122.330156660773497, 47.617267342671276 ], [ -122.330138900090731, 47.617254133473338 ], [ -122.330123145663904, 47.617239814404662 ], [ -122.330109549216886, 47.617224523364833 ], [ -122.330098241690791, 47.617208407614136 ], [ -122.330089331983345, 47.617191622355392 ], [ -122.330082905899872, 47.617174329239234 ], [ -122.330079025327066, 47.617156694807399 ], [ -122.33007772763699, 47.617138888888874 ] ] ] } },
{ "type": "Feature", "properties": { "oas": "53-000033", "state": "WA", "city": "SEATTLE", "obstacle_type": "TOWER", "agl_ft": 573, "amsl_ft": 1008, "lat": 47.631666666666668, "lon": -122.35083333333333 }, "geometry": { "type": "Polygon", "coordinates": [ [ [ -122.350563838748073, 47.631666666666661 ], [ -122.350565136438149, 47.631648865689982 ], [ -122.350569017010969, 47.631631236140457 ], [ -122.350575443094456, 47.631613947800545 ], [ -122.350584352801903, 47.631597167166852 ], [ -122.350595660327969, 47.631581055846574 ], [ -122.350609256775016, 47.63156576900127 ], [ -122.350625011201814, 47.631551453852381 ], [ -122.350642771884608, 47.631538248263467 ], [ -122.350662367778327, 47.631526279412462 ], [ -122.350683610163813, 47.631515662566819 ], [ -122.350706294465255, 47.631506499973419 ], [ -122.350730202220433, 47.631498879873845 ], [ -122.350755103184611, 47.631492875654502 ], [ -122.350780757547895, 47.63148854513986 ], [ -122.350806918244743, 47.631485930035574 ], [ -122.350833333333313, 47.631485055526788 ], [ -122.350859748421911, 47.631485930035574 ], [ -122.350885909118745, 47.63148854513986 ], [ -122.350911563482015, 47.631492875654502 ], [ -122.350936464446207, 47.631498879873845 ], [ -122.350960372201385, 47.631506499973419 ], [ -122.350983056502827, 47.631515662566819 ], [ -122.351004298888299, 47.631526279412462 ], [ -122.351023894782031, 47.631538248263467 ], [ -122.351041655464826, 47.631551453852381 ], [ -122.351057409891624, 47.63156576900127 ], [ -122.351071006338671, 47.631581055846574 ], [ -122.351082313864751, 47.631597167166852 ], [ -122.351091223572197, 47.631613947800545 ], [ -122.351097649655657, 47.631631236140457 ], [ -122.351101530228462, 47.631648865689982 ], [ -122.351102827918567, 47.631666666666661 ], [ -122.351101530228462, 47.631684467637278 ], [ -122.351097649655657, 47.631702097168855 ], [ -122.351091223572197, 47.631719385479592 ], [ -122.351082313864751, 47.631736166074049 ], [ -122.351071006338671, 47.631752277346493 ], [ -122.351057409891624, 47.631767564137249 ], [ -122.351041655464826, 47.631781879226942 ], [ -122.351023894782031, 47.631795084754287 ], [ -122.351004298888299, 47.631807053543739 ], [ -122.350983056502827, 47.631817670330186 ], [ -122.350960372201385, 47.631826832869017 ], [ -122.350936464446207, 47.631834452920778 ], [ -122.350911563482015, 47.631840457100886 ], [ -122.350885909118745, 47.63184478758636 ], [ -122.350859748421911, 47.63184740267269 ], [ -122.350833333333313, 47.631848277175415 ], [ -122.350806918244743, 47.63184740267269 ], [ -122.350780757547895, 47.63184478758636 ], [ -122.350755103184611, 47.631840457100886 ], [ -122.350730202220433, 47.631834452920778 ], [ -122.350706294465255, 47.631826832869017 ], [ -122.350683610163813, 47.631817670330186 ], [ -122.350662367778327, 47.631807053543739 ], [ -122.350642771884608, 47.631795084754287 ], [ -122.350625011201814, 47.631781879226942 ], [ -122.350609256775016, 47.631767564137249 ], [ -122.350595660327969, 47.631752277346493 ], [ -122.350584352801903, 47.631736166074049 ], [ -122.350575443094456, 47.631719385479592 ], [ -122.350569017010969, 47.631702097168855 ], [ -122.350565136438149, 47.631684467637278 ], [ -122.350563838748073, 47.631666666666661 ] ] ] } },
{ "type": "Feature", "properties": { "oas": "53-000053", "state": "WA", "city": "SEATTLE", "obstacle_type": "TOWER", "agl_ft": 564, "amsl_ft": 1015, "lat": 47.632152777777776, "lon": -122.35396388888888 }, "geometry": { "type": "Polygon", "coordinates": [ [ [ -122.353694394303673, 47.632152777777776 ], [ -122.35369569199375, 47.632134976966668 ], [ -122.353699572566555, 47.632117347581136 ], [ -122.353705998650014, 47.632100059402042 ], [ -122.35371490835746, 47.632083278924426 ], [ -122.353726215883555, 47.632067167754023 ], [ -122.353739812330588, 47.632051881050913 ], [ -122.353755566757371, 47.63203756603518 ], [ -122.353773327440166, 47.632024360569098 ], [ -122.353792923333913, 47.63201239182942 ], [ -122.353814165719385, 47.632001775082543 ], [ -122.353836850020826, 47.631992612574372 ], [ -122.353860757776005, 47.631984992545668 ], [ -122.353885658740197, 47.631978988382173 ], [ -122.353911313103495, 47.631974657907811 ], [ -122.3539374738003, 47.631972042827861 ], [ -122.353963888888899, 47.631971168327205 ], [ -122.353990303977469, 47.631972042827861 ], [ -122.354016464674302, 47.631974657907811 ], [ -122.354042119037601, 47.631978988382173 ], [ -122.354067020001764, 47.631984992545668 ], [ -122.354090927756943, 47.631992612574372 ], [ -122.354113612058413, 47.632001775082543 ], [ -122.354134854443885, 47.63201239182942 ], [ -122.354154450337603, 47.632024360569098 ], [ -122.354172211020398, 47.63203756603518 ], [ -122.35418796544721, 47.632051881050913 ], [ -122.354201561894243, 47.632067167754023 ], [ -122.354212869420309, 47.632083278924426 ], [ -122.354221779127755, 47.632100059402042 ], [ -122.354228205211243, 47.632117347581136 ], [ -122.354232085784048, 47.632134976966668 ], [ -122.354233383474124, 47.632152777777776 ], [ -122.354232085784048, 47.632170578582816 ], [ -122.354228205211243, 47.632188207950392 ], [ -122.354221779127755, 47.632205496100326 ], [ -122.354212869420309, 47.632222276538691 ], [ -122.354201561894243, 47.632238387661275 ], [ -122.35418796544721, 47.63225367430983 ], [ -122.354172211020398, 47.632267989266367 ], [ -122.354154450337603, 47.632281194670881 ], [ -122.354134854443885, 47.632293163349004 ], [ -122.354113612058413, 47.632303780036686 ], [ -122.354090927756943, 47.632312942490294 ], [ -122.354067020001764, 47.632320562471179 ], [ -122.354042119037601, 47.632326566595431 ], [ -122.354016464674302, 47.632330897040625 ], [ -122.353990303977469, 47.632333512102633 ], [ -122.353963888888899, 47.632334386597222 ], [ -122.3539374738003, 47.632333512102633 ], [ -122.353911313103495, 47.632330897040625 ], [ -122.353885658740197, 47.632326566595431 ], [ -122.353860757776005, 47.632320562471179 ], [ -122.353836850020826, 47.632312942490294 ], [ -122.353814165719385, 47.632303780036686 ], [ -122.353792923333913, 47.632293163349004 ], [ -122.353773327440166, 47.632281194670881 ], [ -122.353755566757371, 47.632267989266367 ], [ -122.353739812330588, 47.63225367430983 ], [ -122.353726215883555, 47.632238387661275 ], [ -122.35371490835746, 47.632222276538691 ], [ -122.353705998650014, 47.632205496100326 ], [ -122.353699572566555, 47.632188207950392 ], [ -122.35369569199375, 47.632170578582816 ], [ -122.353694394303673, 47.632152777777776 ] ] ] } },
{ "type": "Feature", "properties": { "oas": "53-000036", "state": "WA", "city": "SEATTLE", "obstacle_type": "TOWER", "agl_ft": 616, "amsl_ft": 1018, "lat": 47.633005555555556, "lon": -122.35657777777777 }, "geometry": { "type": "Polygon", "coordinates": [ [ [ -122.356308283192519, 47.633005555555563 ], [ -122.356309580882623, 47.632987755034939 ], [ -122.356313461455429, 47.632970125937078 ], [ -122.356319887538888, 47.632952838040097 ], [ -122.356328797246348, 47.632936057836318 ], [ -122.356340104772414, 47.63291994692883 ], [ -122.356353701219462, 47.632904660475162 ], [ -122.356369455646259, 47.632890345693028 ], [ -122.356387216329054, 47.632877140442439 ], [ -122.356406812222787, 47.632865171898068 ], [ -122.356428054608259, 47.632854555324428 ], [ -122.3564507389097, 47.632845392965777 ], [ -122.356474646664878, 47.632837773061425 ], [ -122.35649954762907, 47.632831768995914 ], [ -122.356525201992341, 47.632827438592216 ], [ -122.356551362689189, 47.632824823554934 ], [ -122.356577777777773, 47.632823949068545 ], [ -122.356604192866342, 47.632824823554934 ], [ -122.35663035356319, 47.632827438592216 ], [ -122.356656007926489, 47.632831768995914 ], [ -122.356680908890652, 47.632837773061425 ], [ -122.356704816645831, 47.632845392965777 ], [ -122.356727500947272, 47.632854555324428 ], [ -122.356748743332773, 47.632865171898068 ], [ -122.356768339226477, 47.632877140442439 ], [ -122.356786099909272, 47.632890345693028 ], [ -122.356801854336069, 47.632904660475162 ], [ -122.356815450783117, 47.63291994692883 ], [ -122.356826758309182, 47.632936057836318 ], [ -122.356835668016629, 47.632952838040097 ], [ -122.356842094100116, 47.632970125937078 ], [ -122.356845974672936, 47.632987755034939 ], [ -122.356847272363012, 47.633005555555563 ], [ -122.356845974672936, 47.633023356070119 ], [ -122.356842094100116, 47.633040985150025 ], [ -122.356835668016629, 47.633058273017838 ], [ -122.356826758309182, 47.633075053182374 ], [ -122.356815450783117, 47.633091164042057 ], [ -122.356801854336069, 47.633106450441154 ], [ -122.356786099909272, 47.633120765164094 ], [ -122.356768339226477, 47.633133970353121 ], [ -122.356748743332773, 47.633145938835931 ], [ -122.356727500947272, 47.633156555350375 ], [ -122.356704816645831, 47.633165717654471 ], [ -122.356680908890652, 47.633173337511003 ], [ -122.356656007926489, 47.633179341537279 ], [ -122.35663035356319, 47.633183671911809 ], [ -122.356604192866342, 47.633186286931135 ], [ -122.356577777777773, 47.633187161411456 ], [ -122.356551362689189, 47.633186286931135 ], [ -122.356525201992341, 47.633183671911809 ], [ -122.35649954762907, 47.633179341537279 ], [ -122.356474646664878, 47.633173337511003 ], [ -122.3564507389097, 47.633165717654471 ], [ -122.356428054608259, 47.633156555350375 ], [ -122.356406812222787, 47.633145938835931 ], [ -122.356387216329054, 47.633133970353121 ], [ -122.356369455646259, 47.633120765164094 ], [ -122.356353701219462, 47.633106450441154 ], [ -122.356340104772414, 47.633091164042057 ], [ -122.356328797246348, 47.633075053182374 ], [ -122.356319887538888, 47.633058273017838 ], [ -122.356313461455429, 47.633040985150025 ], [ -122.356309580882623, 47.633023356070119 ], [ -122.356308283192519, 47.633005555555563 ] ] ] } }
]
}
